clean_title,title,postings,adverts,companies,job_family,coherence,median_salary,salaried_adverts,remote_pct,rep_job_link,rep_company,summary
software engineer,Software Engineer,3932,3221,1524,engineering,0.636,155000.0,859,5.3,https://www.linkedin.com/jobs/view/senior-software-engineer-at-ust-3804730561,UST,"Job Description
Senior Software Engineer
Developer III - Software Engineering
Who We Are
Born digital, UST transforms lives through the power of technology. We walk alongside our clients and partners, embedding innovation and agility into everything they do. We help them create transformative experiences and human-centered solutions for a better world.
UST is a mission-driven group of over 39,000+ practical problem solvers and creative thinkers in over 30+ countries. Our entrepreneurial teams are empowered to innovate, act nimbly, and create a lasting and sustainable impact for our clients, their customers, and the communities in which we live.
With us, you’ll create a boundless impact that transforms your career—and the lives of people across the world.
Visit us at UST.com .
You Are
UST is searching for a Senior Software Engineer who will independently develop error-free code with high-quality validation of applications, guide other developers, and assist Lead 1 – Software Engineering.
The Opportunity
Understand the application features and component design and develop the same in accordance with user stories/requirements.
Code debug test document, and communicate product/component/feature development stages.
Develop optimized code with appropriate approaches and algorithms following standards and security guidelines independently
Effectively interact with customers and articulate their input
Optimise efficiency cost and quality by identifying opportunities for automation/process improvements and agile delivery models
Mentor Developer I – Software Engineering to become more effective in their role
Learn technology business domain and system domain as recommended by the project/account
This position description identifies the responsibilities and tasks typically associated with the performance of the position. Other relevant essential functions may be required.
What You Need
Mandatory Skill - .Net,Microservices,Asp.Net.
Candidate with good experience in Microsoft.Ne"
business analyst,Business Analyst,2137,1955,1053,product,0.681,101005.0,290,5.2,https://www.linkedin.com/jobs/view/business-analyst-at-diverse-lynx-3782508243,Diverse Lynx,"Role: Business Analyst
Mount Laurel, New Jersey
Job type: Full time
Play the role of a Business Analyst for project(s)/work stream(s) within Wealth Management
End to end delivery of book of work within the assigned project(s)/work stream(s), in agile methodology
Requirements Engineering involving analyzing problem at hand, writing user stories and other documents, walkthrough of requirements for development and testing team, assisting business in UAT and act as a single point of contact for business stakeholders
Liaise with business, other vendor teams and stakeholders
Play a key role in ensuring delivery is on time and of high quality as per agreed SLAs
Expected to be part of complex, large scale project or medium complex program
Job Details:
Domain Experience
Relevant business analysis experience within Investment Banking/ Wealth Management
Understanding of the products – Advisory, Brokerage, Banking, Credit, Insurance, Trust, etc.
KYC, AML and customer onboarding
Understanding of Trade Operations i.e. Straight through Processing, Order Management Systems etc.
Business Analysis Experience
Experience of writing user stories, business requirements, presentations to explain and discuss issues/solutions
Comfortable with Databases, Data Models, adept in writing SQL queries, working with tables, extracts
Effective stakeholder management, experience in facing senior business stakeholders, and ability to engage with functional experts from other departments of the bank
Project Execution Experience
Experience of Agile execution methods, with experience in writing user stories, working with tools like JIRA, Confluence, Odyssey
Experience running defect triages, Prioritization calls, backlog refinement, solution design meetings
Job Details:
Domain Experience
Relevant business analysis experience within Investment Banking/ Wealth Management
Understanding of the products – Advisory, Brokerage, Banking, Credit, Insurance, Trust, etc.
KYC, AML and customer onboarding
Understandi"
systems engineer,Systems Engineer,1666,1421,624,devops,0.668,130517.0,317,3.4,https://www.linkedin.com/jobs/view/experienced-systems-engineers-at-jobs-for-humanity-3792911935,Jobs for Humanity,"Job Description
Experienced Systems Engineers - Join our Team!
We are currently seeking Experienced Systems Engineers to join our team at L3Harris' Communication Systems segment. This position is based in Salt Lake City, UT.
About The Role
As a Systems Engineer, you will be responsible for designing and architecting communications systems and providing technical leadership for DoD programs. Your role will involve supporting the entire lifecycle of these systems, from development to deployment and ongoing support. This includes tasks such as customer briefings, proposal writing, requirements management, technical documentation, project management, and system integration.
Responsibilities
Lead and manage key engineering tasks for projects/programs
Analyze and assign requirements, ensuring traceability to customer specifications
Create design documentation, test plans, and procedures
Ensure technical performance and quality
Present design reviews to internal and external stakeholders
Assist in project planning, risk management, and subcontract control
Lead or assist in managing a team of design engineers
Participate in system integration, verification, and qualification events
Contribute to new business development pursuits and technical capability demonstrations
Requirements
Bachelor's Degree and at least 4 years of relevant experience (or equivalent experience)
Preferred Qualifications
Top Secret or TS/SCI security clearance
Experience in product development, particularly in a military application environment
Experience in networking systems and lab work
Leadership skills and ability to guide technical direction
Understanding of communication theory and knowledge of digital design, RF design, mechanical design, network design, or software design
Active Secret or Top Secret US DoD clearance, or ability to obtain one
Experience in LTE, 4G, and 5G systems
Strong skills in requirements management, risk management, and project planning
Excellent communication and presenta"
network engineer,Network Engineer,1426,908,574,network_infra,0.705,124800.0,153,5.8,https://www.linkedin.com/jobs/view/senior-network-engineer-at-latitude-inc-3790967208,Latitude Inc,"Duties:
Design and deploy functional networks (LAN, WLAN, WAN)
Configure and install software, servers, routers and other network devices
Monitor network performance and integrity
Resolve issues tiers of support have escalated by troubleshooting cloud and local infrastructure
Automate tasks and monitor their effectiveness
Mentor team members on technical issues
Create, oversee and test security measures (e.g. access authentication and disaster recovery)
Communicate with users when needed
Maintain complete technical documentation
Suggest improvements to network performance, capacity and scalability
Qualifications:
Industry-related experience as a Senior Network Engineer
Professional certification (e.g. CCNP, CCDP)
Solid background in network administration and architecture
In-depth understanding of communication protocols (mainly TCP/IP) and routing protocols (e.g. BGP, OSPF)
Familiarity with access control models and network security
Firewall familiarity
Knowledge of switches
Knowledge of routers
Solid understanding of network operating systems (JUNOS, Cisco IOS)
Sharp troubleshooting skills
Ability to work independently
Organizational and mentoring skills
BSc/BA in Computer Science, Engineering or a related field
Powered by JazzHR
cdYkxpDFXT
Show more
Show less"
data engineer,Data Engineer,1079,786,476,data,0.719,145250.0,195,5.4,https://www.linkedin.com/jobs/view/sr-data-engineer-at-verisk-3694894346,Verisk,"Company Description
We help the world see new possibilities and inspire change for better tomorrows. Our analytic solutions bridge content, data, and analytics to help business, people, and society become stronger, more resilient, and sustainable.
Job Description
We are looking for a savvy Data Engineer to join our growing team of analytics experts. The hire will be responsible for expanding and optimizing our data pipeline architecture. The ideal candidate is an experienced data pipeline builder and data wrangler with strong experience in handling data at scale. The Data Engineer will support our software developers, data analysts and data scientists on various data initiatives.
This role is based in our Jersey City, NJ global headquarters which has a very flexible hybrid work model with 2-3 days in-office and 2-3 days remote.
Why this role
This is a highly visible role within the enterprise data lake team. Working within our Data group and business analysts, you will be responsible for leading creation of data architecture that produces our data assets to enable our data platform. This role requires working closely with business leaders, architects, engineers, data scientists and wide range of stakeholders throughout the organization to build and execute our strategic data architecture vision.
Job Duties
Extensive understanding of SQL queries. Ability to fine tune queries based on various RDBMS performance parameters such as indexes, partitioning, Explain plans and cost optimizers.
Build the infrastructure required for optimal extraction, transformation, and loading of data from a wide variety of data sources using SQL and AWS technologies stack
Build analytics tools that utilize the data pipeline to provide actionable insights into customer acquisition, operational efficiency and other key business performance metrics.
Working with data scientists and industry leaders to understand data needs and design appropriate data models.
Participate in the design and devel"
data analyst,Data Analyst,772,612,426,data,0.675,107500.0,116,8.4,https://uk.linkedin.com/jobs/view/senior-data-analyst-at-in-technology-group-3792125708,In Technology Group,"Job Role: Senior Data Analyst
Location:
Irlam
Salary:
£60,000 DOE
The successful applicant will be responsible for developing and maintaining the data analysis strategy. This is a very exciting opportunity for someone to trailblaze Data and Data Engineering within this company.
Responsibilities:
Work closely with C-Suite and Managers to map out the roadmap
Develop and maintain the data analysis strategy for the organisation
Provide data analysis expertise to the organisation
Establish and maintain data flows and processes
Analyse large data sets to identify trends and anomalies
Develop data models to support decision making
Monitor and analyse data to identify opportunities for improvement
Develop reports and visualisations to support decision making
Design and develop databases and data warehouses
You will eventually manage a team of Data SpecialistsRequired Skills:
The succesful Senior Data Analyst will have proven experience in a similar role (6+ years)
Experience in data modelling
Experience in developing data warehouses
Expertise in SQL and database design
Power BI
Advanced Excel skills
Stakeholder experienceThe successful candidate will have excellent problem-solving skills, and interpersonal skills in order to collaborate with senior stakeholders and other members of the team.
If you are interested in this role, please apply for immediate consideration and interview, and to receive further details about the role.
Keywords: Lead Data Analyst, Data Analysis, Data Modelling, Data Warehousing, SQL, T-SQL, Database Design, Data Visualisation, Power BI, Excel, SSRS, SSIS
In Technology Group Ltd is acting as an Employment Agency in relation to this vacancy
Show more
Show less"
systems administrator,Systems Administrator,667,640,381,network_infra,0.698,95000.0,156,3.1,https://www.linkedin.com/jobs/view/system-administrator-at-united-enertech-corp-3803338483,United Enertech Corp.,"Job Summary:
At United Enertech, our success depends on IT systems. We are currently seeking an experienced Systems Administrator who is driven to grow and implement systems and networks to accommodate company growth. This person will protect our critical systems and assets, build solutions, implement new software and hardware, provide training, and assist in developing the overall IT strategy. He or she will take on challenging assignments, lead initiatives, and be responsible for results. The ideal candidate is passionate about applying skills and expertise to provide cost-effect solutions to meet business requirements.
Objectives of this role:
Maintain essential IT infrastructure, including operating systems, security tools, applications, servers, email systems, laptops, desktops, software, and hardware.
Take responsibility for projects and solutions within the larger business initiative.
Handle business-critical IT tasks and systems that allow the business to operate effectively.
Enable faster and smarter business processes and develop analytics for meaningful insights.
Work with internal and external partners to communicate project status, activities, and achievements.
Accomplish daily tasks and projects by being a team player.
Duties / Responsibilities:
Perform server administration tasks (ex: user/group, security permissions, group policies, print services); research event-log warnings and errors; and monitor resources to ensure that systems architecture components work together seamlessly.
Manage cloud services to ensure correct configuration for uptime and best practices.
Monitor systems and network health using existing management tools and respond to hardware issues as they arise; help build, test, and maintain new servers when needed.
Maintain internal infrastructure requirements, including laptop and desktop computers, servers, routers, switches, firewalls, printers, phones, security updates, support internet, intranet, LANs, WANs, and network segments."
"software engineer, fullstack","Software Engineer, Fullstack",641,239,17,engineering,0.866,179650.0,131,0.5,https://www.linkedin.com/jobs/view/lead-software-engineer-full-stack-java-python-aws-at-jobs-for-humanity-3804052789,Jobs for Humanity,"Company Description
Jobs for Humanity is partnering with Capital One to build an inclusive and just employment ecosystem. Therefore, we prioritize individuals coming from the following communities: Refugee, Neurodivergent, Single Parent, Blind or Low Vision, Deaf or Hard of Hearing, Black, Hispanic, Asian, Military Veterans, the Elderly, the LGBTQ, and Justice Impacted individuals. This position is open to candidates who reside in and have the legal right to work in the country where the job is located.
Company Name: Capital One
Job Description
Center 1 (19052), United States of America, McLean, Virginia
Lead Software Engineer, Full Stack (Java, Python, AWS)
Job Description
Do you love building and pioneering in the technology space? Do you enjoy solving complex business problems in a fast-paced, collaborative, inclusive, and iterative delivery environment? At Capital One, you'll be part of a big group of makers, breakers, doers and disruptors, who solve real problems and meet real customer needs. We are seeking Full Stack Software Engineers who are passionate about marrying data with emerging technologies. As a Capital One Lead Software Engineer, you’ll have the opportunity to be on the forefront of driving a major transformation within Capital One.
What You’ll Do:
Lead a portfolio of diverse technology projects and a team of developers with deep experience in distributed microservices, and full stack systems to create solutions that help meet regulatory needs for the company
Share your passion for staying on top of tech trends, experimenting with and learning new technologies, participating in internal & external technology communities, mentoring other members of the engineering community
Collaborate with digital product managers, and deliver robust cloud-based solutions that drive powerful experiences to help millions of Americans achieve financial empowerment
Utilize programming languages like JavaScript, Java, HTML/CSS, TypeScript, SQL, Python, and Go, Open Sou"
software developer,Software Developer,602,524,376,engineering,0.662,120125.0,78,6.5,https://www.linkedin.com/jobs/view/sr-software-developer-at-open-systems-inc-3782087959,Open Systems Inc.,"Job Title: Sr. Software Developer
Duration: 6 Months Contract with potential to extend
Location: 1701 Golf Road, Tower 3 Rolling Meadows IL 60008 (Hybrid For Now; 100% Onsite In 2 Months)
Job Description
Bachelor's or master's degree in computer science or related field required.
Candidate must have at least 5 years of proven experience working through the design, development, release-cycle delivering product to market.
Candidate should have large / enterprise application development experience.
Strong understanding of the Product Development life cycle.
Strong time management, and problem-solving skills.
Candidate should be able to manage, evaluate, and prioritize multiple projects simultaneously.
Strong communication skills in engaging global cross-functional technical teams.
A proven record for successful delivery of software systems in a similar role.
Ability and willingness to dive into software and technical issues during design/development stage as well as during troubleshooting of customer issues.
An entrepreneurial spirit with strong product and program management skills.
Excellent written and oral communication.
Possible travel within US and international 25%
Additional Requirements
Solid understanding of development, testing and integration methodologies
Knowledge of current and emerging IT products, services, and processes.
Broad understanding of programming logic concepts and application analysis and design techniques.
Ability to communicate orally and in writing with both technical and non-technical staff.
Ability to adapt to changing technology and priorities.
Strong analytical thinking skills.
Good planning, organizing, decision-making and problem-solving skills.
Thorough with careful attention to detail.
Technical Requirements
Proficient in Node.js 14.0+
Proficient in UI frameworks jQuery and react.
Proficient in .NET/.NET Core
Experience with HTML and CSS development.
Strong Object-Oriented Programming and Development skills
Hands on of algorithm c"
"software engineer, backend","Software Engineer, Backend",596,212,23,engineering,0.855,178500.0,100,0.2,https://www.linkedin.com/jobs/view/senior-software-engineer-backend-golang-at-jobs-for-humanity-3792324448,Jobs for Humanity,"Company Description
Jobs for Humanity is partnering with Capital One to build an inclusive and just employment ecosystem. Therefore, we prioritize individuals coming from the following communities: Refugee, Neurodivergent, Single Parent, Blind or Low Vision, Deaf or Hard of Hearing, Black, Hispanic, Asian, Military Veterans, the Elderly, the LGBTQ, and Justice Impacted individuals. This position is open to candidates who reside in and have the legal right to work in the country where the job is located.
Company Name: Capital One
Job Description
Location: McLean, VA, United States of America, McLean, Virginia Job Title: Senior Software Engineer, Backend (Golang) Are you passionate about technology and enjoy solving complex business problems in a fast-paced, inclusive, and collaborative environment? At Capital One, we are a diverse group of problem solvers dedicated to meeting the real needs of our customers. We are looking for Back End Software Engineers who are passionate about using data and emerging technologies. As a Capital One Software Engineer, you will play a key role in driving a major transformation within Capital One. What You'll Do: - Collaborate with Agile teams to design, develop, test, implement, and support technical solutions using full-stack development tools and technologies. - Stay up-to-date with tech trends, experiment with new technologies, participate in technology communities, and mentor other engineers. - Work with digital product managers to deliver cloud-based solutions that provide powerful experiences for millions of Americans to achieve financial empowerment. - Utilize programming languages like Java, Python, SQL, Node, Go, and Scala, as well as open source databases and container orchestration services. Basic Qualifications: - Bachelor's Degree - At least 4 years of professional software engineering experience (Internship experience does not apply) Preferred Qualifications: - 5+ years of experience in one of the following: Java, Scala,"
product manager,Product Manager,523,433,335,product,0.656,151000.0,99,4.0,https://www.linkedin.com/jobs/view/senior-product-manager-at-eagle-eye-power-solutions-llc-3752885674,"Eagle Eye Power Solutions, LLC","Summary of Position:
The Senior Product Manager will oversee the management and lifecycle of our diverse product portfolio (e.g., Vigilant Battery Monitoring, Portable Testing Equipment). The Senior Product Manager will play a crucial role as a bridge across various departments, ensuring our products not only meet market demands, but also align with our business goals.
Reporting to the Director of Marketing, this position requires an individual who is adept at balancing technical expertise with business acumen, capable of guiding the development, marketing, and sales strategies while driving product growth and strategic direction.
Day to Day Responsibilities:
Leadership and Mentorship: Provide guidance and mentorship across the Product Management team, especially in handling our core product lines. Lead the technical product specialists and another Product Manager, fostering strong product and project management skills.
Strategy Development: Formulate and communicate a cohesive product vision and strategy that aligns with the company's objectives. Develop and manage the product roadmap, prioritizing features based on customer feedback and business value.
Market and Customer Insights: Perform in-depth market research to understand customer needs, industry trends, and the competitive landscape. Use insights to make informed decisions and maintain our competitive position in the market.
Cross-functional Collaboration: Work closely with Engineering, Operations, Marketing, Sales, and other teams to ensure effective development, launch, and sale of products. This includes vetting suppliers and collaborating with teams on requirements definition and development oversight.
Product Lifecycle Management: Oversee the entire lifecycle of products from concept to obsolescence, including product testing, quality assurance, and performance analysis. Continually adapt the product strategy based on market trends and customer feedback.
Maintain Technical Documentation: Insure accurac"
embedded software engineer,Embedded Software Engineer,508,293,199,engineering,0.699,151500.0,57,40.9,https://uk.linkedin.com/jobs/view/embedded-software-engineer-at-piper-maddox-3778815245,Piper Maddox,"Job Title:
Embedded Software Engineer
Location:
Oxford
About the Company:
My client is a leading innovator in the development of electric motors for various industries. They are dedicated to pushing the boundaries of technology to create more efficient and sustainable solutions. As they continue to expand their product offerings, they are seeking a talented Embedded Software Engineer to join their dynamic team.
Job Description:
As an Embedded Software Engineer, you will play a pivotal role in developing the software that drives their cutting-edge electric motors. They will work on a wide range of projects, from microcontroller programming to CAN vehicle network integration. This role is ideal for someone who is passionate about embedded systems and thrives in a collaborative, fast-paced environment.
Key Responsibilities:
Developing and maintaining embedded software using C for their flagship electric motor control systems.
Working on microcontroller programming, device drivers, and low-level software development.
Interfacing with CAN vehicle networks to ensure seamless communication between motors and vehicles.
Debugging software issues and optimizing code for performance and efficiency.
Collaborating with cross-functional teams to integrate software with hardware components.
Participating in code reviews and providing mentorship to junior engineers.
Qualifications:
The ideal candidate will possess:
A Bachelor's degree in Computer Science, Electrical Engineering, or a related field (Master's preferred).
Proven experience in embedded C software development for microcontrollers.
Strong knowledge of CAN vehicle networks and experience with vector CAN tools.
Proficiency in debugging software and resolving complex software issues.
Experience with UARTs and SPI communication protocols.
Nice-to-have skills: C++, Python, testing methodologies, Hardware-in-the-Loop (HIL) testing.
Experience with source control tools and CI/CD
Excellent problem-solving skills and the ability "
data scientist,Data Scientist,503,452,330,ai,0.669,160363.0,106,5.0,https://www.linkedin.com/jobs/view/sr-data-scientist-at-lasalle-network-3442725327,LaSalle Network,"Job Description
Want to grow your career with one of the fastest growing industries? LaSalle Network is partnered with a top Chicago-based client looking to hire a
Sr. Data Scientist
their team.
The
Sr. Data Scientist
will be responsible for delivering strategic and tangible solutions through data. We are looking for self-starters that have the ability to work cross-functionally across various teams.
Sr. Data Scientist Responsibilities:
Build and maintain machine learning models used throughout the investment process
Leverage various datasets to deliver internal insights and feed machine learning models
Learn from a wide variety of engineers who are passionate about building great software
Shape the future of software engineering at the company by bringing your ideas on improving and automating current processes
Work with stakeholders throughout the organization to identify opportunities for leveraging company data to drive business solutions
Mine and analyze data from company databases to drive optimization and improvement of product development, marketing techniques and business strategies
Assess the effectiveness and accuracy of new data sources and data gathering techniques
Develop custom data models and algorithms to apply to data sets
Use predictive modeling to increase and optimize business outcomes
Sr. Data Scientist Requirements:
4+ years of experience, including contributions and business impacts that you can speak to
Experience exploring and applying analytical methods to complex datasets
Exceptional Python coding skills
Knowledge of a variety of Machine Learning techniques
Ability to work autonomously and take ownership of project direction
Deep knowledge common PyData packages (Pandas, Scikit-Learn, Matplotlib, etc.) and traditional ML models (especially boosted tree algorithms like XGBoost and LightGBM)
Experience with quantitative finance, time-series modeling, cloud platforms (AWS, Azure or GCP), building ETL pipelines, leveraging NLP to extract feat"
retail frontend supervisor,Retail Frontend Supervisor,455,455,3,engineering,0.955,,1,0.0,https://www.linkedin.com/jobs/view/retail-front-end-supervisor-at-burlington-stores-inc-3797087113,"Burlington Stores, Inc.","LOCATION
3102 Ross Clark Circle Dothan AL US 36303
Overview
At Burlington, we embrace the many facets of diversity that strengthen our communities where we live and work every day. If you want to grow your retail career with a caring and inclusive organization, come join us as a Burlington Stores
Full-Time
Customer Service Supervisor or Full-Time Selling Floor Supervisor!
As a Retail Front End Supervisor, you’ll be an integral part of the store leadership team, working closely with Store Management in the areas of Merchandising, Customer Service, Operations, and Human Resources. This leadership position is the stepping-stone to a management role within our expanding organization. Are you a self-starter with the ability to supervise store operations efficiently and effectively? If you are a proven leader who understands the value of building strong teams and partnerships to drive results, this is the right opportunity for you!
At Burlington, we live by our Core Values:
Drive Results
Trust & Respect Each Other
Build Teams & Partnerships
Burlington Benefits:
Growth Opportunities
Competitive Pay
Flexible Hours
15-30% Associate Discount
Medical, Dental, and Vision Coverage
Employee Assistance Program
Life and Disability Insurance
Paid Time Off
Paid Holidays
401 (k)
Key Responsibilities:
Supervise all store functions and associates while in the role of Manager on Duty
Maximize sales results through training, developing, and coaching of direct reports
Promote safety for both our customers and associates by adhering to company guidelines
Cultivate a diverse culture based on teamwork and collaboration
Solve issues/concerns, making informed decisions and supervising the front-end operations to ensure all Burlington customers are provided with exceptional, friendly, and professional customer service at all times
Reinforce our company Asset Protection strategies to eliminate shortage
Assist in recruiting, interviewing, and onboarding new associates
Participate in weekly workloa"
test engineer,Test Engineer,405,375,257,qa,0.68,124850.0,72,4.2,https://mx.linkedin.com/jobs/view/test-engineer-sr-at-jabil-3779915948,Jabil,"At Jabil we strive to make ANYTHING POSSIBLE and EVERYTHING BETTER. With over 250,000 diverse, talented and dedicated employees across 100 locations in 30 countries, our vision is to be the most technologically advanced and trusted manufacturing solutions provider. We combine an unmatched breadth and depth of end-market experience, technical and design capabilities, manufacturing know-how, supply chain insights and global product management expertise to enable success for the world’s leading brands. We are driven by a common purpose to make a positive impact for each other, our communities, and the environment.
Summary
Direct Test Engineers I& II in operating within area of assigned responsibilities with a high level of efficiency, integrity and enthusiasm, striving to achieve excellence in all endeavors. Designs, develops and maintains test procedures, tester hardware and software for electronic circuit board production.
ESSENTIAL DUTIES AND RESPONSIBILITIES include the following. Other duties may be assigned.
Leadership And Management Responsibilities
Recruitment and Retention:
Recruit and interview Test Engineers I& II.
Communicate criteria to recruiters for Process Technician position candidates.
Coach Test Engineers in the interviewing/hiring process.
Monitor team member turnover; identify key factors that can be improved; make improvements.
Employee and Team Development:
Identify individual and team strengths and development needs on an ongoing basis.
Create and/or validate training curriculum in area of responsibility.
Coach and mentor Test Engineers I& II to deliver excellence to every internal and external customer.
Performance Management:
Establish clear measurable goals and objectives by which to determine individual and team results (i.e. operational metrics, results against project timelines, training documentation, attendance records, knowledge of operational roles and responsibilities, personal development goals).
Solicit ongoing feedback from Assista"
research scientist,Research Scientist,377,360,185,ai,0.54,116878.0,91,1.9,https://uk.linkedin.com/jobs/view/research-scientist-materials-science-at-qinetiq-3772323592,QinetiQ,"Job Title: Research Scientist - Materials
Location: Farnborough
Package: Highly Competitive Salary + Benefits Package
Role Type: Full time / Permanent or Fixed Term Contract
Role ID: SF15931
Be part of the QinetiQ journey. Join us as a Research Scientist at our Farnborough site where you will have the opportunity to work with cutting-edge technology and many of the industry’s most brilliant minds.
The Role
As a research scientist, you will have a role that is out of the ordinary and will be responsible for conducting research and development on a range of synthetic biology programmes, and will use your biochemical expertise to provide theoretical and practical inputs across the whole Engineering Biology portfolio. This will offer you a variety of multidisciplinary programmes across a broad spectrum of topic areas within the Functional Materials domain.
Day To Day Responsibilities
Leading and contributing to project delivery, mainly through practical laboratory work.
Being accountable for managing your own time and progress in order to meet agreed goals and deadlines.
Supporting proposal and bid development
Interfacing with customers
Training colleagues on request
Writing risk assessments for individual experiments
Being responsible for maintaining up-to-date chemical audits of the laboratory. This will involve co-ordinating the team to check that all required chemical paperwork is in place and all chemicals within the laboratory have been logged.
This is a full time, permanent, hybrid role.
Essential Experience Of The Research Scientist
Demonstrated ability to work with a variety of organism types and/or microbial strains
Background (theoretical and/or practical) in advanced materials and/or device fabrication
Experience of working in industry and/or with industrial partners and/or with external collaborators/ stakeholders
Evidence of working with multidisciplinary teams involving synthetic biology
Experience of commercialising research
Technical experience in any o"
java developer,Java Developer,312,295,185,engineering,0.738,114941.0,29,11.2,https://www.linkedin.com/jobs/view/sr-java-developer-at-central-business-solutions-inc-3792598588,Central Business Solutions Inc.,"Position Role/Tile: Sr. Java Developer
Location: Charlotte NC & Newark NJ.
In This Role, You Will
Ensure systems are monitored to increase operational efficiency and managed to mitigate risk
See out opportunities to maximize resource utilization and improve processes while reducing cost
Design, develop, test and implement applications and system components, tools and utilities, mdels, simulation and analytics to manage complex business functions using sophisticated technologies
Resolve coding, testing and escalated platform issues of a technically challenging nature
Partner with production support and platform engineering teams effectively
Design, develop and support regulatory platform capabilities, functions and processes
Ensure use of agreed technology/tools and interfaces to ensure smooth integration and platform availability across DEV,SIT, UAT and production
Work with cross functional teams to evaluate solution & implement high visibility business & technology initiatives
Required Qualifications:
5+ years of speciality software engineering experience, or equivalent demonstrated through one or a combination of the following work experience, training, military experience, education
5+ years of Core Java experience
3+ years of Spring experience
5+ years of rational database experience
5+ years of UNIX/LINUX experience
5+ years of Object Oriented Design experience
3+ years of RESTful of SOAP web services
2+ years of JMS experience
2+ years in microservices development
3+ years in PL/SQL, Oracle and Stored procedure experience.
Nice to have:
5+ years of compliance and regulatory systems experience
5+ years of capital markets experience
Central Business Solutions, Inc,
37600 Central Ct.
Suite #214
Newark, CA 94560.
Central Business Solutions, Inc(A Certified Minority Owned Organization)
Checkout our excellent assessment tool: http://www.skillexam.com/
Checkout our job board : http://www.job-360.net/
=====================================================
Central Busin"
devops engineer,Devops Engineer,310,242,187,devops,0.724,142100.0,52,20.6,https://www.linkedin.com/jobs/view/devops-engineer-at-predictspring-3774865946,PredictSpring,"Job Overview
As Devops Software Engineer in the DevOps team, you will build and support applications and infrastructure enabling teams to configure, deploy, operate, and monitor the mission-critical services powering offered by the PredictSpring Cloud platform that serves the world's leading brands and retailers for their Modern POS Platform. You will work in a highly collaborative and dynamic environment.
You will influence the strategy and direction of our infrastructure by helping us build scalable solutions to challenging technical problems.
Responsibilities:
Provide cloud solutions with high reliability, high availability, fault tolerance, and high security to meet business requirements.
Design, Deploy, and maintain enterprise network, systems and patch management applications within an AWS.
Build, design and maintain a cloud system that meets compliance standards (SOC, HIPAA, PCI)
Responsible for implementation, deployment, and security of container orchestration
Implement the initiatives identified for the quarter.
Build and enhance monitoring and alerting infrastructure.
Skills & Experience
BS/MS in Computer Science/Engineering with 3+ years or equivalent experience
Be a self-starter, able to learn independently and adapt quickly
Strong knowledge of AWS and cloud architectures
Hands-on experience with DevOps tools such as CDK and CloudFormation.
Hands-on Java Development Experience
Strong scripting skills using bash or python.
Benefits
We pride ourselves in providing the most robust compensation and benefits package exceeding industry standards.
Competitive salary packages and bonuses
Strong equity / employee stock option package
100% company paid medical, dental, and vision insurance for the employee and dependents with BlueShield
Generous vacation and company holidays
Paid parental leave
Participation in 401(k) plan with Vanguard
Show more
Show less"
automation engineer,Automation Engineer,286,259,191,devops,0.689,118750.0,35,0.3,https://www.linkedin.com/jobs/view/senior-automation-engineer-at-repligen-corporation-3726801579,Repligen Corporation,"Overview
The Senior Automation Engineer will be responsible for the design, testing, deployment, and maintenance of Repligen’s internal automation strategy and infrastructure. She or he will be expected to lead Repligen’s automation, digitization, and digital transformation efforts at the site level. The successful candidate will actively work with all levels of personnel in Engineering, Manufacturing, Facilities, Quality Assurance, Quality Control, and R&D departments. The job is based at our Marlborough, MA facility. Minimal travel required, if any.
Responsibilities
Responsibilities
Program and troubleshoot PLCs, HMIs, and SCADA systems
Develop IIoT-centric solutions for data acquisition
Lead efforts to digitize existing manufacturing and documentation processes
Lead digital transformation of operations through leveraging of operational data
Partner with site subject matter experts (SMEs) in designing and deploying automated alternatives to manual operations
Develop, maintain, and execute design documents, technical evaluations, test plans, and validation protocols for Automation assets
Provide automation expertise and guidance to internal and external design teams
Function as automation SME for the entire site
Provide basic automation training to internal customers (MFG, QA, FAC, IT, etc.)
Specify, deploy, and commission instrumentation and control (I&C) devices
Qualifications
REQUIRED SKILLSETS/EXPERIENCE
PLC programming
Deploying and maintaining SCADA solutions
Microsoft Office
Technical writing
Preferred Skillsets/Experience
Rockwell Automation (Allen Bradley) PLCs
Ignition SCADA
Python
Control Systems Integration
Industrial Automation Applications
Automated Manufacturing
Computer System Validation
SQL
Ethernet/IP Networks
AutoCAD
MES
Mentoring/Managing
Data Analysis
REST API
Educational Experience
Degree in Electrical Engineering, Software Engineering, Computer Science, or related field preferred
Relevant experience in the design and maintenance of process co"
backend engineer,Backend Engineer,276,68,57,engineering,0.639,170000.0,24,66.3,https://www.linkedin.com/jobs/view/senior-staff-backend-engineer-at-recruiting-from-scratch-3752895168,Recruiting from Scratch,"This is for a client of Recruiting from Scratch.
Who is Recruiting from Scratch:
Recruiting from Scratch is a premier talent firm that focuses on placing the best product managers, software, and hardware talent at innovative companies. Our team is 100% remote and we work with teams across the United States to help them hire. We work with companies funded by the best investors including Sequoia Capital, Lightspeed Ventures, Tiger Global Management, A16Z, Accel, DFJ, and more.
Our Client:
Our client is a dating app.
In this role, you will have the opportunity to work with our product teams, building models and APIs to drive new features, deliver analysis to further improve engagement in existing features, and empower our business with real-time insights to drive growth in market share, engagement, and revenue. We see 1 trillion events per year and process 10TB of data daily.
What’s the job?
Be a part of the engineering team where we implement new features and work closely with the product and design teams
Build for the future by designing maintainable and well-tested systems to serve a global audience of millions of concurrent users (we’re big!)
Own the design and development of our backend services in a stable and scalable microservices architecture
Work with Product Managers, Designers, and other Engineers to refine feature design and functionality
Build for the future by designing and testing simple, elegant, maintainable software
Optimize key pieces of our platform using tools like Redis, Postgres, Kafka on AWS services
Innovate by guiding data-driven decisions to adopt new technologies, architectures, and workflow
Ensure high availability of the platform through distributed systems and infrastructure engineering
Help guide and mentor team members through pairing sessions,code reviews, and architecture reviews.
Troubleshoot unexpected issues across various systems because being the most popular is hard… and fun :)
Take a prominent role in optimizations, cost savin"
firmware engineer,Firmware Engineer,266,149,116,engineering,0.701,140000.0,34,37.2,https://www.linkedin.com/jobs/view/senior-firmware-engineer-hybrid-at-spectra-logic-3762305590,Spectra Logic,"Description
Senior Firmware Engineer
Boulder, Colorado - (Hybrid)
We are currently seeking a Senior Firmware Engineer to help create the most innovative solutions in our industry. You will be designing and implementing the embedded software that runs on our new robotic systems and partnering with cross-functional business teams to deliver world-class solutions from inception through end-of-life.
Who’s on your team?
You will be working with a full hardware team of firmware, electrical, and mechanical engineers. We have a talented team that enjoys taking on tough projects and solving problems. We are passionate about our work but also respect and enjoy a healthy work-life balance.
Responsibilities
Write high-quality, well documented production level firmware for Spectra's robotic systems.
Design, debug, and test on embedded processors and custom electronics.
Responsible for all aspects of firmware development including architecture, documentation, and processes.
Capable of working independently and collaboratively on large projects.
Support hardware and test engineers with PCB bring-up and debugging.
Lead and participate in code reviews.
What You Need To Bring To The Table
Fluent with both C and C++ in embedded environment.
Expertise with embedded RTOS for ARM Cortex-M processors.
Skilled in object-oriented programming.
Strong debugging skills in an RTOS environment.
Experience with protocols such as I²C, CAN, SPI, Ethernet, and USB.
Experience with bug tracking tools such as JIRA.
Experience with version control software such as Git.
Self-motivated and willing to learn.
It would be nice if you had
Experience with robotics control.
Experience with build systems and automation such as Jenkins.
Experience designing and working with embedded bootloaders.
Ability to read and understand electrical schematics.
Leadership experience.
Education / Experience
Minimum 5 years of firmware development experience.
BS. in Electrical Engineering, Computer Engineering, Computer Scienc"
machine learning engineer,Machine Learning Engineer,265,146,105,ai,0.702,175000.0,51,23.0,https://www.linkedin.com/jobs/view/senior-machine-learning-engineer-at-jobs-for-humanity-3792639152,Jobs for Humanity,"Company Description
Jobs for Humanity is partnering with Capital One to build an inclusive and just employment ecosystem. Therefore, we prioritize individuals coming from the following communities: Refugee, Neurodivergent, Single Parent, Blind or Low Vision, Deaf or Hard of Hearing, Black, Hispanic, Asian, Military Veterans, the Elderly, the LGBTQ, and Justice Impacted individuals. This position is open to candidates who reside in and have the legal right to work in the country where the job is located.
Company Name: Capital One
Job Description
Job Title: Senior Machine Learning Engineer Location: Plano, Texas, United States of America Capital One is looking for a Senior Machine Learning Engineer to join our team. In this role, you will be involved in building and implementing machine learning applications on a large scale. Your responsibilities will include designing machine learning models, developing and reviewing code, ensuring high performance and availability of applications, and staying updated with the latest innovations in machine learning engineering. Key Responsibilities: - Collaborate with cross-functional teams to solve real-world business problems by designing, building, and delivering machine learning models and components. - Make informed decisions about ML infrastructure based on your understanding of modeling techniques, data selection, training, and validation. - Write and test application code, develop and validate ML models, and automate tests and deployment. - Leverage cloud-based architectures and technologies to deliver optimized ML models at scale. - Create efficient data pipelines to feed ML models. - Ensure successful deployment of ML models and application code using continuous integration and continuous deployment best practices. - Follow responsible and explainable AI practices in all ML development. - Use programming languages like Python, Scala, or Java. Basic Qualifications: - Bachelor's degree. - At least 4 years of programming expe"
site reliability engineer,Site Reliability Engineer,259,201,144,devops,0.714,155700.0,48,2.3,https://www.linkedin.com/jobs/view/senior-site-reliability-engineer-sre-at-syrinx-consulting-3683395856,Syrinx Consulting,"Senior Site Reliability Engineer (SRE)
This role is based in Columbus, OH with a Syrinx Educational Technology Partner
U.S. Citizens and those authorized to work in the U.S. are encouraged to apply. We are unable to sponsor at this time.
Need someone with deep understanding/experience with AWS.
Will only entertain candidates with a software development background (Java, Go C#)
The Responsibilities Will Entail These Core Functions
Hands-on design, analysis and troubleshooting of highly-distributed large-scale production systems
Ownership of reliability, uptime, capacity- and performance analysis thereof
Ensuring the repeatability, traceability, and transparency of our infrastructure automation
Identifying highest-impact opportunities to optimize existing systems
System design consulting for teams seeking to leverage or improve their production infrastructure
Anticipate, build and plan capacity for upcoming product/feature launches
Possess a strong desire to learn the environment with ability and focus to improve it
The ideal candidate shall possess (or demonstrate competencies to learn) these diverse skills:
Experience in understanding the simplest solution, and focusing on the most effective technique to resolve a problem, while respecting time commitments and infrastructure constraints.
Experience tuning and managing applications running on Linux, AWS, and Windows VMs, including OS-level commands for monitoring
Experience with on-call technical troubleshooting and research, assessing customer impact, and translating to impact / severity
Experience with software development languages: Java(required), Javascript, Go, or PHP
Experience with scripting languages, specifically BSH(required), or Python
Experience in exceptional problem solving, analytic and diagnostic skills
Experience in Distributed system diagnostic methods, monitoring and instrumentation technologies
Experience in version control strategies such as GitHub
Experience with relational database technologie"
solutions architect,Solutions Architect,254,216,175,engineering,0.683,142500.0,30,3.1,https://www.linkedin.com/jobs/view/senior-solutions-architect-at-ust-3774410508,UST,"Job Description
Senior Solutions Architect
Architect II - Enterprise Solutions
Who We Are
Born digital, UST transforms lives through the power of technology. We walk alongside our clients and partners, embedding innovation and agility into everything they do. We help them create transformative experiences and human-centered solutions for a better world.
UST is a mission-driven group of over 39,000+ practical problem solvers and creative thinkers in over 30+ countries. Our entrepreneurial teams are empowered to innovate, act nimbly, and create a lasting and sustainable impact for our clients, their customers, and the communities in which we live.
With us, you’ll create a boundless impact that transforms your career—and the lives of people across the world.
Visit us at UST.com .
You Are
UST is searching for a Senior Solutions Architect who will review, design, and optimize applications transforming into scalable solutions in ERP/CRM systems. Select appropriate technical options for development such as reusing, improving, or reconfiguration existing components.
The Opportunity
Hybrid-In office/remote
Identify the problem patterns and improve the technical design of the application/system
Optimizes efficiency, cost, and quality.
Interpret the application/feature/component design to develop the same in accordance with specifications.
Validate results with user representatives, integrate and commission the overall solution.
Influence and improve customer satisfaction through effects like (but not limited to) offering suggestions for code refactoring and for improvements in business processes, completing sprint deliverables ahead of time, helping client architects and product owners by way of design suggestions and/or explaining functionality to business stakeholders, etc.
Influence and improve employee engagement within the project teams
Learn and implement newly released technology features wherever possible.
Attend industry/technology-specific conferences (if any) and s"
ux designer,UX Designer,246,205,162,design_ux,0.716,140400.0,44,19.5,https://www.linkedin.com/jobs/view/ux-designer-mid-level-at-global-information-technology-3716487497,Global Information Technology,"Job Title: UX Designer (Mid-level)
Job Location: Remote
Job Type: Contract
Job Description:
Goal requires collaboration with teams of UX and UI designers, researchers, content strategists, engineers, and managers from product and marketing throughout the design process - from strategy to pixel-perfect design. You will advocate for our customers and ensure that the final product meets user needs.
Requirements
5+ years of UX experience (end-to-end work across mobile/web/desktop, bonus points for consumer-facing work and launching to millions of users).
Strong portfolio demonstrating creative problem solving, complexity/ambiguity wrangling, and excellent attention to detail.
Ability to communicate user needs (e.g. storytelling, leveraging data) and demonstrate how proposed designs solve those needs to internal team and senior partners
Skilled and efficient at creating sketches, wireframes, high fidelity comps, prototypes, and written documentation.
A proven ability to cultivate teamwork, cooperation, and build partnerships across product teams and organizations.
Skilled in Figma, Sketch and Rally.
Interested candidates can send their updated resumes at anupam.pal@agile-techlabs.com
Job Co
Job Posted by ApplicantPro
Show more
Show less"
developer,Developer,241,234,166,engineering,0.644,120488.0,36,9.1,https://au.linkedin.com/jobs/view/senior-developer-database-ssis-at-reserve-bank-of-australia-3784493687,Reserve Bank of Australia,"Senior Developer
We are looking for a switched-on team player who is keen to drive solutions for complex problems individually and in a team-based environment. You will get some of the best learning experiences, with advanced tools and team members who are passionate about protecting the security and stability of our technology estate. An innovative, curious work force with a solid belief in delivering value and efficiency through our work, we strongly believe in a diverse and inclusive workplace and support workplace flexibility. This role is a 12 month fixed term contract.
Your background
To be successful in this critical role you will:
Perform systems analysis and design of changes to systems
Maintain a working knowledge of tools and software packages used
Undertake relevant research including the evaluation of new software, tools, and techniques, ensuring they are fit to the Bank's enterprise architecture and standards
Work collaboratively with business stakeholders and peers to refine business requirements and to ensure they are met
Comply with and contribute to the development of the Bank's policies, standards, and guidelines for software development, as well as tool selection
Interest and experience in at least one of the following areas: -
Real-time APIs, integration technologies
DevSecOps
Cloud / container technologies
Backend application w/database development
Contribute to Developer Knowledge Base
Lead the identification/breakdown of development components and tasks, as well as estimations
Guide other developers as they work through development decisions
Support cross team collaboration
Contribute to continuous improvement and innovation
Undertake the coding for systems, as well as integration software services and perform code reviews for other developers
Ensure written unit and integration tests for all developed code follow Bank's standards and maintain test coverage
Have a curious and accountable mindset
Have experience in Git and Azure DevOps
Experie"
security engineer,Security Engineer,240,129,102,security,0.717,152330.0,29,5.0,https://www.linkedin.com/jobs/view/security-engineer-full-time-direct-hire-on-site-omaha-ne-at-akkodis-3802284406,Akkodis,"We're looking for a Security Engineer to join our team! The ideal candidate will have an emphasis on Identity Management and Access Managment (IAM). If you're a problem solver who enjoys working in a fast-paced environment and helping others, we'd love to hear from you! Apply today
Required:
Provide support in day-to-day activities related to threat and vulnerability management.
Collaborate with senior team members to gain expertise in various security infrastructure technologies, including both software and hardware components.
Assist in evaluating and documenting system security requirements, with guidance from senior engineers.
Participate in the configuration and maintenance of network and security infrastructure software and hardware.
Support senior team members on security implementations and network projects.
Contribute to the design of effective IT controls and assist in monitoring their execution to manage risk and ensure compliance with regulations.
Assist in the creation and maintenance of security test plans for detecting and mitigating risks to information systems.
Collaborate with cross-functional teams to align security activities with compliance, risk management, and information security requirements.
Contribute to user security awareness training initiatives.
Participate in the development of security policies and standards under supervision.
Assist in planning and conducting security audits, vulnerability assessments, and penetration tests for clients.
Evaluate security controls, policies, and procedures to assess compliance with industry standards and best practices.
Contribute to risk assessments, helping to identify, prioritize, and mitigate security risks and vulnerabilities.
Review documentation related to security policies, procedures, and incident response plans for completeness and accuracy.
Position Requirements:
Bachelor’s degree in computer science or a related field (or equivalent experience).
Minimum of 3 years of experience in IT Infr"
net developer,Net Developer,229,216,155,engineering,0.738,124800.0,17,7.0,https://www.linkedin.com/jobs/view/senior-net-developer-at-syrinx-consulting-3684747600,Syrinx Consulting,"Senior .Net Developer / Tech Lead
Boston, MA with remote flex for WFH
Position Summary
We are seeking a Senior .Net Developer who will lead and support initiatives focusing on improving our global travel platform.
Key Responsibilities
Design, code, test and implement in-house business software solutions integrating with our internal systems.
Drive and deliver development tasks utilizing .NET Framework, WCF Web Services, SQL Server.
Analyze business requirements and writes technical specifications with elegant design or redesign for complex applications.
Achieve overall excellence by managing to an agile development format and fostering teamwork.
Ensure project goals are met within scheduling parameters.
Provide technical leadership for development and innovative solutions that move the business.
Provide subject matter expertise to technical and business staff.
Provide oversight and guidance to outsourced development efforts.
Job Requirements
Bachelors degree in computer science with 6+ years of development experience. Master’s a plus.
Advanced development experience designing and building web applications, secure web services /SOA, using C# , WCF, ASP.NET, SQL (Java, Lotus Notes, SSRS, SSIS are plus).
Strong Design principles to create robust, scalable and extensible solutions.
Proven success working in a fast paced and like scale environment
Proven success working in a fast paced and various sized organizations
A strategic thinker that understands the capabilities of technology and how to leverage those capabilities to achieve business results.
Ability to thrive in creative and energetic environment
Application and/or data integration is a plus.
Knowledge of IBM I Midrange Systems is a plus.
Show more
Show less"
product designer,Product Designer,228,194,165,design_ux,0.668,161654.0,70,6.1,https://www.linkedin.com/jobs/view/product-designer-at-publishers-clearing-house-pch-media-3797692206,Publishers Clearing House (PCH) Media,"WE NEED:
A motivated and proven product designer to
help refresh the legacy of a 70-year-old company. You’ll help bring the magic of what PCH offers -an incredible chance to win and change your life – to a larger, more diverse audience by creating rich, repeatable, rewarded experiences
YOU ARE:
An experienced Product Designer, well versed at delivering work that consistently meets/exceeds expectations; you embrace best-in-class UX and provide a clean, modern aesthetic that excites customers and makes them want to come back day after day.
ROLE SNAPSHOT
:
Collaborate with key stakeholders to translate business goals into unique product experiences
Define the user experience, interactions, and user interface through user flows, information architecture, sketches and wireframes and visual design
Design simple, data-driven, user-centric experiences that surprise and delight customers
Build functional prototypes to demonstrate, validate and test your designs
Present designs, prototypes and concepts to cross-functional partners and stakeholders
Provide implementation guidance to the Creative Development team and ensure new features launch at the highest quality
Stay abreast of industry trends and successes, while still looking for opportunities to solve problems in unique and innovative ways
A LITTLE MORE ABOUT YOU:
BA in Graphic Design, Product Design, User Experience or another relevant field
5-7+ years of product design experience in a fast-paced creative environment
Exceptional work portfolio that demonstrates the ability to:
Create memorable, distinctive and compelling concepts
Implement strategic and conceptual thinking
Surprise and delight customers
Advanced knowledge of Figma and Adobe Creative Suite (Photoshop, Illustrator)
Supreme attention to detail and commitment to the highest standards of quality
Current knowledge of industry trends and advances in product design
Passion for simple, powerful brand communications and an obsession for creative consistency
Must "
fullstack developer,Fullstack Developer,227,219,174,engineering,0.672,118050.0,31,7.5,https://www.linkedin.com/jobs/view/full-stack-developer-bciv19-at-bracane-company-inc-3804714841,"Bracane Company, Inc.","JOB DESCRIPTION:
Full Stack Developer contributes across the technology stack, From UI to database and DevOps infrastructure that supports continuous deployment, to native apps and demonstrates product quality, technical excellence, and engineering practices.
Leads and coordinates with the Digital team member directly implementing features of the application assigned to them.
Works with the Digital team to implement a robust set of services and APIs to power the application. Aware of the development of reusable code and libraries for future use.
Works with the Digital team and business users to optimize the application for maximum speed and scalability.
Implements security and data protection.
Coordinates with the Product Designers to translate UI/UX elements from designer to visual elements.
Leads integration of front-end and back-end aspects of the application.
Perform other related tasks and assignments as required.
JOB SKILLS & REQUIREMENTS:
Experience with building consumer-quality products, enabling business value through tech.
Expert experience developing modern object-oriented APIs (e.g., REST, GraphQL, ProtoBuf) preferably using languages and frameworks like .NET/C#, Spring Boot, or NodeJS.
Expert experience with vanilla JavaScript and optionally, experience with JavaScript frameworks like Angular, React, Vue, and modern style libraries like SASS, LESS, and SCSS.
Strong experience with best practices of application-based security best practices (e.g., JWT, OAuth, SAML, token-based authentication).
Deep expertise and experience with engineering practices such as code refactoring, design patterns, design-driven development, continuous integration, building highly scalable applications, and security.
Knowledge and experience with the Agile process.
Strong understanding of development best practices, agile ways of working, and architectural patterns.
Ability to communicate technical concepts to business stakeholders in non-tech language.
Deep understanding of w"
quality assurance engineer,Quality Assurance Engineer,223,194,174,qa,0.669,104000.0,35,4.9,https://www.linkedin.com/jobs/view/sr-quality-assurance-engineer-at-spectraforce-3754629702,SPECTRAFORCE,"Job Title: Sr. Quality Assurance Engineer
Location: Phoenix, AZ - Remote (MST hours)
Duration: 6 months (Possibility of extension)
Pay Range: $65 - $68/hr on W2
Top Skills
Expert in creating Selenium automation tests for front-end testing as well as REST Assured for automating validation of APIs
Minimum 6 years of QA Testing experience – including test case creation – and proficient knowledge of testing is required
Intermediate proficiency with unit testing frameworks like TestNG and BDD Cucumber
Position Description
The Quality Engineer participates in the development of business solutions by analyzing requirements, creating test plans, test cases, automated test cases, and testing all aspects of the completed solution. Leads, participates, or assists with all phases of testing. Creates and communicates testing results to assist with assessment of production readiness. Collaborates with developers and product owners to ensure quality is being built in as early as possible. Develops cost effective information technology solutions by analyzing, designing, programming, monitoring, and/or installing systems, software and/or hardware solutions for the use of automated testing. Mentor and lead junior engineers. Independent direction of team efforts to meet team goals. Senior QA Engineers oversee the activities of the Quality Assurance staff for software and product design companies. Their job is to oversee the production of test documents, the creation of test procedures, and to ensure the successful deployment of company products.
Essential Job Results
Reviews requirements and designs for testability and works with other teams until all questions are resolved. Creates and documents test cases including functional, load, and regression tests via automated methods. Executes test activities utilizing automated and manual test scripts. Documents and communicates test results for system owners and project teams. Performs all test planning to achieve the required coverage in "
infrastructure engineer,Infrastructure Engineer,220,138,112,devops,0.696,132425.0,27,3.2,https://uk.linkedin.com/jobs/view/infrastructure-engineer-at-adecco-3771509953,Adecco,"Job Title: Infrastructure Engineer (3rd Line Engineer)
Location: Thurrock, Essex
Full-time: 9am - 5:30pm (office based)
A growing managed services provider company is seeking a
Senior Systems Administrator/ Infrastructure Engineer
to join their support team.
This role is crucial in sustaining their growth trajectory and expanding their capabilities in delivering cutting-edge IT solutions. As a vital part of their technical team, you will be engaged in a variety of challenging projects encompassing network infrastructure, desktop, and server support, as well as system maintenance across a diverse client portfolio.
This is an amazing opportunity for someone looking for grow in this industry as they feel very strongly about training their staff to progress and reach their full potential.
Key Responsibilities:
Lead and implement IT projects, ensuring high-quality delivery of network, desktop, server, and maintenance services.
Collaborate with cross-functional teams to drive project success and client satisfaction.
Opportunity to enhance skills in project management and client relations.
The ideal candidate will have:
Proficiency in Azure ecosystem with a focus on implementation: Azure VMs, Networking, Active Directory, Virtual Networks, Azure Backup, Azure Storage.
Advanced knowledge of Microsoft 365 and Intune Administration/MDM.
Expertise in Windows Server Administration.
Experience in Storage and Backup Management.
Proficient in diagnosing and resolving complex wireless, security, and network issues.
Proficiency in PowerShell scripting.
Benefits:
Progression & external training available and encouraged
Benefit package to be discussed
Parking available
If you are looking for an ambitious
local
company, we invite you to apply online without delay. For a comprehensive job description, please contact Denise, Alex or Clare at Adecco Romford.
Show more
Show less"
it specialist,IT Specialist,220,205,131,it_support,0.672,66510.0,55,3.2,https://www.linkedin.com/jobs/view/it-specialist-at-the-matian-firm-apc-3733299397,"The Matian Firm, APC","Job Description
Our Dallas, TX
office is looking to hire an experienced
IT Specialist
with a desire to develop a career within the legal industry. The ideal candidate is an individual who works well in a fast-paced environment. Under the supervision of the IT Director, the IT Specialist supports all computer and network-related systems with the goal of creating an efficient and secure system for all employees to use. An employee in this classification performs a large range of system administration functions.
Responsibilities:
Installing and configuring network devices
Diagnosing and resolving IP-related telephone, cellular, network, and other communications
Hardware-software-related issues
Assisting with implementing, and monitoring system security procedures
Aiding with system development
Managing multiple projects to completion
Conducting user training and product demonstrations.
Documentation of issues, solutions, and resolutions
Understand networks and troubleshoot issues
Ability to assist with technical support troubleshooting and resolution of Windows and desktop support applications either over the phone or onsite
Ability to communicate and explain issues and resolutions with technical and non-technical resources
Deliver flawless support and customer service
Able to move office furniture
Qualifications:
Ability to travel from site to site
3+ years of Information Technology experience
Knowledge of upgrading PC Hardware, including memory modules, hard discs, etc
Advanced knowledge of multifunction printer support and maintenance
Strong communication and technical documentation skills
Ability to effectively manage time between projects and daily operational tasks
Reliable transportation
Here at the Matian Firm, we offer that, benefits (medical, dental and vision insurance), catered lunches, an excellent compensation package, paid parking, paid time off, and more! Come work as an IT Specialist at a growing firm with opportunities to advance and learn alongside a"
fullstack engineer,Fullstack Engineer,218,154,135,engineering,0.666,145000.0,31,6.0,https://www.linkedin.com/jobs/view/senior-full-stack-engineer-at-yepchat-3795929207,YepChat,"Job Description
We are looking for a talented and energetic full stack engineer to help us accomplish our mission of disrupting the customer communication space. You'll work closely with the CTO and other engineers to scope, build, and deploy new features and improvements.
Must have:
Experience in Full Stack Development of SaaS products:
Front End - Fluency in a modern webtech stack including HTML, JS frameworks (Angular/React/VueJS), CSS, REST
Backend - Good grasp of algorithms, design patterns, and data structures. Experience with Java & node.js
API - Ability to integrate with third-party APIs and libraries. Experience designing, implementing, and deploying new APIs
Database - Experience working with Relational & NoSQL databases as well as in-memory caches (Redis/Memcached)
DevOps: Advanced knowledge of CI/CD tech and practical experience with logging, monitoring and alerting workflows
Broad experience with AWS products and services. EC2, Lambda, DynamoDB, RDS, etc
Contributed to a product/service across the entire development lifecycle: from concept to launch
Nice to have:
Experience with Firebase's Realtime Database
Passion for data. Budding data geeks apply here!
Why us?
Get in early! We are offering generous equity to qualified candidates.
We are a small, agile team. This means you'll get a lot of responsibility, have a huge impact and get a chance to grow quickly.
Wear many hats! Everyone does a bit of everything here.
YepChat is located steps away from the beach. Have a swim at lunch, surf before work (we have a shower and company boards), or grab a coffee on the boardwalk.
Work and relax on our amazing roofdeck. No better place to eat your lunch, take a quick nap, or throw an amazing party.
Live on the west side? Bird or Lime to work on us!
We are dog friendly.
Company Description
YepChat powers customer communications for some of the most respected restaurants in the World including: Sweetgreen, Tender Greens, Lemonade, Tocaya, Alfred Coffee, Modern Market"
business intelligence analyst,Business Intelligence Analyst,192,178,153,data,0.719,93000.0,38,6.2,https://uk.linkedin.com/jobs/view/senior-business-intelligence-analyst-at-in-technology-group-3792128504,In Technology Group,"Job Title:
Senior Business Intelligence Analyst
Salary:
£50,000
Location:
Birmingham (Hybrid)
About Us:
Our client is a leading software company with a strong commitment to data-driven decision-making. We are seeking a Senior Business Intelligence Analyst to join their dynamic and innovative team. This role offers the opportunity to work with cutting-edge technology, collaborate with a diverse group of professionals, and make a significant impact on their business growth and success.
Job Description:
As a Senior Business Intelligence Analyst, you will play a pivotal role in shaping this company's strategic direction through data analysis and reporting. You will work closely with cross-functional teams, providing valuable insights and actionable recommendations to drive business performance. Your expertise in data analysis, data visualization, and business intelligence tools will be crucial in ensuring their continued success.
Key Responsibilities:
Develop and maintain robust, scalable data models and dashboards.
Analyze complex data sets to identify trends, patterns, and opportunities for optimization.
Create insightful and visually appealing data visualizations and reports for business stakeholders.
Collaborate with departments across the organization to understand their data needs and provide solutions.
Extract, transform, and load data from various sources to build comprehensive data sets.
Stay current with industry best practices and emerging technologies in BI and data analytics.Qualifications:
Bachelor's degree in a related field (e.g., Data Science, Computer Science, Statistics).
Proven experience as a Business Intelligence Analyst or similar role.
Proficiency in data visualization tools (e.g., Tableau, Power BI, or Looker).
Advanced skills in SQL and data querying.
Experience with ETL processes and data warehousing.
Strong analytical and problem-solving skills.
Excellent communication and collaboration abilities.
Familiarity with cloud-based platforms (AWS, "
information security analyst,Information Security Analyst,190,180,137,security,0.724,109860.0,39,1.1,https://www.linkedin.com/jobs/view/senior-information-security-analyst-3-at-apex-systems-3802335220,Apex Systems,"Job#: 2003033
Job Description:
Senior Information Security Analyst
Hybrid 3x a week in Chandler, AZ
18 month W2 Contract
Day-to-day responsibilities:
Participate and identify security risks companywide and ensure that appropriate data security procedures and products are implemented. Maintain an awareness of bank security policies and government regulations pertaining to information security.
Investigate and respond to alerts from their internal systems, as well as calls and messages from internal and external parties about potential hits to the system during business hours, not “on call.”
Review the development, testing, and implementation of security plans, products, and control techniques.
Develop and implement security standards, procedures, and guidelines for multiple platforms and diverse systems environments.
Investigate and recommend appropriate corrective actions for data security incidents.
Identify regulatory changes that will affect information security policy, standards, procedures, and recommend appropriate changes.
Provide security consulting and project management services on highly complex information security projects and issues.
Collaborate and consult with peers, colleagues, and managers to resolve issues and achieve goals.
Interact with internal customers.
Receive direction from leaders and exercise independent judgment while developing the knowledge to understand function, policies, procedures, and compliance requirements.
Required skills & technologies (“must-haves”):
Technology power ranked below.
Google Chronicle
FireEye, Crowdstrike
XSOAR
Twinwave
Azure
Akamai
Soft Skills: Personable, Coachable
If you are interested, please send over your updated resume and contact information to [email protected]
EEO Employer
Apex Systems is an equal opportunity employer. We do not discriminate or allow discrimination on the basis of race, color, religion, creed, sex (including pregnancy, childbirth, breastfeeding, or related medical conditions), age, sexu"
data architect,Data Architect,189,182,147,data,0.709,150006.0,21,6.9,https://www.linkedin.com/jobs/view/data-architect-with-security-clearance-at-clearancejobs-3753473992,ClearanceJobs,"Job Number: R0180860 Data Architect
The Opportunity: For an organization to transform in today's digital world, it needs to properly collect, store, and organize its data. Effective data management can enable more efficient operations, yielding more growth. As a data architect, you know how to apply your creative thinking and analytical mindset to help organizations manage their data assets. We're looking for a data architecture lead like you to solve complex challenges and deliver leading-edge solution. As a data architect, you'll use your extensive technical expertise to lead the design of data architecture solutions. You'll resolve routine data architecture-related issues in collaboration with business analysts and technology teams by analyzing data architecture-related business needs and working with project staff to make decisions and recommendations on future data architecture developments. You'll lead your team as it designs, defines, develops, and tests cloud solution components, and you'll serve as a liaison between clients and developers to ensure that requirements are met and solutions are delivered. With your motivation to establish processes and facilitate technological innovation, you'll make a lasting impact. Empower change with us. You Have: * 15+ years of experience with software engineering in all aspects of the Software Development Life Cycle (SDLC) * Experience designing and maintain fiber channels and network-attached SANs * Experience with Linux and Windows operating systems * Experience with modeling application data and application data for downstream analytical needs * Experience with data management, transformation, and migration using Cloud data management pipelines, technologies, and open-source tools * Knowledge of an analytical or statistical language, including Closure, Scala, Python, or R * Ability to perform fiber storage switch administration * Ability to perform replication strategies, including On-Site and Cloud * TS/SCI clearance"
network automation engineer,Network Automation Engineer,187,5,5,devops,0.837,,1,0.0,https://www.linkedin.com/jobs/view/sr-network-automation-engineer-at-sonitalent-corp-3733816977,Sonitalent Corp,"Job Title –
Sr Network Automation Engineer,
Job Location -
Marietta GA (near Atlanta GA) --- ONSITE ROLE – Need to be local
Duration - 6 Months+ C2H
Visa -USC Only
Mode Of Interview - Phone/Skype
Note - Need LinkedIn
NOTE: this is NOT a Python Web Developer role. This is a Network Automation role –develop automation scripting related to network infrastructure which can include streamlining network process operations, network gear configuration, optimizing deployments of Cisco routers, switches and ACI gear. Must have recent experience with below items.
NOTE: resumes must clearly state the key mandatory items as listed below.
Overview: Will play a critical role in enhancing the efficiency/scalability of customers' network infrastructure via DevOps automation scripting of network-related equipment in a complex environment. We are an equal opportunity employer.
Mandatory
5+ yrs Python, Jinja2, Ansible, Terraform - scripting/automation development
1+ yrs Network Automation scripting with Network Routers, Switches, and/or Firewalls with any of these products: Cisco, Ruckus, Fortinet, F5, Palo Alto, etc.
Backend dev w/ Python Framework & other tech building autonomous CI/CD pipelines
Understands business objectives/operational needs & able to build automations for enhanced network efficiency, reliability, and security
Understands standard network protocols, devices, and configurations
Strong with Agile methods, Github and Sprints; familiar with Version Control Systems (Git) for managing codebase
Professional, Reliable, on task, collaborative, strong problem-solving skills, Able to work individually & in team to understand requirements, consult on automation options
Create tech documentation (user stories, tech guides, procedures), perform knowledge transfer, train team members on automation processes
Outstanding Customer-facing, customer service and problem-solving skills; will work with clients, understanding objectives, discover environment, challenges, goals & put plan"
database administrator,Database Administrator,183,167,134,database,0.712,128375.0,21,8.7,https://www.linkedin.com/jobs/view/database-administrator-iii-at-b-e-a-t-llc-3707286647,B.E.A.T. LLC,"Job Title:
Database Administrator III
Locations:
Multiple Locations (Rock Island IL ; Fort Huachuca, AZ ; Fort Detrick, MD ; Fort Stewart, GA ; Carlisle Barracks, PA ; Fort Dix, NJ; Ft Rucker, AL; Ft. Eisenhower, GA (Ft. Gordon))
Clearance:
Secret
Certifications:
CompTIA Security+CE
Education:
Bachelor’s degree in Engineering, Computer Science, Telecommunications or a related field
Roles And Responsibilities
Minimum six (6) year of experience in the design, development, implementation, and maintenance of data base management systems with three years of Remedy Action Request System.
Participates in/supports the identification, evaluation, and recommendation of DBMS design concepts and/or available products based on a matching of system capabilities to validated user requirements.
Determines file organization standards, table structures, indexing methods, replication schedules, and access controls for specific applications.
Develops data queries and report generation formats.
Monitors database usage, troubleshoots data compatibility and integrity issues, and makes modifications for enhanced performance.
Defines and documents database administration policies and procedures.
Show more
Show less"
technical program manager,Technical Program Manager,174,143,109,product,0.654,161000.0,36,12.1,https://www.linkedin.com/jobs/view/technical-program-manager-at-ust-3797251124,UST,"Job Description
Technical Program Manager
Project Manager I
Who We Are
Born digital, UST transforms lives through the power of technology. We walk alongside our clients and partners, embedding innovation and agility into everything they do. We help them create transformative experiences and human-centered solutions for a better world.
UST is a mission-driven group of over 39,000+ practical problem solvers and creative thinkers in over 30+ countries. Our entrepreneurial teams are empowered to innovate, act nimbly, and create a lasting and sustainable impact for our clients, their customers, and the communities in which we live.
With us, you’ll create a boundless impact that transforms your career—and the lives of people across the world.
Visit us at UST.com .
You Are
UST team is looking for a technical program manager for their client. As a Junior Technical Program Manager, you will coordinate new software, embedded firmware and electronic hardware features for several concurrent programs within Core R&D. Work with Electronic Engineers, RF engineers, Systems Engineers and Embedded Software Engineers to create feature rollout plans to meet the platform deliverables within product development phases. Identify the risks, mitigations, and contingency plans for new features. Work closely with client business units, tool owners, and other technical support groups in cross-functional teams.
The Opportunity
Ensures that specific project and program objectives are defined for areas of responsibility, and that necessary preliminary activities (e.g., determination of outcomes, milestones, viability studies, and resource planning, among others) are completed to allow for effectiveness and focus during later stages of completion.
Ensures that all projects and programs assigned are completed in accordance with predetermined requirements, with specific attention to product/process specifications, project/program costs, resource utilization, and timeliness for completion.
Develops p"
jde business analyst,Jde Business Analyst,166,3,3,product,0.825,,0,0.0,https://www.linkedin.com/jobs/view/jde-business-analyst-aerospace-at-trelleborg-sealing-solutions-3763314884,Trelleborg Sealing Solutions,"Trelleborg is a world leader in engineered polymer solutions that seal, damp and protect critical applications in demanding environments. Our innovative engineered solutions accelerate performance for our customers in a sustainable way. By providing products and solutions in 18 different industries, our products can be found from the seabed to outer space.
As a member of our EISA team, you will support our growing Aerospace operations across the Americas through your expertise in JD Edwards E1 software. This role is responsible for defining systems scope, objectives and functionality based on the needs of the end users and a strong understanding of business processes. You will play a vital role in ensuring our ERP systems can meet the needs of our rapidly expanding business.
Job Duties
Respond to support tickets requesting error fixes or enhancements
Act as the liaison between the end users and development teams to ensure business needs are translated accurately into development tasks and end results meet user requirements.
Train end users on system functionality
Communicate regularly with stakeholders to define scope and objectives of various projects
Estimate resources, timelines, requirements, and feasibility of potential projects and assist management in prioritizing projects.
Requirements
Bachelor’s degree in information systems, Business, or related field
4 Years of experience working within JD Edwards Enterprise One the Distribution module
Experience working withing the Manufacturing and Finance module is preferred.
Travel Requirement
Up to 15% Domestically and on occasion International as needed
Work Environment
On Site
Recruitment Process
Once your application has been received, a member of our Human Resources team will evaluate and be in touch if they feel you are a fit for the position.
Application
Right Click Here to compete our US Application.
Show more
Show less"
security analyst,Security Analyst,164,147,114,security,0.724,112675.0,21,1.8,https://www.linkedin.com/jobs/view/sr-security-analyst-at-neptune-technology-group-3804374752,Neptune Technology Group,"Position Summary
As the Security Analyst, you will be responsible for ensuring the organization is effectively designing, developing, and implementing security compliance controls and solutions. You will engage with stakeholders throughout the organization, and throughout the Product Lifecycle to ensure that standard security practices are followed and implementing risk mitigations where required. The position will work closely with IT Operations, Information Technology, Commercial Software, and Engineering, along with the business to ensure there is a consistent and common approach to implementation of security and compliance management activities.
Responsibilities
Security Operations and Risk Management
Collaborate with cross-functional teams to implement compliance initiatives and security controls
Lead Security projects from ideation through deployment/delivery, while supporting day to day Security Operations
Support Neptune’s Security Operations Center (24x7x365) on overall event and incident management activities
Ensure security requirements are implemented within various stages of the Software/System/Product lifecycle process
Working with various product management teams from design to build phases
Work closely with teams to Pen Test new features within software, products, infrastructure
Work with teams to validate and address vulnerability and threat findings from analysis partners and tools
Research upcoming IT trends and make security recommendations
Perform security reviews of software/product/infrastructure designs to assist developers in ensuring quality and robustness of our software and products
Engages in Disaster Recovery Planning/Testing to ensure all risks and potential threats have been mitigated
Leads analysis and review of security events conducted throughout the company
Leads exploration of practical security solutions to address emerging threats and compliance requirements, including design and implementation of recommended solutions
Supports"
salesforce developer,Salesforce Developer,154,146,107,engineering,0.733,135200.0,17,8.4,https://uk.linkedin.com/jobs/view/salesforce-developer-at-techohana-3784597707,TECHOHANA,"Job Title: Salesforce Developer
About Us:
Our client is dedicated to bettering the world and is trying to improve the world. With this, our client is a non profit organization.
Role Overview:
We are seeking a skilled Salesforce Developer to join our dynamic team. As a Salesforce Developer at our client, you'll be instrumental in building and optimizing our Salesforce platform. Your expertise will contribute to the success of our business operations and enhance the experience for our customers and internal stakeholders.
Responsibilities:
Design and develop customized Salesforce solutions using Apex, Visualforce, and Lightning components to meet business requirements.
Collaborate closely with stakeholders to understand needs, propose solutions, and implement scalable Salesforce applications.
Integrate Salesforce with other systems and platforms, ensuring seamless data flow and functionality.
Maintain and enhance existing Salesforce functionalities, troubleshoot issues, and provide ongoing support.
Keep abreast of Salesforce updates, best practices, and industry trends to suggest improvements and optimizations.
Requirements:
Bachelor's degree in Computer Science, Engineering, or a related field, or equivalent work experience.
Demonstrable experience as a Salesforce Developer with proficiency in Apex, Visualforce, Lightning Web Components, and Salesforce APIs.
Strong understanding of Salesforce architecture, data models, and security best practices.
Salesforce certifications (e.g., Salesforce Certified Platform Developer, Salesforce Certified Administrator) are highly desirable.
Excellent problem-solving skills, a collaborative mindset, and effective communication abilities.
Perks and Benefits:
Competitive salary and comprehensive benefits package.
Opportunities for professional growth and career development.
A collaborative and inclusive work culture that values innovation and creativity.
Chance to work on exciting projects and contribute to the company's success.
How "
virtualization engineer,Virtualization Engineer,153,4,4,network_infra,0.796,,0,0.0,https://www.linkedin.com/jobs/view/virtualization-engineer-at-epic-3517116992,Epic,"We are looking for a VMware Engineer to join our multi-tenant, industry-leading, hosting team managing an environment of over 6000 hosts and over 65,000 virtual machines. You’ll apply your technical prowess and problem-solving skills to develop and maintain a robust, reliable, high-performance foundation for some of the largest healthcare organizations in the country to access our world-class software. Our multi-tenant, ever-growing environment scales through our code-first, DevOps focused culture. Spend more time automating and orchestrating and less time performing point-and-click tasks.
As part of Epic's hosting team, you'll enjoy opportunities to keep abreast of the latest technologies. You'll collaborate with infrastructure teams from traditional networking to storage administration to influence the design of our high-performance systems that ultimately allow healthcare providers to better do what they do best - take great care of patients. Shifted hours available. Learn more about the team at https //careers.epic.com/Jobs/Hosting.
As an Epic employee, you'll get to experience our state-of-the-art campus, eat delicious food, and improve healthcare for the world. We don't believe in cubicles here at Epic but instead believe that your best work is done in a spot that works for you. Whether it be working in your office, a conference room, or in our hosting facility, there are plenty of places to do important work that is helping healthcare organizations improve care for patients. Our award-winning culinary team will keep you well fed with meals prepared by top culinary talent and our sabbatical program will ensure you are able to travel to global destinations you've always wanted to visit.
More than just important work
.
Epic is located in Madison, Wisconsin, a city regularly ranked as one of America's best places to live. Epic's environment is one of continuous learning; you'll have access to opportunities to expand your skill set and share your knowledge with ot"
platform engineer,Platform Engineer,152,90,48,devops,0.738,175000.0,36,9.2,https://www.linkedin.com/jobs/view/senior-lead-platform-engineer-iam-at-jobs-for-humanity-3792089545,Jobs for Humanity,"Company Description
Jobs for Humanity is partnering with Capital One to build an inclusive and just employment ecosystem. Therefore, we prioritize individuals coming from the following communities: Refugee, Neurodivergent, Single Parent, Blind or Low Vision, Deaf or Hard of Hearing, Black, Hispanic, Asian, Military Veterans, the Elderly, the LGBTQ, and Justice Impacted individuals. This position is open to candidates who reside in and have the legal right to work in the country where the job is located.
Company Name: Capital One
Job Description
Job Title: Senior Lead Platform Engineer (IAM) Are you passionate about technology and solving complex problems? Do you thrive in a collaborative and inclusive environment? At Capital One, we are a diverse team of innovators and problem solvers who are dedicated to meeting the needs of our customers. We are currently seeking Platform Engineers who are excited about using emerging technologies to create and support DevOps tools. Join us and be part of a transformational journey at Capital One. As a Senior Lead Platform Engineer in the Operational Excellence team within our Cyber Identity and Access Management (IAM) organization, your role will be to provide architecture, engineering, and production support across the entire IAM portfolio. Your focus will be on improving automation, resiliency, and reliability. You will work closely with application engineers, functional partners, and IAM Engineering leadership. What You'll Do: - Collaborate with engineers, architects, and other teams to identify technical and functional needs and improve automation, resiliency, and reliability across the IAM portfolio. - Lead initiatives to enhance the health and availability of IAM applications through automation, defining new patterns, reducing one-off solutions, and creating a more secure and resilient IAM service. - Take charge of responding to operational disruptions, identifying long-term solutions, and improving the stability, reliabili"
network architect,Network Architect,152,144,100,network_infra,0.726,148000.0,17,9.2,https://www.linkedin.com/jobs/view/network-architect-senior-us-at-zortech-solutions-3793690391,Zortech Solutions,"Role: Network Architect (Senior)
Location: Austin, TX (Onsite)
Duration: 6+ Months
Job Description
Must have 15+ years
The engineer in this role should exhibit a strong passion for building and improving secure networks, with a focus on project delivery. This role requires the individual to think critically through problems and be a self-starter when completing assigned project and support escalation work. Excellent written and verbal communication skills are a must, as significant customer interaction is required.
Roles And Responsibilities
Design, configure, and test network solutions per scope of customer projects
Perform troubleshooting and support activities as part of project delivery
Lead or participate in discovery and design workshops
Support physical installation of network and security devices, either in person or remotely
Lead network assessment projects, and provide oversight for Engineering staff members in the development and presentation of findings and recommendations
Communicate progress and status of deliverables to customer and other stakeholders
Maintain technical acumen and apply as necessary
Experience in DR set up
Skills/qualifications
10+ years of network/security implementation and/or management experience required
Strong understanding of network routing and switching protocols required
Demonstrated experience with WAN and backbone network protocols (BGP, OSPF, MPLS, etc.) required
Experience with next generation firewall technology (Palo Alto, Check Point, Fortinet, etc.) desirable
Experience with cloud (AWS, Azure, GC) network and/or security desirable
Certificates within network/security domain (CCNA, CCNP, CCIE, PCNSE, etc.) desirable
Excellent analytical, interpersonal, and communication skills with the ability to communicate complex technical issues in an easy-to-understand manner
Resourceful, with the ability to work independently
Strong time management skills and attention to detail
Ability to multi-task activities with shifting pri"
application developer,Application Developer,150,125,100,engineering,0.642,102750.0,18,7.3,https://www.linkedin.com/jobs/view/sr-application-developer-at-bayforce-3795228421,Bayforce,"Role Title:
Sr. Application Developer
**NO Sponsorship or 3rd Parties for this role.
Duration:
6 month+ CTH
Location:
5 days / week on site - East Chicago, IN
Role Description:
A client in the manufacturing industry is looking for a skilled Application Developer to develop and maintain planning, quality, and logistics applications using the Microsoft web developer toolset. This person will be working directly with business management and staff to gather requirements, perform analysis and create Functional & Technical specifications. They will provide support to the business users, a team player mentality is essential to succeed in this role.
Requirements:
Experience programming in the Microsoft tech stack (.NET core, C#, ASP.net, MVC, entity framework, JS, JQuery, Angular JS, SQL Server, etc.)
8+ years' IT experience
Prior experience working directly with the business in a Systems Analyst role or similar
Plusses:
Oracle development background
Experience in any of the following:
SSIS
Power BI
Vb.net
AJAX
Bootstrap
GIT
Show more
Show less"
information technology,Information Technology,150,3,3,security,0.875,,0,0.0,https://www.linkedin.com/jobs/view/information-technology-it-specialist-security-infosec-at-indian-health-service-3799014743,Indian Health Service,"Summary
The IT Specialist (INFOSEC) will work in the Office of Information Technology, Division of Information Security located at the Headquarters of the Indian Health Service in Rockville, MD. The incumbent of this position will serve as an IT Specialist responsible for planning, developing, organizing, and coordinating IT security projects, which at times involve exceptional controversy, intensive outside interest, and significant long-range effects.
Drafting Policies And Related Standards
Provides audit liaison support to IT operations, such as the Federal Information Security Act (FISMA), Chief Financial Officer, and others as directed.
Assisting with Development of Program:
Assists in developing procedures, awareness programs, and supporting templates to aid stakeholders in developing their IHS certification and accreditation.
Participation in Surveys:
Individually or as a team member, participates in surveys, studies and other investigations of management practices and administrative operations to determine the adequacy of present systems and to improve organizational operations.
Division Support for Requirements:
Supports the division with FISMA and NIST framework requirements such as NIST 800-53r5 and other applicable standards.
Assists with the coordination of system lifecycle documents, such as a system security plan (SSP), backup requirements, and other artifacts required for each federal system.
Requirements
Conditions of Employment
Must pass pre-employment examination.
Selectee may be subject to a probationary period
U.S. Citizenship is required
Selective Service Registration is required for males born after 12/31/1959
Successfully pass the E-Verify employment verification check. To learn more about E-Verify, including your rights and responsibilities, visit www.dhs.gov/E-Verify/.
Background Investigation
: If you are selected for this vacancy, you must undergo a pre-employment fingerprint check and background investigation. Fingerprint results and bac"
software architect,Software Architect,147,118,86,engineering,0.672,155900.0,33,4.1,https://www.linkedin.com/jobs/view/software-architect-at-datamark-inc-3755859087,"DATAMARK, Inc.","Description
Position Overview:
The Software Architect is responsible for the design, implementation, security and performance of a company’s software. The Software Architect will collaborate with members of the Software Development team and other key departments to determine functional and non-functional requirements for a new software or applications.
Primary Responsibilities:
Participate in the evaluation, selection, implementation and support of off-shelf tools to improve operational productivity and efficiency.
Promote the use of Open Source Software for areas that show it to be the best alternative.
Analyze system solution requirements in order to aid in the design of software systems.
Create comprehensive designs for systems that implement required business solution.
Define alternative solutions to current problems related to existing software systems.
Ensure that system designs are consistent and user-friendly.
Create/maintain comprehensive design documentation for assigned product(s).
Participate in establishing and pursuing the long-term technology vision for the team
Qualifications
Minimum Qualifications:
Education Requirement:
Bachelor’s degree in technical area, or equivalent work experience.
Field Experience:
At least 5 years of experience in the software development/integration field
Position Experience:
At least 3 years of experience in a software development role
Other Qualifications:
Proven success with implementation of core system modules
Broad knowledge of technology fundamentals across all disciplines, e.g. software delivery, datacenter environment, network architecture, IT security, IT project management. - Preferred
Experience working in an ITIL environment. Knowledge of industry standards for Incident Management, Problem Management, Change Management, Release Management, Configuration Management. ITIL Foundations certification (v3 or v4) - Preferred
Experience using IT Service Management workflow systems such as ServiceNow, Remedy, Service Ma"
it business analyst,IT Business Analyst,143,135,115,product,0.707,90970.0,22,5.6,https://www.linkedin.com/jobs/view/it-business-analyst-at-mallinckrodt-pharmaceuticals-3796748720,Mallinckrodt Pharmaceuticals,"Job Title
IT Business Analyst
Requisition
JR000013790 IT Business Analyst (Open)
Location
US Specialty Brand Headquarters - USA501
Additional Locations
Bridgewater, NJ, St. Louis, MO
Summary
Job Description
The IT Business Analyst role will identify, define and document business processes and software requirements to be developed as software. They serve as a liaison between business and IT teams by facilitating communication and determining software objectives that align with stated and unstated business needs. This person will be responsible for overseeing requirements gathering, which includes eliciting, validating, and verifying the business needs and supporting system enhancements thru to production implementation. This person should be able to quickly learn new business processes and applications to support the business. Participates both hands-on and guiding 3rd parties / managed services through the software development lifecycle, including generation of functional and technical specifications, documentation of processes, generation and execution of test scripts and management of the change control process. This position may also support daily operational responsibilities for certain systems and serve as a liaison between business partners and 3rd parties / managed services or other team members in IT for problem resolution.
Essential Functions
Work with business partners to elicit high-level requirements and capture business needs; understand the customer journey and define and/or validate user requirements
Engage with business partners to influence project decisions; assess risks of various solutions and prioritize competing business demands
Promote architectural consistency and usability standards; define and execute test cases
Understand business needs and convert them to business requirements and functional specifications; ensure business requirements are well described, and documented
Define business process diagrams, testing scenarios and acceptance cr"
jd edwards business analyst,Jd Edwards Business Analyst,142,3,3,product,0.799,,0,0.0,https://www.linkedin.com/jobs/view/jd-edwards-business-analyst-at-laticrete-international-3660443849,LATICRETE International,"Classification:
Salary
Job Description:
Are you looking for a new challenge? Passionate about innovation? Want to work for a company that values integrity, teamwork and loyalty?
At
LATICRETE International
we are driven to be a top ten construction chemical company that still values family, diversity, collaboration and invention. We’ve been in business for over 65 years, family owned/operated for three generations and are available in 100 countries.
In 2017, The Hartford Business Journal named us one of Connecticut’s Top Family Owned Companies!
We don't just make innovative, industry-leading products. We strive to connect with, engage with and improve the lives of our employees, our customers, our partners, and the global communities in which we operate.
We are seeking passionate and ambitious employees who want to make a difference not just within our organization, but within their communities and the world. If that sounds like you, then what are you waiting for? Join the family and expand your horizons!
Position Summary
This role will be responsible for analyzing/supporting JD Edwards based solutions. Facilitates the integration of technology into business operations with the goal of using technology to improve operations or efficiency. This position specializes in several JDE modules and acts as a techno functional lead for that part of the system. The JDE Business Analyst is responsible for providing input and assisting in the development and implementation of business initiatives to support company operations and business decision-making.
Essential Duties And Responsibilities
Additional duties and responsibilities may be assigned, as necessary.
Proficient in JDE E1 Order to Cash cycle and Procure to Pay cycle
Strong understanding of in JDE E1 financials functional including AR, AP, and GL
Strong understanding of JDE E1 Inventory, Shop floor and Manufacturing module.
Proficient in database SQL queries, data extracts, V-Lookups, Analysis of data.
Prepare test data"
php developer,Php Developer,139,47,40,engineering,0.756,114400.0,3,4.3,https://uk.linkedin.com/jobs/view/senior-php-developer-at-eclipse-total-solutions-limited-3804361265,Eclipse Total Solutions Limited,"Our clients are a leading provider of software solutions, catering to diverse industries and clients. With their commitment to innovation and customer satisfaction, they deliver cutting-edge software products that drive business growth. They are currently seeking a talented PHP Developer to join the team and contribute to their clients' success.
Job Description
As a PHP Developer, you will play a crucial role in developing and maintaining web applications using PHP and related technologies. You will collaborate with a skilled team of developers, designers, and project managers to deliver high-quality solutions that meet our clients' requirements.
Responsibilities
Develop, test, and maintain web applications using PHP and related technologies
Collaborate with cross-functional teams to understand client requirements and deliver effective solutions
Write clean, efficient, and well-documented code
Troubleshoot and debug applications to resolve issues and optimize performance
Stay updated with the latest industry trends and best practices in PHP development
Contribute to the improvement of development processes and tools
Requirements
Bachelor's degree in Computer Science or a related field (or equivalent work experience)
Proven experience as a PHP Developer, with a strong portfolio of projects
Proficiency in PHP, HTML, CSS, JavaScript, and MySQL
Experience with PHP frameworks such as Laravel, Symfony, or CodeIgniter
Familiarity with front-end technologies, including jQuery and Bootstrap
Knowledge of version control systems, such as Git
Strong problem-solving skills and attention to detail
Ability to work independently and collaboratively in a team environment
Excellent communication and interpersonal skills
Preferred Qualifications
Experience with other programming languages, such as Python or Ruby
Knowledge of modern web development practices, including RESTful APIs and microservices architecture
Familiarity with cloud platforms such as AWS or Azure
Understanding of Agi"
control systems engineer,Control Systems Engineer,131,114,65,devops,0.717,126726.0,21,0.0,https://www.linkedin.com/jobs/view/control-systems-engineer-at-liberty-personnel-services-inc-3650178799,"Liberty Personnel Services, Inc.","Job Details:
Control Systems Engineer
Renowned Automation Systems Integrator seeks intermediate or senior level Electrical Controls Engineer with ability to program, implement & develop PLC, HMI & SCADA systems.
BS degree in Electrical Engineering
Allen Bradley PLC, HMI programming, development
HMI/SCADA: FactoryTalk & Wonderware background
Industrial control systems design, programming, testing, commissioning and start up experience
VT SCADA experience preferred
PlantPAx
Oil & Gas/Energy, Water/Wastewater, Mission Critical, Data Center, Food & Bev and similar process controls industries
Ability to travel
I/O's
P&ID's
VFD's
Fisher ROC, ABB Totalflow
Client interaction skills
Fantastic opportunity to work for a top systems integration firm!
FT, permanent, direct hire!
Contact: Patrick Del Gaone, Liberty Personnel: PD@LibertyJobs.com
Keywords:
ControlLogix, RSLogix, SLC-500, CompactLogix,
FactoryTalk View SE, RSView, Intellution iFix, VTScada, Wonderware InTouch & ArchestrA,
Proficy Historian, iHistorian, Midstream Oil & Gas, Water/Wastewater, Energy, DeltaV, Siemens, Schneider Electric, GE Fanuc, Modicon
#Controls
#Midsenior
Show more
Show less"
business intelligence developer,Business Intelligence Developer,127,105,90,data,0.731,107110.0,23,7.1,https://ca.linkedin.com/jobs/view/business-intelligence-developer-at-insight-global-3799984273,Insight Global,"Day to Day
We are looking for a Senior Business Intelligence Engineer with broad technical skills to dive deep into complex data projects. Reporting into the Lead BI Engineer, you collaborate with central analytic and data engineering teams that consist of Analysts, Data Engineers, and Data Architects, to support end-to-end pipelines and Business Intelligence frameworks. You will have experience developing and establishing scalable, efficient, automated processes for large-scale data analyses and have an excellent ability dealing with huge volumes of data. You will also stay informed of the latest trends and research on all aspects of BI and Analytics and will have experience delivering complex projects with broad decision-making on technical decisions and implementation.
Key Responsibilities
● You will develop automated reporting to promote data-driven decisions across our team and with partner teams.
● You will be involved in the entire development life cycle from brainstorming ideas to implementing elegant solutions to derive data insights.
● You will gather requirements, model and design solutions to support reporting analytics.
● You will work with analysts, understand requirements, and help develop PowerBI data models to support important business reporting.
● You will support the process of adoption of new technologies and applications we use to integrate analytical solutions.
● You will promote strategies to improve our PowerBI data modeling, quality, and architecture
Must-haves
● 5+ years of relevant industry experience in BI engineering/report development
● Proficiency in writing advanced, performant SQL queries.
● Well versed in PowerBI report optimization and tuning, able to set up data models.
● Experience in design principles and able to give design opinions and recommendations.
● Well versed in consuming large enterprise data sets.
● Experience using alternative or custom data sources within PowerBI (ex. REST APIs).
● Proficient in DAX and M language."
technical support specialist,Technical Support Specialist,124,109,85,it_support,0.695,59750.0,23,2.4,https://www.linkedin.com/jobs/view/technical-support-specialist-at-motion-recruitment-3801479249,Motion Recruitment,"Technical Support Specialist
Onsite Logan, UT
12-Month Contract with The Opportunity for Extension or Conversion
Our client is looking for a Technical Support Specialist who will play a key role in the customer support function. As Technical Support you are expected to demonstrate strong technical knowledge and a customer service focus for a wide variety of technologies and applications.
What You Will Be Doing
A Technical Support Tier 1 employee responds to and resolves customer tickets that include questions, requests for services and technical troubleshooting.
Be the Hands and feet for the team- anything plugged into the network - contractor will be working on. Infrastructure – provide hands and feet to understand basics in the onsite environments.
Managing and troubleshooting Windows OS / Server environments
Managing, troubleshooting, and deploying printers
Required Skills & Experience
Some college-level training with specialized course work in computer science, personal computer operations or related subject; and A+ and one other technical certification
2-3+ years’ work experience involving computer hardware/software at a technical level.
Demonstrated proficiency with operating systems, business applications, and computer hardware platforms.
Ability to detect, diagnose, and resolve desktop and portable computer software and hardware failures.
Knowledge in firewalls and networking (Switches/Routers)
Good working knowledge in Microsoft Office 365, Microsoft Exchange, Azure AD and SSO
MAC support - would be a plus.
You will Receive the Following Benefits
Medical, Dental & Orthodontia, and Vision Insurance - Four medical plans to choose from for you and your family
Health Savings Account (HSA)
Health and Dependent Care Flexible Spending Accounts
Voluntary Life Insurance, Long-Term & Short-Term Disability Insurance
401(k) with pre and post-tax options
Paid Sick Time Leave
Pre-tax Commuter Benefit
Motion Recruitment Partners is an Equal Opportunity Employer, including"
cloud engineer,Cloud Engineer,124,110,93,devops,0.736,130000.0,22,4.0,https://www.linkedin.com/jobs/view/sr-cloud-engineer-ii-at-pacific-life-3761259728,Pacific Life,"Job Description
Pacific Life is maturing its cloud platforms to support its digital transformation journey. We are looking for a senior level cloud engineer that will help us build the capabilities for the organization to leverage cloud services safely, securely, and efficiently at scale. This individual will be part of a team of highly skilled cloud engineers who will help in building the next generation of cloud platforms at Pacific Life. They will be integral to the design and implementation of core cloud infrastructure, CI/CD pipelines for build and deploy, cloud governance platforms and controls, and the necessary automation and best-in-class tooling to support it. The individual will provide expert consultation and guidance to these key areas and help us build a world-class suite of cloud-enabled capabilities. The successful candidate will have proven experience in achieving these goals in a large and highly distributed enterprise organization. They should be a team player, great communicator, insatiable learner, and business-value oriented.
Essential Duties & Responsibilities
Deliver software programs, scripts, configuration files, and other programming artifacts as needed to implement solutions using the following tools (not exclusively): AWS, Azure, Terraform, Ansible, Azure DevOps Pipelines.
Ensure security of all assets in the cloud by integrating security best practices for shared secrets, key rotation, and other security requirements. Work with our corporate security team to enforce policies and deploy cloud security tools to protect and monitor access.
Work within an Agile team to prioritize and organize work efforts.
Monitoring system performance and recommend, execute, and automate corrective action.
Mentor others in the principles and best practices of cloud-native architecture and design, implementation strategies, and software development methodologies.
Ensure the end-to-end availability and performance of mission critical services, and build auto"
c#/ net developer,C#/ Net Developer,123,7,6,engineering,0.815,,0,95.1,https://www.linkedin.com/jobs/view/c%23-net-developer-at-syms-strategic-group-llc-ssg-3798896024,"Syms Strategic Group, LLC (SSG)","Syms Strategic Group (SSG)
is seeking a talented .
Net/C# Developer
Department:
Veterans Affairs
Type:
Full Time
Min. Experience:
Experienced
Security Clearance Level:
Public Trust (MBI)
Military Veterans are highly encouraged to apply!
Essential Duties And Responsibilities
.Net and/or C# experience required.
Performs code reviews.
Performs system maintenance and enhancements.
Designs and develops computer systems or programs, including prototypes, based on user defined requirements.
Writes code, programs, tests, and analyzes new application software.
Works more independently with IT functional units and business units.
Required Skills and Experience
8+ years’ .Net experience and/or
8+ years’ C# experience
SQL DB
GIT
AWS experience
JIRA Experience
Experience in a high paced DevOps environment
Experience in large scale Enterprise environments
U.S. Citizenship required for this position.
Professional Certifications
None required however AWS Cloud Certification is a plus
Years of Professional Experience
8+ years of C# development experience
8+ years of .NET development experience
AWS
GIT
Experience in large scale Enterprise environments
Desired experience
Electronic Data Interchange X.12 (EDI) Medical Claims
X.12 medical claims (837, 834, 277, etc)
Experience with T-SQL
Experience in a high paced DevOps environment
Experience working with remote U.S. based teams (Not Offshore teams)
Formal Education
Bachelor’s degree in Computer Science, Software/Systems Engineering, or equivalent technical degree
Citizenship Requirement
U.S. Citizenship required for this specific opportunity
Security Clearance Requirements
Must possess or qualify for a Public Trust (MBI)
CRITICAL NOTES:
SSG will not make assumptions regarding your qualifications. Your answers to the mandatory screening questions must be supported by the information on your resume. Applications with inconsistencies will not be considered.
Recruiters or Third parties will not be considered.
This is a 100% U.S. based rem"
"manager, data engineer","Manager, Data Engineer",117,49,19,data,0.808,193095.0,29,1.7,https://www.linkedin.com/jobs/view/manager-data-engineering-python-aws-airflow-snowflake-hybrid-at-jobs-for-humanity-3792085915,Jobs for Humanity,"Company Description
Jobs for Humanity is partnering with Capital One to build an inclusive and just employment ecosystem. Therefore, we prioritize individuals coming from the following communities: Refugee, Neurodivergent, Single Parent, Blind or Low Vision, Deaf or Hard of Hearing, Black, Hispanic, Asian, Military Veterans, the Elderly, the LGBTQ, and Justice Impacted individuals. This position is open to candidates who reside in and have the legal right to work in the country where the job is located.
Company Name: Capital One
Job Description
Manager, Data Engineering (Python, AWS, Airflow, Snowflake) (Hybrid) We are looking for passionate individuals to join our team of data engineers at Capital One. As a data engineer, you will be part of creating the next generation of data products and capabilities. Responsibilities: - Build data pipeline frameworks to automate high-volume and real-time data delivery. - Build data APIs and data delivery services for operational and analytical applications. - Transform complex analytical models into scalable solutions. - Continuously integrate and ship code into on premise and cloud environments. - Develop applications using modern technologies like Scala, Spark, Postgres, Angular JS, and NoSQL. - Collaborate with Product Owners and customers to deliver data products. Basic Qualifications: - Bachelor's Degree. - At least 6 years of application development experience. - At least 2 years of experience in big data technologies. - At least 1 year of cloud computing experience. Preferred Qualifications: - Master's Degree. - 7+ years of application development experience. - 4+ years of experience with a public cloud. - 4+ years of experience with distributed data/computing tools. - 4+ years of experience working on real-time data and streaming applications. - 4+ years of experience with NoSQL implementation. - 4+ years of data warehousing experience. - 4+ years of experience with UNIX/Linux and shell scripting. - 4+ years of experien"
"manager, information security office consultant","Manager, Information Security Office Consultant",116,30,4,security,0.918,211350.0,22,0.0,https://www.linkedin.com/jobs/view/manager-information-security-office-consultant-threat-modeling-at-jobs-for-humanity-3792086932,Jobs for Humanity,"Company Description
Jobs for Humanity is partnering with Capital One to build an inclusive and just employment ecosystem. Therefore, we prioritize individuals coming from the following communities: Refugee, Neurodivergent, Single Parent, Blind or Low Vision, Deaf or Hard of Hearing, Black, Hispanic, Asian, Military Veterans, the Elderly, the LGBTQ, and Justice Impacted individuals. This position is open to candidates who reside in and have the legal right to work in the country where the job is located.
Company Name: Capital One
Job Description
Manager, Information Security Office Consultant (Threat Modeling)
At Capital One, we are seeking a Manager, Information Security Office Consultant to join our team. In this role, you will help raise the bar in information security by consulting on initiatives, programs, and projects. We value practicality, collaboration, and innovation as we strive to protect our customers and associates. We work with various Cloud Service technologies and have a focus on security throughout our development processes.
Responsibilities:
Act as a central point of contact for information security in the line of business
Provide proactive information security consulting in areas such as infrastructure security, data security, network architecture, and user access management
Be an expert in Capital One's information security capabilities, solutions, policies, procedures, and standards
Encourage customers to utilize security solutions and integrate security into development processes
Manage and escalate cyber security risks
Offer support on special information security topics for the business
Provide regular updates to executive leadership on the overall information security landscape in your line of business
Work with line of business leadership to anticipate objectives and needs
Consult on securing marketing technologies and SaaS integrations
About You:
You thrive in a fast-paced, modern computing environment
You have a strong passion for securin"
"software engineer, android","Software Engineer, Android",112,45,10,engineering,0.853,175938.0,23,0.0,https://www.linkedin.com/jobs/view/senior-software-engineer-android-hybrid-at-jobs-for-humanity-3789081797,Jobs for Humanity,"Company Description
Jobs for Humanity is partnering with Capital One to build an inclusive and just employment ecosystem. Therefore, we prioritize individuals coming from the following communities: Refugee, Neurodivergent, Single Parent, Blind or Low Vision, Deaf or Hard of Hearing, Black, Hispanic, Asian, Military Veterans, the Elderly, the LGBTQ, and Justice Impacted individuals. This position is open to candidates who reside in and have the legal right to work in the country where the job is located.
Company Name: Capital One
Job Description
Senior Software Engineer, Android-Hybrid Job Description: Are you passionate about technology and solving complex business problems in a collaborative and inclusive environment? At Capital One, we are a diverse team of makers, breakers, doers, and disruptors who are dedicated to solving real problems and meeting customer needs. As a Senior Software Engineer specializing in Android development, you will play a key role in driving a major transformation within Capital One. At Capital One, we see the iOS and Android platforms as an opportunity to engage with our customers in unique and personal ways. We are constantly exploring innovative ways to leverage the full potential of mobile devices, including Apple Watch, TV, and future developments from Apple and Google. Our engineers are equipped with the best tools, including top-of-the-line Macbook Pros and multiple high-end monitors, to develop exceptional products with ease. We work in small agile teams and use industry-leading tools to collaborate effectively. Responsibilities: - Develop Android SDKs and libraries that align with our product strategy and follow engineering best practices, design guidelines, and principles. - Collaborate with Software Engineers, UX/UI designers, Quality Engineers, and Product Owners/Analysts to create high-performing customer experiences that are engaging, purposeful, and powerful in their simplicity. - Actively participate in all team agile cere"
frontend engineer,Frontend Engineer,112,69,59,engineering,0.678,202125.0,18,5.4,https://www.linkedin.com/jobs/view/front-end-engineer-blastpoint-at-innovation-works-3787720576,Innovation Works,"Software Engineer, Front-End Development
Pittsburgh, PA Headquarters Office
Job Description
As a front-end engineer at BlastPoint, you will contribute to the architecture, design, and implementation of our software-as-a-service platform, with an emphasis on front-end design and development. You’ll build powerful, intuitive, and aesthetically pleasing interfaces that help customers understand their large datasets, working closely with senior leadership and engineering team colleagues to translate product vision and business needs into clean and scalable code. We are a fast-growing startup, so you will have a lot of responsibility, but also autonomy and flexibility in how you choose to accomplish your goals.
Primary responsibilities include:
Designing and developing the user-facing features of our customer intelligence platform
Building a modular front-end architecture consisting of reusable, maintainable components
Optimizing components for maximum performance when working with large datasets
Applying sound UI/UX principles to increase customer satisfaction and engagement with the platform
Professional Requirements
2+ years of professional software engineering experience, with a focus on user-facing design and development
Advanced proficiency with the following technologies:
JavaScript (ES6)
React
HTML
CSS
RESTful API design and implementation
Experience with browser-based debugging and performance testing tools
Excellent troubleshooting skills
Strong communication skills among technical teams and business stakeholders
A history of writing clean, unit-tested code
Active participation in code reviews
Authorized to work in the United States
Ability to commute to the Pittsburgh, PA office periodically (once current pandemic constraints are lifted)
Preferred Skills And Experience
Bachelor's degree or equivalent
Experience with one or more of the following:
D3
Mapbox GL
Crossfilter.js
SASS
Jest or similar front-end testing suite
Webpack
jQuery
Axios
A working knowledge of"
frontend developer,Frontend Developer,112,108,98,engineering,0.729,125000.0,5,15.2,https://www.linkedin.com/jobs/view/senior-frontend-developer-at-ces-3793523348,CES,"Position: Front End Developer
Location: CA or NJ (Onsite )
Position: Fulltime
Responsibilities
Frontend Developer
Key Skills: React, HTML, JavaScript, CSS and Web Frontend Interface
Job Description:
Bachelor’s degree required.
7+ years of Java Front end development experience.
Experience in web development using Javascript based development (React)
Experience with modern web UI technologies (HTML5, CSS3)
Experienced in the day-to-day practicalities of Software Development Lifecycles such as Scrum.
Experience with React and web programming.
Experience with write unit tests, perform integration testing, and collaborate with quality assurance teams to ensure the reliability of backend components.
Experience with Participate in code reviews to maintain code quality, adherence to coding standards, and best practices.
Experience with Create technical documentation for frontend end components
Experience working closely with backend developers, system architects, and other stakeholders to understand project requirements and deliver end-to-end solutions.
Show more
Show less"
desktop support technician,Desktop Support Technician,101,99,58,it_support,0.751,54600.0,16,0.0,https://www.linkedin.com/jobs/view/senior-desktop-support-technician-at-latitude-inc-3787732168,Latitude Inc,"New Job Opportunity - Senior Desktop Support Technician
New job opportunity with a client based out of
Bethesda, MD.
Looking to hire an experienced Desktop Support technician with at least five years of related work experience. We are trying to fill this role within the next 2 weeks.
Logistics of the Role:
6 Month Contract to Hire
On Site
Day to Day Activities:
Your primary responsibility will be to provide first contact resolution for account administration, desktop, laptop, mobile devices, applications, and network connectivity problems remotely in a call center or walkup desk;
Installing/configuring Windows and Mac operating systems.
Troubleshoot computer problems, perform hardware and software diagnostics, coordinate needed repairs, resolve computer system problems, including coordination between users and components of a local area network, and participate in the evaluation of system configuration and software.
Responding to service requests and incidents via ticketing system, ensuring timely resolution and maintaining accurate records of all support activities
Qualifications:
Bachelor's degree in a relevant field or equivalent work experience.
Proven experience in desktop support or a related field. 5+ Years
Strong leadership and team management skills.
In-depth knowledge of desktop operating systems, hardware, and software.
Experience using ServiceNow
CompTIA certifications are preferred
Powered by JazzHR
QpnllkvuTd
Show more
Show less"
python developer,Python Developer,100,96,81,engineering,0.727,142350.0,11,7.0,https://www.linkedin.com/jobs/view/python-developer-at-cititec-talent-3796147910,Cititec Talent,"🚀
Python Application Engineer
🚀 Commodities and Energy
🚀 New York, NY (hybrid)
Are you a strong Python developer, or do you have a background as an Application Developer? Join our client's global technology team and play a crucial role in shaping the future of application development. We are seeking a talented individual with strong programming skills, emphasizing Python development and a proven track record in risk-related roles.
Responsibilities:
Design and develop cutting-edge systems for application development in collaboration with diverse business functions.
Develop, test, and maintain high-quality Python applications for various projects.
Write clean, maintainable, and efficient code adhering to best practices and coding standards.
Contribute to the strategic global data platform.
Optimize application performance and scalability to meet project requirements.
Showcase expertise in Pricing and Risk, complemented by Market Data experience.
Qualifications:
Bachelor's degree in Computer Science, Engineering, or a related field.
3-5 years of strong programming skills with Python
Solid understanding of object-oriented programming principles and design patterns.
Good AWS experience.
Experience in API-based solutions, such as FAST API.
Strong communication and collaboration skills, with the ability to work effectively in a team environment.
Advantageous:
Prior experience in building applications in the financial and/or trading sectors.
If you are a skilled Python developer with a focus on application development, and possess a robust object-oriented programming foundation, apply now!
Show more
Show less"
quality assurance analyst,Quality Assurance Analyst,96,95,84,qa,0.713,78314.0,12,9.4,https://www.linkedin.com/jobs/view/senior-quality-assurance-analyst-brooklyn-ny-contract-at-spanco-solutions-3714177758,Spanco Solutions,"Title
: Senior Quality Assurance Analyst
Start Date
: 11/30/2023
End Date
: 11/30/2026
Position Type
: Contract
Location
: Brooklyn, NY, United States
Description
MANDATORY SKILLS/EXPERIENCE
Note: candidates who do not have the mandatory skills will not be considered.
Minimum of 10 years of QA Analyst experience with at least 4 years of recent experience as a Senior QA Analyst.
Proficiency in analyzing business and functional documents.
Experience in STLC and Defect Life Cycle. Candidate will be required to prepare effort estimation and conduct all aspects of testing.
The candidate must have a certain level of business acumen coupled with technical knowledge.
Experience working with test automation tools.
Proven ability to simulate and execute integrated and isolated tests to analyze results, leveraging CRUD operations on large volumes of raw data using SQL.
Experience identifying and defining project scope, understand technical specifications and setup test environment, set clear goals and expectations, manage multiple priorities, prioritize activities, facilitate the collection of technical, operational or business requirements, set milestones and follow through to successful completion.
Experience working in various SDLC processes including Agile.
Experience supervising a team, reporting status to higher management and creating defect reports with resolutions.
Excellent interpersonal skills including negotiation, problem resolution and customer service.
Expertise with MS-Office specifically Microsoft Word, Project, Excel, Visio & PowerPoint.
Strong documentation and communication skills.
DESIRABLE SKILLS/EXPERIENCE: -
Note: candidates who do not have the mandatory skills will not be considered
Experience testing complex enterprise applications involving Legacy systems
Experience in legacy system migration projects.
Experience with API and Web Services testing.
Experience in Performance and Load Testing.
Experience with Workflow systems.
Experience in Public Pensi"
"software engineer, frontend","Software Engineer, Frontend",95,36,12,engineering,0.811,190000.0,20,0.0,https://www.linkedin.com/jobs/view/lead-software-engineer-front-end-javascript-at-jobs-for-humanity-3806000799,Jobs for Humanity,"Job Description
Center 1 (19052), United States of America, McLean, Virginia
Lead Software Engineer, Front End (JavaScript)
Do you love building and pioneering in the technology space? Do you enjoy solving complex business problems in a fast-paced, collaborative, inclusive, and iterative delivery environment? At Capital One, you'll be part of a big group of makers, breakers, doers and disruptors, who solve real problems and meet real customer needs. We are seeking Front End Software Engineers who are passionate about using cutting-edge open source frameworks with emerging technologies. As a Capital One Lead Software Engineer, you’ll have the opportunity to be on the forefront of driving a major transformation within Capital One.
What You’ll Do
Work with a team of developers with deep experience in distributed microservices and full stack systems
Perform software development on Front End Applications leveraging a test-driven development pattern
Own the technical design and development of cross-functional, multi-platform application systems
Share your passion for staying on top of tech trends, experimenting with and learning new technologies, participating in internal & external technology communities, and mentoring other members of the engineering community
Collaborate with digital product managers, and deliver robust cloud-based solutions that drive powerful experiences to help millions of Americans achieve financial empowerment
Utilize programming languages like JavaScript (Angular, React, Node), HTML/CSS, TypeScript and Java, open source frameworks, RESTful web services, and work on cross-browser and cross-device development
Basic Qualifications
Bachelor’s Degree
At least 6 years of professional software engineering experience (Internship experience does not apply)
At least 1 year experience with cloud computing (AWS, Microsoft Azure, Google Cloud)
Preferred Qualifications
Master's Degree
7+ years of experience in at least one of the following: JavaScript, React, "
network administrator,Network Administrator,95,91,81,network_infra,0.717,115799.0,23,4.2,https://www.linkedin.com/jobs/view/senior-network-administrator-with-security-clearance-at-clearancejobs-3800761854,ClearanceJobs,"Job Details Job Description Computer World Services, Corporation (CWS) is seeking a highly skilled and experienced Network Administrator to provide comprehensive systems of systems administration support for the current Continental United States (CONUS), Outside of Continental United States (OCONUS), Korea, Japan, European, Southwest Asia, and Pacific Theater architectures. The Network Administrator will work with a team to provide support on a 24/7/365 basis to ensure the Army Enterprise systems of systems operate efficiently, securely, and effectively. The candidate will be responsible for network configuration, security, and overall network administration in collaboration with our team. Key Tasks and Responsibilities
Provide network administration support for the Army Enterprise across multiple geographic locations, including Fort Huachuca and various worldwide sites as required.
Offer technical advice and support services for network planning, validation, implementation, and management based on government-determined priorities.
Keep the Contracting Officer's Representative (COR) informed of any cost, schedule, or performance impacts as they occur.
Configure and maintain network hardware, firewalls, and security software.
Manage remote access and site-to-site VPNs, Intrusion Detection and Prevention Systems (IDS/IPS), and network security capabilities.
Support virtual routing and forwarding (VRF), forward/reverse web proxy servers, load balancers, and network security technologies.
Address technical questions concerning enterprise solutions in tactical environments, virtual environments, and closed networks.
Experience with Army deployment and operations dealing with security applications and systems of systems administration support.
Experience with OCONUS application technical support requirements, Korea, Japan, European, Southwest Asia, and Pacific Theater architectures.
Provide assistance with security applications in Computer Network Defense Operations and A"
"manager, threat model assessor","Manager, Threat Model Assessor",95,26,4,security,0.937,211350.0,23,0.0,https://www.linkedin.com/jobs/view/manager-threat-model-assessor-at-jobs-for-humanity-3792327539,Jobs for Humanity,"Company Description
Jobs for Humanity is partnering with Capital One to build an inclusive and just employment ecosystem. Therefore, we prioritize individuals coming from the following communities: Refugee, Neurodivergent, Single Parent, Blind or Low Vision, Deaf or Hard of Hearing, Black, Hispanic, Asian, Military Veterans, the Elderly, the LGBTQ, and Justice Impacted individuals. This position is open to candidates who reside in and have the legal right to work in the country where the job is located.
Company Name: Capital One
Job Description
Manager, Threat Model Assessor At Capital One, we are looking for someone to consult and collaborate on initiatives, programs, and projects related to Information Security. We want someone who understands risk and security, but also knows when to seek help from experts. We value innovation and teamwork as we strive to protect our customers and associates. As a Manager, Threat Model Assessor, you will need extensive experience in security architecture, including threat modeling, security design, and strategic thinking about security threats. In this role, you will: - Understand, assess, and write threats for critical initiatives - Identify and assess current security threats and potential risks - Develop solutions and mitigation strategies for threats - Create threat models to analyze and mitigate security risks - Collaborate with other cyber teams to communicate threats and recommendations - Provide expert advice and guidance on security-related matters - Have a deep understanding of security concepts, architectures, and systems About You: - You enjoy working in a fast-moving, modern computing environment - You have a passion for securing modern computing platforms - You are eager to continuously learn about new technologies - You have strong conceptual thinking and communication skills - You can work well with minimal supervision - You are a strong leader and can work effectively with different people and roles - You handle "
technical business analyst,Technical Business Analyst,93,89,79,product,0.73,108680.0,8,7.5,https://www.linkedin.com/jobs/view/technical-business-analyst-at-korn-ferry-3794082896,Korn Ferry,"We have partnered with our client in their search for a Technical Business Analyst.
Responsibilities:
Analyze, define and document requirements and business processes.
Develop systems specifications, process flow and conversion strategies.
Create technical and functional user documentation.
Contribute to the development of new tools, processes and solutions to meet desired product needs.
Follow established business processes, protocols and quality standards in the development and deployment of complex solutions.
Gather business requirements and translate them into user stories/functional specifications.
Performs product user acceptance testing to ensure it functionally meets the requirements.
Identifies and documents process improvements and functional specifications based on research of best practices and analysis of work group data.
Perform analysis on existing systems; identifying options for potential solutions and assessing both technical and business suitability.
Work between remote development teams, internal IT and business to ensure requirements are being met.
All other duties as assigned.
Skills Required:
Strong Data Analysis, documentation, writing and power point presentation skills.
Broad understanding of software development methodologies, platforms, tools, databases, and languages.
Experience using a recognized development methodology, e.g., Agile and SCRUM .
Proficient in Microsoft Office products.
Moderate facilitation skills: ability to facilitate workshops. - organization and coordination of the Team experience
Strong communication skills that allow for effective communication across all levels of the organization.
Written communication skills including process documentation.
IT research, software analysis, and design skills.
Business requirements gathering.
Understanding of the role of BA in the full software development life cycle.
Experience in gathering business requirements and translating them into user stories/functional specifications on c"
software test engineer,Software Test Engineer,91,82,67,qa,0.679,138946.0,25,1.1,https://www.linkedin.com/jobs/view/sr-software-test-engineer-at-ust-3804272937,UST,"Job Description
Sr. Software Test Engineer
Lead II - Software Testing
Who We Are
Born digital, UST transforms lives through the power of technology. We walk alongside our clients and partners, embedding innovation and agility into everything they do. We help them create transformative experiences and human-centered solutions for a better world.
UST is a mission-driven group of over 39,000+ practical problem solvers and creative thinkers in over 30+ countries. Our entrepreneurial teams are empowered to innovate, act nimbly, and create a lasting and sustainable impact for our clients, their customers, and the communities in which we live.
With us, you’ll create a boundless impact that transforms your career—and the lives of people across the world.
Visit us at UST.com .
You Are
As a Sr. Software Test Engineer, you work with Product Managers, Developers, Analysts, and cross-functional global teams in a fast-paced and ever-changing environment to understand features and technical implementation. You are responsible for using cases, creating test cases, automating and executing test cases, and generating reports in order to report to stakeholders on the quality and reliability of multiple applications across platforms and different verticals at UST delivering high-quality products for our clients working independently under minimal guidance. As a Test Engineer at UST, you are not a pure black box tester; you must be able to understand software internals, debug problems, and automate repetitive tasks with scripting tools and user-level automation tools.
The Opportunity
Develop test strategy, plan and create test cases, execute test scenarios, and participate in troubleshooting and collaborating with development partners
Analyzing Test Scenarios and designing/converting to automation scripts
Maintenance/up-gradation of existing automation scripts
Work with teams in various time zones and ensure timely and flawless delivery
Support multiple projects, and coordinate testing "
frontend,Frontend,90,14,9,engineering,0.677,43160.0,8,0.0,https://www.linkedin.com/jobs/view/front-end-associate-%2415hr-%2415-50hr-up-to-%24500-bonus-at-jobs-for-humanity-3788484608,Jobs for Humanity,"Company Description
Jobs for Humanity is partnering with Wegmans Food Markets to build an inclusive and just employment ecosystem. Therefore, we prioritize individuals coming from the following communities: Refugee, Neurodivergent, Single Parent, Blind or Low Vision, Deaf or Hard of Hearing, Black, Hispanic, Asian, Military Veterans, the Elderly, the LGBTQ, and Justice Impacted individuals. This position is open to candidates who reside in and have the legal right to work in the country where the job is located.
Company Name: Wegmans Food Markets
Job Description
Schedule:
Part-time
Availability:
Morning, Afternoon, Evening (including weekends)
Age Requirement:
Must be 16 years or older
Location:
McLean, VA
Address:
1835 Capital One Drive South
Pay:
$15.50 - $16 / hour
Job Posting:
12/15/2023
Job Posting End:
01/12/2024
Job ID:
R0195323
Earn a Bonus Up to $500! Immediate Hiring!
At Wegmans, we are committed to providing the best for our customers every day. We value helpfulness, delicious meals, and using the freshest ingredients. We are currently seeking team members for the following roles: Cashier, E-Commerce Store Shopper, Lot Attendant (Helping Hands), Maintenance, Accounting Office, and Service Desk. If you enjoy working in a fast-paced and dynamic environment, are passionate about food and trying new things, and want to make a difference in a customer's shopping experience, Wegmans is the perfect place for you!
What will I do?
Show enthusiasm for the exceptional products we offer
Share your passion for food and knowledge with customers
Make a difference in a customer's day and their reason for returning to our store
Be part of an energetic team where you can do what you love every day
Wegmans believes in prioritizing the needs of our people. We offer competitive pay, a variety of benefits and perks, and care about the well-being and success of each person. We understand that everyone has unique scheduling needs, and we are proud to offer flexibility in schedul"
web developer,Web Developer,90,86,76,engineering,0.69,110000.0,12,12.2,https://www.linkedin.com/jobs/view/web-developer-nodejs-reactjs-at-innovative-metrics-3787734594,Innovative Metrics,"*** WE DO NOT ACCEPT REMOTE CANDIDATES FOR THIS POSITION ***
Innovative Metrics is looking for an experienced Web Developer to join our team in our Beverly Hills office. This role is responsible for coding, planning and collaborating on a variety of online apps and websites.
The ideal candidate takes pride in writing clean, effective and well structured code; and must have the ability to solve business problems and implement new features quickly and efficiently.
Salary Range: $80,000 - $155,000 a year
Responsibilities:
Plan – Collaborate with product owners and developers to understand business needs/features and put develop a plan to implement.
Code - Write clean well structured code adhering to team framework and convention.
Implement - QA and fix potential bugs to have ready to production release.
Requirements:
Back-End: NodeJS, Express, SQL/noSQL and third party APIS
Front-End: ReactJS, Redux, ES6, HTML/CSS
Experience with HTTP APIs and RESTful web services
General understanding of UI/UX best practices
Docker, Kubernetes and AWS Lambda experience a plus
Bachelor’s degree or equivalent practical experience
3+ years of experience in frontend / backend development
Benefits:
Medical
Paid vacation
Flexible work hours
Flexible PTO
Professional development
Unlimited snacks and paid lunch every Friday
Innovative Metrics has been building and scaling useful digital consumer products for over 20 years. Leveraging proprietary technology and strong brand recognition.
Powered by JazzHR
A4gPtkKVxT
Show more
Show less"
programmer analyst,Programmer Analyst,89,86,53,engineering,0.671,121548.0,8,5.6,https://www.linkedin.com/jobs/view/programmer-analysts-ii-at-jobs-for-humanity-3794873241,Jobs for Humanity,"Company Description
Jobs for Humanity is partnering with FIS to build an inclusive and just employment ecosystem. Therefore, we prioritize individuals coming from the following communities: Refugee, Neurodivergent, Single Parent, Blind or Low Vision, Deaf or Hard of Hearing, Black, Hispanic, Asian, Military Veterans, the Elderly, the LGBTQ, and Justice Impacted individuals. This position is open to candidates who reside in and have the legal right to work in the country where the job is located.
Company Name: FIS
Job Description
Position Type:
Full-time
Type of Hire:
Experienced (relevant combination of work and education)
Preferred Education:
Bachelor's degree in Computer Science
Job Description
FIS Management Services, LLC seeks Programmer Analysts II in Jacksonville, FL to provide application software development services or technical support typically in a defined project. As a Programmer Analyst, you will develop program logic for new applications or modify existing logic in current applications. This position involves coding, testing, debugging, documenting, implementing, and maintaining software applications. You will also maintain, test, and integrate application components. It is important to have an understanding of FIS systems and the financial services industry. Additionally, you will analyze requirements, translate them into product designs, write technical specifications and other forms of documentation, and suggest technical alternatives to improve processes and systems. Completing project assignments and special projects will also be part of your responsibilities. This role may involve providing leadership and guidance to other technical professionals.
Requirements:
Bachelor's degree in Computer Science, Computer Engineering, Information Systems, or a related field; or related field and three (3) years of experience in the job offered or a related occupation.
Experience with end-to-end systems development life cycles including waterfall, iterative, a"
business data analyst,Business Data Analyst,88,70,52,data,0.695,80000.0,13,5.7,https://www.linkedin.com/jobs/view/business-data-analyst-at-carter-machinery-3801605616,Carter Machinery,"Job Details
Description
Carter Machinery Company, the authorized Caterpillar dealer serving Virginia, West Virginia, Maryland, Delaware and Washington D.C. is hiring a Business Data Analyst. The Business Data Analyst job is responsible for analyzing business problems and issues using data from internal and external sources to provide insight to analysts and decision makers. Additional responsibilities include identifying and interpreting trends and patterns in datasets to locate influences, creating specifications for reports and analysis based on business needs and required or available data elements. The Business Data Analyst may participate in cross functional teams to address business issues. Seeking candidates with three years of practical experience delivering production deployed solutions. Previous project management portfolio experience. Bachelor’s degree in a quantitative field, such as computer science, business, mathematics, economics, statistics, or engineering preferred.
Requirements For The Business Data Analyst Position Include
Self-starter and driven while working in team environment.
Thorough understanding of analytical methods and business acumen to guide cross functional teams. Must understand segment strategy and dollarize enterprise benefits.
Working knowledge of one or more programming languages.
Technical expert level Tableau Desktop, Server, and Power BI Developer and Pro Skills.
Strong knowledge of Microsoft Management studio, SQL, DevOps, Excel, Alteryx, Power Apps.
Strong attention to detail in order to spot inaccuracies in coding and data.
Effective communication skills in relating complicated subject matter.
Able to train and educate others.
Must have a proven background of prioritizing projects/requirements with a link to business impact.
Able to work hours necessary to meet job demands.
Physical requirements must be met for the Business Data Analyst job, including the ability sit or stand for prolonged periods of time. Able to lift, ca"
java software engineer,Java Software Engineer,85,73,50,engineering,0.73,155813.0,7,2.4,https://www.linkedin.com/jobs/view/senior-java-software-engineer-at-dpp-tech-3794338347,DPP Tech,"About the Role: Sr. Java Developer
We have an urgent requirement for a Sr. Java Developer for our direct client.
Must be able to work onsite at the office in the Livermore, CA.
Additional security clearance needed. US Citizens only
Requirements:
Strong hands-on development experience on Java / J2EE technologies. Specifically focusing on Java 17 and Spring
Total professional experience of 8+ years in Software Engineering
Minimum relevant experience of 5-7 years (recent)
Thorough understanding of Object-Oriented analysis and design principles
Hands-on Experience in application/Product Development and Spring (MVC) framework
Good Practical application of Java/J2EE Design patterns
Strong working knowledge of Kubernetes
Strong Working knowledge of SOAP APIs
Strong Working knowledge of RESTful APIs
Strong working knowledge of SQL
Strong working knowledge of CI / CD Technologies
Strong working knowledge of one of ORM technologies like Hibernate / IBatis / MyBatis
Strong working knowledge of SQL databases.
Strong working knowledge of Continuous integration tools like Jenkins/Chef
Strong working knowledge of Code Quality tools/frameworks like Sonar
Strong working knowledge of Automated Testing. Unit Testing, Integration Testing & Contract Testing including TDD.
Good knowledge of Cloud.
Good knowledge of Agile development methodologies
Working Knowledge of infrastructure monitoring tools like Nagios, New Relic etc.
Good-to-Have:
Knowledge of PLSQL
Knowledge of SQL Performance Tuning
Knowledge of Cloud Foundry (Pivotal CF)
Experience working in Kafka or Azure Event Hub
On-call support experience with PagerDuty, Service Now
Knowledge of Splunk
Experience working with Lean and Extreme Programming (XP)
Perform code reviews and suggest coding practices to team
Mentor and Guide team on tech and soft skill
---
About Us: DPP Tech
DPP Tech is a technology consulting and staffing services company based in the San Francisco Bay Area. We work with direct clients only – our resumes are not"
"software engineer, devops","Software Engineer, Devops",85,22,3,devops,0.905,173350.0,18,0.0,https://www.linkedin.com/jobs/view/senior-software-engineer-devops-at-jobs-for-humanity-3792325669,Jobs for Humanity,"Company Description
Jobs for Humanity is partnering with Capital One to build an inclusive and just employment ecosystem. Therefore, we prioritize individuals coming from the following communities: Refugee, Neurodivergent, Single Parent, Blind or Low Vision, Deaf or Hard of Hearing, Black, Hispanic, Asian, Military Veterans, the Elderly, the LGBTQ, and Justice Impacted individuals. This position is open to candidates who reside in and have the legal right to work in the country where the job is located.
Company Name: Capital One
Job Description
Job Title: Senior Software Engineer, DevOps Location: McLean, Virginia, United States Do you have a passion for technology and problem-solving? Are you interested in working in a fast-paced and collaborative environment? At Capital One, we are a diverse and inclusive team of problem solvers who are dedicated to meeting the needs of our customers. We are seeking DevOps Engineers who are excited about using data and emerging technologies to make a difference. As a DevOps Engineer, you will play a vital role in driving transformation within Capital One. What You'll Do: - Collaborate with Agile teams to design, develop, test, implement, and support technical solutions using full-stack development tools and technologies. - Stay updated on tech trends, experiment with new technologies, participate in technology communities, and mentor others in the engineering community. - Work with digital product managers to deliver cloud-based solutions that empower millions of Americans in achieving financial stability. - Utilize programming languages like Java, Python, SQL, Ruby, and Go, as well as container orchestration services like Docker and Kubernetes, CM tools like Ansible and Terraform, and various AWS tools and services. Basic Qualifications: - Bachelor's degree. - At least 4 years of experience in DevOps Engineering (Internship experience does not apply). - At least 2 years of experience with Cloud Native technologies (Amazon Web Ser"
software engineer manager,Software Engineer Manager,83,77,57,engineering,0.668,154500.0,28,3.6,https://www.linkedin.com/jobs/view/software-engineering-manager-with-security-clearance-at-clearancejobs-3795327559,ClearanceJobs,"Job Description At Boeing, we innovate and collaborate to make the world a better place. From the seabed to outer space, you can contribute to work that matters with a company where diversity, equity and inclusion are shared values. We're committed to fostering an environment for every teammate that's welcoming, respectful and inclusive, with great opportunity for professional growth. Find your future with us. The Boeing Company is looking for a Software Engineering Manager to join our growing team in Kent, WA. This position will work within the Boeing Defense, Space, & Security (BDS) business unit and will lead software engineers within the Rapid Space Capabilities (RSC) software team. The charter of the RSC team is to rapidly develop and deploy innovative, experimental products requiring highly advanced and novel approaches to achieve never-before-attempted missions. We work with a variety of customers to develop next-generation technologies in space. Our group works all facets of engineering from technology investment, concept development, proposal writing, requirements, design, build, integration, test, and demonstration of products in their relevant environments. Position Responsibilities: * Forecast, acquire and manage software personnel to meet project and organizational requirements and objectives
Determine critical skills for the organization and develop and implement staffing plans to ensure availability of the necessary skills
Develop and maintain relationships with customers, partners, peers, and program management; provide oversight of technical approaches, products and processes
Work with a geographically diverse engineering community to develop sophisticated solutions while working multiple tasks simultaneously
Develop and execute process plans, implement policies and procedures, and identify and lead process improvements
Support new business campaigns and proposal development
Develop, mentor, and motivate employees This position is expected to be 100"
it technician,IT Technician,83,81,73,it_support,0.703,70000.0,11,6.0,https://uk.linkedin.com/jobs/view/senior-it-technician-at-canyon-state-wireless-inc-3803887845,"Canyon State Wireless, Inc.","Up to £35,000 + early finish on a Friday
Full Time, Permanent
My client based near Neath are seeking a
Senior IT Technician
to join their well-established successful business in the manufacturing industry.
The primary role of the Senior IT Technician is to provide general IT support across site, administering and installing hardware/software and undertaking fault diagnosis and project work.
As a Senior IT Technician you will be required to:
Ensure IT targets are met within KPI deadlines, without compromising quality or control of costs.
Maintain Excel/Macro's/XMS/Access Databases.
Set up and install any new equipment.
Perform Software/Hardware installations and computer moves where required, logging faulty equipment with third parties when necessary.
Perform file recoveries.
Update and maintain IT Hardware/Software register.
Provide first and second line support PC Hardware and Software queries, logging all queries through the IT Helpdesk System.
Ensure awareness of how to access and execute the disaster recovery plans.
A passion for Information Technology and desire to provide management with quality reports.
Promoting the helpdesk as the primary contact point between the IT department and the user community.
Consider potential opportunities to further exploit the functionality and data held within the existing operational business systems, and make relevant recommendations to the system owner, user group and/or senior management team.
This is a permanent role, Monday to Friday with hours of work being Monday to Thursday 08.00 - 16.30 Friday 08.00 - 14.30
For immediate consideration, please forward your CV to Saskia at Vibe Recruit today.
Vibe Recruit is acting as an Employment Agency in relation to this vacancy.
Show more
Show less"
power bi developer,Power BI Developer,82,64,54,data,0.791,111280.0,6,23.2,https://uk.linkedin.com/jobs/view/power-bi-developer-at-adlib-recruitment-b-corp%E2%84%A2-3776620711,ADLIB Recruitment | B Corp™,"Exciting and Innovative Work Environment
Career Growth and Stability
Attractive Compensation Package And Employee Ownership
Power BI Developer – 12 Month FTC
I am currently working with an innovative consultancy and technology company poised for significant growth.
Centred around accelerating technical capabilities, they take on bespoke projects, creating innovative solutions and driving maximum digital value.
They are seeking a talented Power BI Developer to join their ambitious team for a 12-month fixed-term contract with a view to making it permanent. This role is crucial for their ongoing and future projects, particularly their large-scale undertaking with 2 UK FS firms.
Key Responsibilities:
Develop and maintain advanced reports, analytics, and dashboards using Power BI.
Perform data analysis, create data models, and design data integrations for BI reporting.
Collaborate with stakeholders to understand needs and provide data-driven insights.
Integrate systems and data for effective business intelligence solutions.
Test and troubleshoot BI tools and systems, ensuring data accuracy and integrity.
Document BI processes, architecture, and standards
Qualifications and Skills:
Bachelor’s degree in Computer Science, Information Technology, Data Analytics, or related
commercial experience.
Proven experience as a Power BI Developer or in a similar role.
In-depth understanding of Power BI development and administration.
Proficiency in SQL, data modelling, and data analysis.
Strong analytical skills with attention to detail and accuracy.
Excellent communication and presentation skills.
What’s on Offer:
A salary between £45,000-£55,000, plus profit share and additional benefits.
An opportunity to work in a rapidly growing, employee-owned company.
A dynamic and innovative work environment
Hybrid working (2 days per week on client site, central Bristol)
Show more
Show less"
mainframe developer,Mainframe Developer,81,80,52,engineering,0.738,,2,3.7,https://www.linkedin.com/jobs/view/mainframe-developer-at-advanced-knowledge-tech-llc-3760326861,Advanced Knowledge Tech LLC,"Essential Skills
A minimum of 6+ years of experience engineering exciting solutions
6+ years of experience in developing applications using mainframe technologies
Hands-on experience on mainframe technologies such as:
COBOL, DB2, SAS, JCL, IMS, CICS, REXX, VSAM, z/OS, TSO, ISPF, SYNCSORT, Mainframe utilities, Jobtrac- job scheduler, ISPW- change management tool
Relational databases (Sybase, DB2, SQL Server, Oracle, PostgreSQL)
Good communication skills. The incumbent will be responsible for interfacing and influencing with the business lines as well as others across IT.
Willing to work in production support activities on rotation basis
Experienced in training junior staff and leading initiatives (Application Development and Production Support)
Mortgage industry experience
Experience in Mainframe integration with APIs, IT modernization efforts a plus
Encouraging a Continuous Exploration process and likes to take on challenges with calculated risk.
Passion for driving value to customers and excitement for modern delivery (CI/CD) process.
Ability to work quickly on delivery and able to apply risk-based approach to prioritize work
Ability to quickly comprehend the functions and capabilities of new technologies, and identify process improvements and efficiencies opportunities
Good interpersonal, relationship building and team working skills
Demonstrated ability to communicate effectively with various teams, both business and technical, to achieve goals.
Motivated to learn new technologies and identify process improvements and efficiencies.
Strong verbal and written communication skills.
Takes accountability, sets expectations, and delivers high quality technical solutions within agreed upon level of effort.
Essential Qualification
Bachelors is a must
Show more
Show less"
security operations analyst,Security Operations Analyst,80,79,14,security,0.918,150000.0,3,0.0,https://www.linkedin.com/jobs/view/senior-associate-senior-security-operations-analyst-at-kpmg-us-3763184834,KPMG US,"Requisition Number:
108211 - 10
Description:
Known for being a great place to work and build a career, KPMG provides audit, tax and advisory services for organizations in today's most important industries. Our growth is driven by delivering real results for our clients. It's also enabled by our culture, which encourages individual development, embraces an inclusive environment, rewards innovative excellence and supports our communities. With qualities like those, it's no wonder we're consistently ranked among the best companies to work for by Fortune Magazine, Consulting Magazine, Working Mother Magazine, Diversity Inc. and others. If you're as passionate about your future as we are, join our team.
KPMG is currently seeking a Senior Associate, Senior Security Operations Analyst to join our Global Information Technology Group which is part of KPMG International.
Responsibilities:
Be accountable for managing daily security operations which focus on key business platforms ensuring integrity of changes which impact information security and control management
Collaborate with various Information Technology Services (ITS) Global teams on different security operations related tasks, analyze cloud compliance/vulnerability reports, technical review of exception request; help and guide junior team members to manage the service request queue (ServiceNow)
Work together with Automation, Cloud Security Posture Management and ITS Global Operations teams on the implementation, automation, and maintenance of new Cloud security monitoring policies within our cloud environment
Build a deep understanding of current environments, researching, and advising on IT infrastructure
Assist the Security Operations Group (SOG) Manager with daily management of core security operations process
Coordinate with platform Information System Security Officer with the daily management of information security related queries and requests
Qualifications:
Minimum five years of recent security and IT experi"
cyber security analyst,Cyber Security Analyst,80,72,64,security,0.774,121040.0,8,6.2,https://uk.linkedin.com/jobs/view/cyber-security-analyst-at-ion-3783376571,ION,"The Role:
The IT/Cyber Security Analyst is a global role within the ION Markets Division. The role will support the division’s security strategy through the identification, mitigation and remediation of information security risks to the business. This role reports to the divisional CISO.
As a member of the Markets’ IT Security Team, the successful candidate will be responsible for handling escalations from the Group-wide CSIRT Team, improving the security posture, vulnerability management/reporting through to remediation, ensuring security standards are upheld as well as providing input in to security control configuration and policies. The Security
Analyst’s
other responsibilities include meeting KPI targets defined by management and performing various other duties assigned by the divisional CISO.
We are looking for a hard-working, dedicated and motivated individual. Excellent communication skills are a must and the role holder will be expected to cultivate working relationships with other teams and colleagues of varying technical ability. The role would suit a technically strong candidate looking to drive forward career progression within a dedicated security team. Ideally the candidate will have come from related security and systems administration roles, focusing on workstation, server and network technologies.
Key Responsibilities:
This role may require some overnight, weekend and on-call activities.
The primary responsibilities of this role are to:
Protect and defend: identify, analyze and mitigate threats to IT systems and/or networks.
Use defensive measures and information collected from a variety of sources to identify, analyze, and report events that occur or might occur within the network to protect information, information systems, and networks from threats.
Respond to security alerts to mitigate immediate and potential threats. Use mitigation, preparedness, and response and recovery approaches, as needed, to maintain information security and minimize im"
fullstack software engineer,Fullstack Software Engineer,79,67,52,engineering,0.679,148100.0,34,13.9,https://www.linkedin.com/jobs/view/full-stack-software-engineer-senior-with-security-clearance-at-clearancejobs-3760176300,ClearanceJobs,"Job Number: R0183948 Full Stack Software Engineer, Senior
The Opportunity: As a full stack developer, you can resolve a problem with a complete end-to-end solution in a fast, gile environment. If you're looking for the chance to not just develop software, but to create a system that will make a difference, we need you on our team. We're looking for an experienced developer like you with the skills needed to develop software and systems from vision to production-ready. This role is more than just coding. As a senior full stack developer at Booz Allen, you'll use your passion to master new tools and techniques and identify needed system improvements. You'll help clients overcome their most difficult challenges using the latest architectural approaches, tools, and technologies. You'll make sure the solution developed by the team considers the current architecture and operating environment, as well as future functionality and enhancements. Work with us as we shape systems for the better. Join us. The world can't wait. You Have: * 5+ years of experience designing, modifying, developing, writing, and implementing software programming applications using Agile methods * 5+ years of experience in software development with basic programming languages, including JavScript and Python, technologies, tools, or web development stacks * Experience with Agile methodology, extreme programming, software engineering, product management, and software products * Experience writing source code for new applications or generating and enhancing code samples for existing applications * Experience using back-end and front-end languages to develop complete solutions * Experience creating solutions to complex problems within a collaborative, cross-functional team * Secret clearance * Bachelor's degree or 8+ years of experience in software engineering in lieu of a degree Nice If You Have: * Experience acquiring client requirements and resolving workflow problems through automation optimization * "
"manager, software engineer, fullstack","Manager, Software Engineer, Fullstack",79,35,3,engineering,0.888,211350.0,21,0.0,https://www.linkedin.com/jobs/view/senior-manager-software-engineering-full-stack-at-jobs-for-humanity-3804054702,Jobs for Humanity,"Company Description
Jobs for Humanity is partnering with Capital One to build an inclusive and just employment ecosystem. Therefore, we prioritize individuals coming from the following communities: Refugee, Neurodivergent, Single Parent, Blind or Low Vision, Deaf or Hard of Hearing, Black, Hispanic, Asian, Military Veterans, the Elderly, the LGBTQ, and Justice Impacted individuals. This position is open to candidates who reside in and have the legal right to work in the country where the job is located.
Company Name: Capital One
Job Description
West Creek 3 (12073), United States of America, Richmond, Virginia
Senior Manager, Software Engineering, Full Stack
Do you love building and pioneering in the technology space? Do you enjoy solving complex business problems in a fast-paced, collaborative, inclusive, and iterative delivery environment? At Capital One, you'll be part of a big group of makers, breakers, doers and disruptors, who solve real problems and meet real customer needs. We are seeking Full Stack Software Engineers who are passionate about marrying data with emerging technologies. As a Capital One Sr. Manager Software Engineer, you’ll have the opportunity to be on the forefront of driving a major transformation within Capital One.
Our team is empowering small businesses to better manage their payables and receivables by leveraging Capital One financial products and technology platforms. Your role will be creating a strategic vision for your team in partnership with our product partners and then actually implementing it. Not only will you have a great impact for our customers, but also as a people leader you’ll be empowering and enabling the next generation of engineering leaders for Capital One.
What You’ll Do:
Lead a portfolio of diverse technology projects and a team of developers with deep experience in distributed microservices, and full stack systems to create solutions that help meet regulatory needs for the company
Share your passion for staying on"
engineer,Engineer,78,54,36,engineering,0.638,166125.0,23,3.8,https://www.linkedin.com/jobs/view/senior-engineer-%E2%80%93-sre-observability-at-geico-3771781858,GEICO,"Position Summary
GEICO is seeking an experienced senior Engineer with a passion for building high performance, low-latency platforms, and applications. You will help drive our insurance business transformation and platform engineering domain modernization as we redefine experience for our customers.
Position Description
Our Senior Engineer works with our Distinguished Engineer and Principal Engineers to innovate and build new systems, improve, and enhance existing systems as well as identify new opportunities to apply your knowledge to solve critical problems. You will lead Strategy and Execution of a technical roadmap that will increase the velocity of delivering products and unlock new engineering capabilities. The ideal candidate has hands-on and deep technical expertise in software engineering, Data Engineering, Kubernetes, Processing of telemetry data i.e., metrics, traces, logs, probes, synthetics etc., building frameworks, automations and building observability platform using open-source technologies
Position Responsibilities
As a Senior Engineer, you will:
Collaborate with product managers, team members, customers, and other engineering teams to solve our toughest problems
Develop and execute technical software development strategy for the Platform Engineering domain including Service Management, Business Continuity, Recovery, Incident Response and Paging platforms
Accountable for the quality, usability, and performance of the solutions
Deep hands-on experience in complex system design and data pipeline and architectures, scale and performance, tuning, with good knowledge on Docker and Kubernetes
Proficiently leverage Grafana for effective visualization and monitoring of data sources
Experience with Open Telemetry (OTEL) Collector, Mimir and Loki backends, Prometheus, log and metric aggregation to build robust monitoring and alerting solutions
Consistently share best practices and improve processes within and across teams
Willing to take on-call and operatio"
desktop support specialist,Desktop Support Specialist,76,75,52,it_support,0.754,55952.0,12,3.9,https://www.linkedin.com/jobs/view/desktop-support-specialist-at-adams-and-reese-llp-3787928333,Adams and Reese LLP,"Job Summary:
The primary function of the Desktop Support position is to provide support to local and remote users and maintain equipment used to provide services.
Responsibilities:
Provide phone, remote access, and desktop support of Intel based hardware and software systems.
Track assigned tasks throughout problem solving life cycle using the firm’s Service Desk ticketing system. Must maintain accurate and timely service tickets.
Perform basic printer services.
Deploy PC hardware and software.
Assist in new hire computer setup, configuration and authentication.
Serve as communications focal point between users and second level engineers.
Follow up with users to ensure appropriate satisfaction levels and escalate problems as needed.
Setup technical aspects of conferences and meetings, operating media display equipment and Microsoft Teams based video systems.
Provide paid on-call support to the firm on a rotation basis.
Maintain licensing compliance and asset tracking databases of hardware and software.
Reset security passwords.
Serve as local data recovery expert of failed hard drives and PC based systems.
Assist users in managing approved wireless devices.
Monitor local network servers.
Special projects as assigned by management.
Basic understanding of networking cabling.
Position is located in the firm’s New Orleans office location; this is not a work remote job.
Required to assist during office build outs and office relocations.
Must be well organized.
Supervision Received and/or Given:
Supervision received by Desktop Support Manager and Regional Office Manager.
Minimum Acceptable Qualifications:
Must be a resourceful team player with excellent interpersonal and customer service skills.
Proven ability to diagnose and troubleshoot a wide range of hardware and software related problems.
A background in support of windows based software applications and operating systems including MS Windows
10/11, Microsoft Office 2016/O365 (Word, Excel, PowerPoint, Outlook, Projec"
cloud architect,Cloud Architect,76,72,59,network_infra,0.763,165900.0,5,6.6,https://www.linkedin.com/jobs/view/sr-cloud-architect-at-digital-janet-3787404586,Digital Janet,"Role: Sr. Cloud Architect
Location: Augusta ME (Day one on-site)
Duration: Contract
Skill 1 Cloud Architecture
Skill 2 Communication - Oral and Written
Skill 3 Cloud Security and Networking knowledge
Assist with definition of cloud strategies, including guiding principles and
future state vision, ensuring that the strategic objectives are aligned with
business goals.
Develop and implement cloud policies and standards in alignment with
industry best practices, state and federal regulations, and emerging cloud
technologies.
Collaborate with internal and external stakeholders, including IT teams,
vendors, and State agencies, to ensure that solutions are architected
based on existing operational support models.
Provide technical guidance and expertise to IT teams and other
stakeholders on cloud-related issues.
Work closely with customer stakeholders to identify and mitigate risks,
perform reviews, design top tier best practices, and deliver strategic,
innovative cloud-based offerings.
Leading the Cloud Infrastructure Design and Architecture on client
engagements.
Stay up to date on the latest cloud trends, and technologies, and
recommend solutions to meet State of Maine Requirements.
Required
Expertise in cloud architecture with an understanding of implementation
Hands-on experience in Cloud (Oracle/AWS/GCP/Microsoft Azure) architecture, engineering, or equivalent experience with vendor specific cloud certification
Develop repeatable cloud reference architectures based on organizational specific services
Expertise in identifying risk as it relates to MaineIT policy, cloud services and desired outcomes
Ability to coordinate with other subject matter experts to develop a concise position on cloud services, products, and services from a brokage perspective.
Ability to develop reports pertaining to vendor provided IT products and services
Ability to document procedures and diagrams related to cloud architecture
Ability to conduct research, analyze, and communicate risks ass"
servicenow developer,Servicenow Developer,76,68,42,engineering,0.765,151683.0,5,7.9,https://www.linkedin.com/jobs/view/servicenow-developer-at-vectorsoft-3802118507,Vectorsoft,"Position:
ServiceNow Developer.
Location:
Preferred, TX, did not disclose the actual location.
Contract:
12+ Months.
!!W2 requirement!!
""""OPT Accepted""""
Qualifications:
• A bachelor's or master’s degree is required from an accredited institution.
• At least 2–3 years of working experience in information technology.
• Good understanding of key ITIL or functional domain concepts and their business applicability.
• Strong communication skills and experience managing IT and business stakeholders.
• Experience working in a global delivery model as part of a large deployment or support engagement and be able to fulfill the following:.
• Experience working with any Service Management tools like Remedy, CA Service Desk, etc.
• Any industry-leading service management or domain certification.
Responsibilities:
• Provide support to implement ServiceNow projects.
• Advocate the use of agile implementation to simplify the delivery of ServiceNow projects to different clients.
• Develop charts, tables, graphs, and diagrams that identify trends to assist in the analysis of capability problems.
• Strong understanding of ServiceNow platform components, including ITSM, ITOM, ITBM, HRSD, CSM, and other ServiceNow modules.
• Proficiency in ServiceNow development tools, including ServiceNow Studio, Visual Task Boards, Flow Designer, and Service Portal.
• Solid knowledge of ServiceNow scripting (JavaScript, GlideRecord, GlideSystem, etc.) and customization techniques.
• Experience with ServiceNow integrations using REST and SOAP web services, MID Server, and other integration methods.
• A solid understanding of security best practices and access controls within ServiceNow.
• Familiarity with ITIL processes and best practices, particularly in the context of IT service management.
Thanks and regards,
akhil@vectorsoft.com
Show more
Show less"
cnc programmer,Cnc Programmer,75,70,48,engineering,0.773,76688.0,18,1.3,https://www.linkedin.com/jobs/view/cnc-programmer-at-circor-international-inc-3765196411,"CIRCOR International, Inc.","CNC Programmer
ORGANIZATIONAL STRUCTURE
Business:
Aerospace & Defense
Location:
Warren, MA
Direct reporting:
Manufacturing Engineering Manager
We are seeking a skilled and experienced CNC Programmer to join our dynamic manufacturing team. The ideal candidate will be responsible for programming and supporting the set up and operation of computer numerical control (CNC) machines to produce precision components according to engineering drawings and specifications.
You Will:
Interpret engineering drawings, blueprints, and specifications to determine programming requirements.
Develop CNC programs using CAM software to ensure accurate and efficient machining processes.
Set up and configure CNC machines, including tooling, fixtures, and programs.
Troubleshoot and resolve machining issues to optimize production processes.
Collaborate with engineering and production teams to streamline manufacturing processes.
Maintain documentation and records of programs, setups, and machine maintenance.
You Have:
Knowledge & Abilities
Proficiency in CAM software such as Mastercam or Esprit.
Familiarity with Renishaw probe software, Macro programming, and Applicon language-based programming software is desired.
Ability to program 3, 4, & 5 axis equipment.
Strong understanding of machining processes, cutting tools, and metal cutting technologies.
Attention to detail and ability to interpret complex engineering drawings.
Problem-solving skills and the ability to troubleshoot machining issues.
Excellent communication skills and ability to work collaboratively in a team environment.
Education & Experience
Experience machining diverse materials like cast iron, steel, stainless steel, high-temperature alloys, Inconel, titanium, nickel, etc.
3+ years’ experience as a CNC Programmer or similar role in a manufacturing environment having experience with lathes, horizontal and vertical mills, and VTL’s.
A technical degree in manufacturing (college or vocational) or equivalent practical experience is "
customer service representative/data analyst/data clerk,Customer Service Representative/data Analyst/data Clerk,73,26,20,data,0.993,,0,0.0,https://ca.linkedin.com/jobs/view/customer-service-representative-data-analyst-data-entry-clerk-part-time-at-villarestaurantgroup-3752433791,Villarestaurantgroup,"Summary:
The Data Analyst will be responsible for analyzing and interpreting large datasets to provide valuable insights and recommendations to the business. They will work closely with cross-functional teams to gather and analyze data, develop reports, and provide customized solutions to help the organization gain a competitive edge.
Responsibilities:
Analyze large data sets using advanced statistical techniques and tools to uncover trends, opportunities, and insights.
Develop, maintain and analyze performance metrics and reports that support data-driven decision-making processes.
Collaborate with stakeholders to identify business questions and translate them into data and analysis requirements.
Develop models and algorithms to help optimize business processes and drive efficiencies.
Design and execute A/B tests and experiments to identify opportunities for optimization.
Identify data quality issues and help to develop solutions to improve data integrity, accuracy, and completeness.
Manage data collection, cleansing, and manipulation processes to ensure data is readily accessible and easy to work with.
Prepare and present data-driven reports and insights to stakeholders, highlighting key findings and recommendations.
Qualifications:
1+ years of relevant experience in data analysis, preferably in the Internet and New Media industry.
Proven experience in analyzing large and complex datasets using SQL, R, Python, or related tools.
Strong analytical, critical thinking, and problem-solving skills.
Excellent communication and collaboration skills, with the ability to work effectively in a team environment.
Experience with data visualization tools such as Tableau, Power BI, or related tools.
Knowledge of statistical modeling, hypothesis testing, and A/B testing methodologies.
Familiarity with data management and ETL processes.
Powered by Webbtree
Show more
Show less"
computer vision engineer,Computer Vision Engineer,72,18,15,ai,0.795,160000.0,7,75.0,https://www.linkedin.com/jobs/view/senior-computer-vision-engineer-at-harnham-3781940725,Harnham,"To Apply for this Job Click Here
Senior Computer Vision Engineer (Remote)
$180,000 - $220,000
About The Company
This is a cutting-edge technology company that pioneers groundbreaking solutions to redefine the future. The team is dedicated to pushing the boundaries of what's possible, and they are seeking a Senior Computer Vision Engineer to join them in revolutionizing the way we see and interact with the world.
Job Description
Are you passionate about Computer Vision and ready to embark on a journey to shape the future? Visionary Innovations is seeking a talented and visionary Senior Computer Vision Engineer to contribute to our innovative projects. As a key member of the team, you will play a crucial role in developing advanced computer vision algorithms and systems that will be at the forefront of our revolutionary products.
Responsibilities
Algorithm Development: Design and implement cutting-edge computer vision algorithms to solve complex problems and enhance the capabilities of our products.
Model Training: Develop and train deep learning models for various computer vision tasks, including object detection, recognition, and image segmentation.
System Integration: Collaborate with cross-functional teams to integrate computer vision solutions into our products and ensure seamless functionality.
Performance Optimization: Optimize algorithms and models for real-time processing and resource-constrained environments.
Research and Innovation: Stay updated on the latest advancements in computer vision and contribute to the company's intellectual property through research and innovation.
Qualifications
Master's or Ph.D. in Computer Science, Electrical Engineering, or a related field.
Proven experience in computer vision algorithm development and implementation.
Strong proficiency in programming languages such as Python, C++, and experience with popular deep learning frameworks (TensorFlow, PyTorch, etc.).
Solid understanding of image processing techniques and computer "
bi developer,BI Developer,71,65,54,data,0.722,102850.0,11,5.6,https://uk.linkedin.com/jobs/view/senior-bi-developer-at-oscar-technology-3792280586,Oscar Technology,"Role - Senior BI Developer
Skills - SQL / SSIS / PowerBI / DAX
Location - Sheffield
Salary - Up to 58,000 + 4,000 Car allowance + Bonus
Work Pattern - 2/3 days a week in the office
The Company
This Company are based in the construction sector, with operations across the UK they have continued their impressive growth throughout 2023 and continue to operate with Data as a big part of their business.
They promote positive values and due to the inclusive working culture, it is a great place to work and throughout our partnership, we have heard positive things from people working there.
They are an MS BI Technology Stack business; use PowerBI / Dax for reporting and Data Modelling. We are looking for skills in this field alongside SQL and ETL and/or data integration tools. Azure is certainly not an essential for this role, but is definitely a bonus
Ideally the successful candidate will also be open to mentoring and training more junior members of the team.
The Role
We are just kicking off the search for a BI Developer located near to Doncaster. The role will provide the opportunity to work closely with the BI Manager to deliver data strategy and produce future data plans. The role will involve; designing, developing and maintaining BI solutions for the purpose of driving insights and improving decision-making throughout the business. As a senior, there will also be a responsibility to promote and demonstrate best practice as well as mentor junior team members.
Responsibilities
Lead on the implementation of a number of data projects, ensuring they are delivered on time, budget and to quality requirements Delivery of operational reporting projects end-to-end in line with business needs
To manage, and deliver incremental enhancements to, our MI databases and ETL processes.
To support the architecture function with the definition of technical standards and designs for delivering MI.
Development of scalable data pipelines and ETL procedures.
Data Modelling - build and execute"
it support specialist,IT Support Specialist,69,63,55,it_support,0.675,60680.0,15,1.4,https://www.linkedin.com/jobs/view/it-support-specialist-at-latitude-inc-3787721948,Latitude Inc,"Job Summary: We are currently seeking a skilled and customer-oriented IT Support Specialist to join our dynamic team. As an IT Support Specialist, you will play a vital role in providing technical assistance and support to our employees, ensuring their smooth and efficient use of technology. Your strong problem-solving skills, excellent communication, and dedication to customer satisfaction will contribute to the overall success of our IT department.
Responsibilities:
Provide timely technical support and assistance to employees via various channels, including in-person, phone, email, and remote tools.
Diagnose and troubleshoot hardware and software issues, including desktops, laptops, printers, peripherals, and mobile devices.
Install, configure, and maintain software applications and operating systems.
Set up and maintain user accounts and permissions in various systems.
Assist with network connectivity and resolve network-related problems.
Collaborate with team members to identify and implement process improvements to enhance efficiency and user experience.
Create and maintain technical documentation and knowledge base articles.
Stay updated with the latest technology trends and industry best practices.
Provide excellent customer service and ensure customer satisfaction with every interaction.
Escalate complex issues to the appropriate teams or external vendors when necessary.
Powered by JazzHR
hBIfvC390u
Show more
Show less"
cybersecurity engineer,Cybersecurity Engineer,68,49,38,security,0.748,125000.0,13,11.8,https://www.linkedin.com/jobs/view/senior-cybersecurity-engineer-lead-with-security-clearance-at-clearancejobs-3805756899,ClearanceJobs,"Senior Cybersecurity Engineer Lead Excentium, Inc. is a Service-Disabled Veteran owned small business (SDVOSB) that provides Cyber Security Engineering, Information Assurance (IA), management, Certification and Accreditation (C&A), and other IT services to government and commercial organizations. We have an opportunity for a Senior Cybersecurity Engineer supporting one of our customers remotely. MINIMUM CLEARANCE LEVEL: Public Trust (CBP Active Highly Desired) CITIZENSHIP: US Citizenship LOCATION: Remote. Position Description: This program will deliver engineering services for network infrastructure as well as sophisticated enterprise computing infrastructure including end-point devices, data center hosted servers, multi-Cloud services as well as virtualized applications, and storage systems. Enterprise Computing Engineering services include modern application technology including containerized solutions with orchestrated workflow that function both on customer premise, and via remote Cloud services. Network infrastructure engineering services are comprised of core infrastructure, voice and video engineering, field engineering, application management and development for networks, network analytics, firewalls, network access controls and bandwidth service delivery. Supports the implementation of security controls, documenting control implementations and developing SSP and POA&M documentation. Skilled in Risk Management Framework and in the use of tools designed to support system vulnerability testing and assessments. The Cybersecurity Engineer will perform day-to-day management of support operations, possibly involving multiple projects and groups of personnel at multiple locations. They will organize, direct, and coordinate the planning and production of all support activities and work products; demonstrate strong written and oral communication skills; establish and adjust (as necessary) structure to align with support activities. Coordinates, develops, and advises "
automation tester,Automation Tester,67,59,42,qa,0.728,100000.0,4,6.0,https://www.linkedin.com/jobs/view/automation-tester-at-sunrise-systems-inc-3735354526,"Sunrise Systems, Inc.","Job Title: Automation Tester
Location: Norfolk/Richmond, VA
Duration: 6 Months contract with possible extension
Job Description
Our client is looking for Automation Tester to work with one of the leading healthcare providers in US. The ideal candidate must possess excellent background on JAVA and Selenium tools. The candidate must possess excellent written and verbal communication skills with the ability and collaborate effectively with domain and technical experts in the organization.
Must Have Skills
Skill 1 – Automation Yrs of Exp – 5+
Skill 2 – Java Yrs of Exp – 3+
Skill 3 – Manual Testing Yrs of Exp – 5+
Skill 4 - SQL Yrs of Exp – 3+
Responsibilities
As an automation tester, you will
Own the overall technical roadmap of automation solutions in collaboration with development and QA teams.
Should be able to Establish, build, and maintain test architecture framework.
Maintain active relationships with project stakeholders to understand business requirements.
Implement continuous integrations processes to fit within a DevOps environment.
Identify and implement best practices.
Create technical documentation and maintain the knowledge repositories for test automation.
Adjust quickly to changing priorities and make quick decisions with limited information.
Requirements
Advanced knowledge of Object-Oriented Design and architecture.
Knowledge of Behaviour Driven Development and Test Driven Development preferred.
Strong experience with automation frameworks such as selenium and cucumber.
Understanding of SQL.
Strong knowledge of C#/JAVA.
Exposure to white box testing or technical testing like API, Web services, database migration, xml etc.
Good working knowledge in Jira, Bamboo, Jenkins, IntelliJ, SoapUI Pro, REST/SOAP services, Git, Maven, bitbucket.
Show more
Show less"
user experience designer,User Experience Designer,66,58,49,design_ux,0.682,141330.0,15,9.1,https://www.linkedin.com/jobs/view/user-experience-designer-at-golden-compass-3793711881,Golden Compass,"Job Description
Focus:
Reporting to the UI Design Manager of User Experience & Digital Strategy, we are seeking an energetic User Experience Designer to join our Technologies team. You need to be a UX guru who is able to look at the big picture (from a UX, technology, and business perspective) to create compelling user experiences for our campus community.
You should have experience designing interfaces, and validating designs through user research. You should possess strong strategic, creative and planning skills that enable you to effectively communicate, facilitate and drive solutions. You should be an innovative thinker, knowledgeable about UX methodologies and their application, and passionate about evidence-based design.
Skills & Abilities:
Required Skill/Ability 1
:
Demonstrated experience creating user-focused interface design solutions for the web, desktop applications and/or mobile and hand-held devices. Experience in conducting user research to refine solutions at all phases of the design cycle. Ability to balance the needs of the user with technical and budgetary constraints.
Required Skill/Ability 2:
Excellent skill in creating wireframes and interactive prototypes using Sketch, Illustrator, Balsamiq or similar tools. In-depth understanding and experience of user objectives, user scenarios, interaction/flow diagrams, design systems, usability principles, and accessibility.
Required Skill/Ability 3
Familiarity with HTML, CSS, and Javascript, as well as with content management systems, with a preference for a familiarity with Drupal. This is not a coding role, but we seek a UX professional who understands how technologies can inform design decisions by both constraining and augmenting what is possible when creating site plans.
Required Skill/Ability 4:
Experience working with internal teams of web planners, including user researchers, graphic designers and project managers. Experience working with internal and external development teams. Experience managi"
android developer,Android Developer,66,66,56,engineering,0.781,140000.0,9,7.6,https://www.linkedin.com/jobs/view/android-developer-at-motion-recruitment-3776420729,Motion Recruitment,"Our client is looking for an Android Developer for a 6-month contract in Irving, TX.
Contract Duration: 6 Months
Required Skills & Experience
8+ years of experience in Android App Development using Java, Kotlin.
7+ years of experience integrating RESTful APIs.
7+ years of experience writing unit and instrumented tests using Robolectric, Mockito AndroidX.
Expertise in Android applications development.
Expertise in RESTful APIs integration, Mockito.
Expertise in Instrumentation and debugging post production deployment issues.
Attention to detail.
Proficient with Android SDK.
Experience with Kotlin for Android development.
Expertise in MVVM Architecture.
Expertise in Dependency injection, Annotations, Gradle.
Experience with offline storage, threading, performance tuning and optimization.
Experience with localization/internationalization of the applications.
Experience with security protocols in the mobile applications eco system.
Solid understanding of object oriented and functional programming.
Good understanding of Google's Android design principles and interface guidelines.
A team player with a start-up/intrapreneur mindset.
Experience with CICD pipelines and deploying apps to Google Play Store.
Excellent written and verbal communications skills.
Desired Skills & Experience
Ability to work in an Agile /SCRUM environment.
Familiarity with code versioning tools - Git (Gitlab).
Competency in Microsoft Office suite.
Experience with Agile tools that support tracking iterative development.
Exposure to retail industry, experience with e-commerce applications.
What You Will Be Doing
Design software and applications for Android devices and the Google Play Store. Creates apps used on Android phones and tablets.
Posted By:
Jamie Prater
Show more
Show less"
scrum master,Scrum Master,63,62,53,product,0.757,109200.0,15,4.8,https://www.linkedin.com/jobs/view/scrum-master-raleigh-nc-27610-at-avani-tech-solutions-private-limited-3784598885,Avani Tech Solutions Private Limited,"Job Title: Scrum Master
Location: Raleigh, NC 27610
Duration: 6+ Months
Description
SAFe (Scaled Agile Framework) experience is a must as our teams are doing team agile as well as team-of-teams. Jira knowledge also a must to be able to help them orient their dashboards, etc.
Role Overview
The scrum master facilitates and champions the agile delivery process by coaching and mentoring teams, identifying and eliminating impediments, and promoting the use of standards and best practices. The scrum master ensures smooth operation of agile processes and activities and is responsible for facilitating key ceremonies in the lifecycle of the team.
Key Responsibilities
Champion and facilitate adoption of agile standards, tools, and best practices in this transitional environment
Organize and facilitate agile activities and ceremonies including daily stand-up meetings, sprint reviews, retrospectives, sprint and release planning, and product backlog refinement sessions.
Coordinate and facilitate coordination with other SMs, teams, etc. for shared ceremonies (e.g., Scrum of Scrums, PI Planning).
Facilitate meetings that are productive, on topic, and within the timebox.
Collaborate closely with the product owner to manage the backlog.
Effectively facilitate user story estimation and forecasting.
Coach team on established IT and corporate standards (e.g., security, quality, and architecture) to minimize operational and reputational risk.
Utilize feedback and metrics (e.g., quality, delivery, cadence, etc.) to facilitate identifying areas of opportunity and work with team to continuously improve.
Coach the team to improve collaboration and self-management, promoting healthy interactions both within the team and with external stakeholders.
Support the team in using agile planning and development tools (e.g., JIRA, Confluence).
Experiment with new practices and frameworks to improve team outcomes.
Actively participate in learning opportunities such as communities of practice or confer"
"manager, devops","Manager, Devops",62,62,3,devops,0.984,,1,96.8,https://www.linkedin.com/jobs/view/manager-devops-remote-at-kpmg-us-3772950129,KPMG US,"Requisition Number:
108235 - 27
Description:
Known for being a great place to work and build a career, KPMG provides audit, tax and advisory services for organizations in today's most important industries. Our growth is driven by delivering real results for our clients. It's also enabled by our culture, which encourages individual development, embraces an inclusive environment, rewards innovative excellence and supports our communities. With qualities like those, it's no wonder we're consistently ranked among the best companies to work for by Fortune Magazine, Consulting Magazine, Working Mother Magazine, Diversity Inc. and others. If you're as passionate about your future as we are, join our team.
KPMG is currently seeking a Manager, Dev Ops to join our Digital Nexus Technology organization. This is a remote work opportunity.
Responsibilities:
Provide support to the DevOps engineering team and guide new projects & users with DevOps & Agile tooling
Work on existing platform tools such as GitHub, JIRA, SonarQube, and Artifactory, as well as assisting with migrating some of these tools to the cloud
Provide cross-training & support for RedHat OpenShift clusters using Kubernetes
Act as primary SME for DevOps and associated tooling, as well as mentoring colleagues on the DevOps team
Qualifications:
Minimum five years of recent experience with writing and supporting GitHub Actions pipelines; experience with security scanning tools like GitHub Advanced Security, Dependabot, Fortify, & Mend
Bachelor's degree from an accredited college or university is preferred
Experience with the administration of tools like GitHub, JIRA, SonarQube, & Artifactory; prior experience with RedHat OpenShift, Kubernetes, and/or working with container
Demonstrated working knowledge with DevOps initiatives and tooling; firm understanding of the SDLC and DevOps practices in a large organization; good understanding & experience in Scripting Languages for Automation
Prior experience with Agile projec"
java fullstack developer,Java Fullstack Developer,60,57,45,engineering,0.768,,1,1.7,https://www.linkedin.com/jobs/view/java-full-stack-developer-at-coretek-labs-3797071620,CoreTek Labs,"Role: : Java Full Stack Developer
Location: Houston, TX & Jersey City, NJ (Day 1 Onsite)
Experience: 10+ years
Job Description:
8 years of experience in Java based technologies, Micro-services architecture, CI/CD pipeline.
Expertise in Java 8, Spring, Hibernate, REST APIs, Junit, Oracle/SQL/ PL SQL, Linux, Shell Script, JMS, MQ
Proficient in Angular, HTML, JavaScript, TypeScript, CSS
Should be able to lead the discussion related to Event based frameworks, Spring Boot, Apache camel, Kafka, NoSQL (PostgreS , couchbase, cassandra, Oracle NoSQL), Public cloud (AWS/GCP/Azure), Docker, Kubernetes, Openshift
Should have worked on Jira, Confluence, Git, Maven, Teamcity/Jenkins, Artifactory
Experience working in an Agile/DevOps environment
Strong Team management, analytical and design skills
Well versed with DevOps CI/CD concepts and implementation
Experience with TDD, BDD methodology
Show more
Show less"
security architect,Security Architect,59,56,50,security,0.749,161818.0,10,3.4,https://uk.linkedin.com/jobs/view/security-architect-at-marc-jehotte-sprl-3804958598,Marc Jehotte sprl,"Job Description
Wed all like amazing work to do, and real work-life balance. Thats waiting for you at Sainsburys. Think about the scale it takes for us to feed the nation. The level of data, transactions and variety it involves. Then youll realise that ours is a modern software engineering environment because it has to be. Weve made serious investment into a Tech Academy and into setting standards and principles. We iterate, learn, experiment and push ways of working such as Agile, Scrum and XP. So you can look forward to awesome opportunities in everything from AI to reusable tech.
What You Need To Do
We are seeking an experienced Security Architect to join our Information Security team to develop and maintain security architectures which support business as usual and project activity.
As a Security Architect, You Will Support In The Definition And Creation Of Security Architecture Across The Enterprise With Artefacts Including
Security related standards and design principles
Creation and maintenance of design patterns
Architectural designs for strategic initiatives and products
Work closely with Information Security Product owners, Engineering Managers, partners, and vendors within product teams, to create and develop capability roadmaps, including understanding the efficacy of existing solutions.
Leadership and guidance to Information Security Product Assurance Analysts, who will require your knowledge and authority on how to build-in security from the start of projects they are assigned to.
Support the Heads of Information Security and CISO by providing insight and analytics into current and potential capabilities, including the responsibility for the delivery of management information.
Work with Sainsburys project stakeholders to ensure that Security Architecture requirements are effectively incorporated into project solutions and deliveries. This includes Network and Data Architects, Product Owners, Engineering Managers, Engineers, and Senior Leaders.
Collabor"
quality assurance automation engineer,Quality Assurance Automation Engineer,57,56,42,devops,0.723,,3,3.5,https://www.linkedin.com/jobs/view/senior-quality-assurance-automation-engineer-at-photon-3795172251,Photon,"Dear ,
I hope you are staying safe. We are hiring a
QA - Web Automation
to join our Digital Engineering team.
Who are we?
For the past 20 years, we have powered many Digital Experiences for the Fortune 500. Since 1999, we have grown from a few people to more than 4000 team members across the globe that are engaged in various Digital Modernization. For a brief 1 minute video about us, you can check
https://youtu.be/uJWBWQZEA6o.
Job Role: QA - Web Automation
Location: Louisville, KT
Job Type: Full-Time/ Contract
REQUIREMENTS FOR WEB AUTOMATION
TestComplete
Selenium Web Driver
Javascript
Experience working with BDD style of test frameworks
JOB RESPONSIBILITES:
Test Planning
Work with the product development and design teams to determine test plans for future releases.
Maintain library of test scripts, both manual and automated.
Assist developers in learning what tests need to be covered by unit tests.
Participate in project meetings, daily scrums and planning sessions.
Work with team members to estimate project QA tasks.
Participate in the full software development life cycle from analysis, design, implementation, and quality assurance through delivery and support.
Proactively determine gaps and failure points in requirements, user stories, test plans, and test scripts and determine ways users may misunderstand flows for a feature or application.
Test Execution
Execute manual and automated test scripts against our web application
Report defects found during testing through creating tickets within Jira and reporting up to Product Owner
Follow defect resolution from inception through production
Production Support
Participate in test execution efforts of scheduled production releases
WORKING RELATIONSHIPS:
Product Management, UX Design, Engineering
KNOWLEDGE AND SKILL REQUIRED:
5+ years QA experience
Experience
Ability to work well in a dynamic, flexible team environment
Must be a resourceful and proactive self-starter
Must have excellent communication skills, both writte"
help desk technician,Help Desk Technician,57,54,43,it_support,0.684,60774.0,11,0.0,https://www.linkedin.com/jobs/view/help-desk-technician-tier-3-at-solvere-one-3787720570,Solvere One,"About The Company
Solvere One
has established a top-level Managed Service Provider (MSP) brand that focuses on network security and proactive management solutions as a chosen IT services and consulting provider.
Solvere One
focuses on corporate partnerships, proactively managing technology that proves vital for business security, productivity, and growth while reducing the cost of IT ownership. We provide executive-level, white-glove support.
Opening
Solvere One
has an open position for a Help Desk Technician, Tier 3, to provide support from our Dulles, Virginia headquarters. The duties of this position include fielding requests escalated from Tier 2 technicians. Help Desk Technician Tier 3 are the highest escalation level on the Service Desk and are expected to be able to resolve complex technical issues. This role requires the candidate to be able constantly learn new technologies and reverse engineer challenging technical issues.
Employees will be expected to interact with clients daily in various capacities. Professionalism and courteousness are required. Excellent verbal and written communication skills are also required.
Highly qualified candidates will be self-starters, highly motivated, and eager to contribute to the organization's well-being while operating in a fast-paced environment.
This role reports to the Service Delivery Manager.
Position Requirements:
Examples of essential duties are interpreted as being descriptive and not restrictive.
Identifies, diagnoses, and resolves Tier 3 incidents and problems for users of personal computer software and hardware, local network, the Internet, and new computer technology in a call center environment; communicates solutions to end-users.
Provides one-on-one end-user problem resolution over the phone for company-approved Personal Computer (PC) software.
Delivers, tags, set up, and assists in configuring end-user PC desktop hardware, software, and peripherals.
Diagnoses and resolves end-user network or local print"
it systems engineer,IT Systems Engineer,56,47,43,devops,0.672,125980.0,23,3.6,https://www.linkedin.com/jobs/view/senior-it-systems-engineer-at-motive-workforce-3784450053,Motive Workforce,"We are hiring a Senior IT Systems Engineer at a renewable energy and ocean technology startup committed to rapidly developing and deploying technologies that will ensure a sustainable future for the earth by unlocking the vast energy potential of its oceans.
Our client is developing technology that will operate in the worst conditions the world's oceans have to offer for years at a time without human maintenance or intervention. Building this technology requires collaboration across teams and tools. Our internal computing infrastructure and software applications are fundamental to the operation of our overall business and our technology systems in the field.
You will take shared responsibility for building and operating our internal computing infrastructure platforms and the many business-critical applications that run upon them. The ideal candidate will understand performance, availability, and security requirements for the company's infrastructure, networks, and applications. You will architect and develop technology solutions to business problems and directly implement and operate them. You should have extensive experience with Windows and Linux systems administration, operating system configuration management, virtualized/cloud-hosted/containerized infrastructure, IP networking, and infrastructure security. You should be able to employ a first-principles, fundamental logic-based approach to problem solving while building highly-secured, performant and reliable systems. Candidates should have strong interpersonal skills and be able to thrive in a creative, scrappy, and collaborative environment in which the best ideas change the company's direction on a regular basis. Our staff have worked at organizations such as SpaceX, Blue Origin, Boeing, Virgin Orbit, Virgin Galactic, Google, Amazon, Microsoft, New Relic, Bridgewater, Raytheon, Disney lmagineering, and the US Army and Air Force, as well as research universities, startups, and small companies across a range o"
programmer,Programmer,55,50,42,engineering,0.633,81692.0,9,5.5,https://www.linkedin.com/jobs/view/programmer-at-albireo-energy-3725729693,Albireo Energy,"Title
: Applications Programmer
Location
: Mid-Atlantic Region
Reporting Manager
: Programming Team Lead
Basic Purpose of Position
: In addition to the responsibilities below, the Programmer will be responsible for the overall success of software design, database creation, and the implementation of procedures and standards used in the programming of controls projects.
Responsibilities:
A key member of the Albireo team, the Programmer will be responsible for developing program and operator interface graphics of building automation systems to include, but not limited to:
Review of project specifications, drawings and project specific documents to establish project intent
Breakdown scope of work into manageable segments and post to Project Manager for scheduling
Attend or receive meeting minutes from graphics review meetings with customers
Posting project programming specific ""Request for Information"" (RFI) documentation to System Engineer, Project Manager and Engineering Manager
Follow sequence of operations as required by project documents and engineered sequence of operations, utilizing established standards and libraries
Assist in startup and commissioning of large systems, such as AHUs, chiller plants, or other utilities systems. Includes installation/configuration of workstations, servers, and network
Work independently or be part of small collaborative teams
Work with field technicians to troubleshoot and take corrective action to software issues
Troubleshoot and correct BMS integration issues
Requirements
Bachelor's degree in Mechanical Engineering, Electrical Engineering or Computer Science is preferred
Degree may be offset by 3+ years programming BAS systems
Understanding of mechanical HVAC equipment and sequence of operations
Experience with building automation programming (Function Block, Ladder, or Text-based preferred) or other programming languages (e.g. C, C++, Java, VBA). Tridium system experience, preferred
Thorough understanding of electrical and net"
systems test engineer,Systems Test Engineer,55,53,38,qa,0.69,147100.0,17,0.0,https://www.linkedin.com/jobs/view/systems-test-engineer-at-reliable-staffing-team-3798684165,Reliable Staffing Team,"We are seeking a Systems Test Engineer with relevant experience to join the U.S. tech team for our client. The position will report to the Lead Applications Engineer. It represents an exceptional opportunity for a result-driven individual in a new niche but exploding market.
This role is primarily focused on thorough system testing of our client's products from requirements gathering through test plan creation, execution, and delivery of results. You are a lifelong learner. You are self-taught and continuously learning. You are interested in keeping up with current best practices in your areas of expertise. Push yourself and have fun in a well-supported team environment, with a high degree of autonomy, and competitive remuneration.
Our clients Work with cutting-edge technology, making the world a safer and more secure place. Our client offers an opportunity to solve some of the world’s most challenging technical problems in Electronic Warfare, Artificial Intelligence and Machine Learning, RF sensing, Sensor Fusion, and distributed systems. Working with high-profile customers across militaries, government agencies, airports, critical infrastructure, law enforcement, and many others, in over 100 countries around the world. Be part of a well-funded and agile organization, as a valued member of an autonomous, cross-functional team.
Responsibilities
:
• Conduct system verification process before shipment to end customers, ensuring testing documentation and validation is completed
• Gather product requirements, develop test environments and scenarios, execute test plans, analyze results, and deliver test reports to stakeholders
• Document any anomalies, bugs, and suggested improvements
• Application of architectural and design skills to decompose the system into a structured hierarchy of requirements and well-defined interfaces
• Continually evaluate current technologies in order to improve testing procedures
• Maintain good working relationships with internal and externa"
database engineer,Database Engineer,54,50,44,database,0.686,134100.0,9,3.7,https://www.linkedin.com/jobs/view/database-engineer-3-at-raytheon-3688124873,Raytheon,"Date Posted:
2023-08-14
Country:
United States of America
Location:
MD233: 420 National Business Parkway 420 National Business Parkway Suite 400, Annapolis Junction, MD, 20701 USA
Position Role Type:
Onsite
At Raytheon, the foundation of everything we do is rooted in our values and a higher calling – to help our nation and allies defend freedoms and deter aggression. We bring the strength of more than 100 years of experience and renowned engineering expertise to meet the needs of today’s mission and stay ahead of tomorrow’s threat. Our team solves tough, meaningful problems that create a safer, more secure world.
Job Summary
The Database Engineer provides technical expertise for database design, development, implementation, information storage and retrieval, data flow and analysis. Develops relational and/or Object-Oriented databases, database parser software, and database loading software. Projects long range requirements for database administration and design. Responsible for developing a database structure that fits into the overall architecture of the system under development and has to make trades among data volumes, number of users, logical and physical distribution, response times, retention rules, security and domain controls. The DBE works primarily at the front end of the lifecycle-requirements through system acceptance testing and Initial Operational Capability (IOC). Develops requirements from a project’s inception to its conclusion for a particular business and Information Technology (IT) subject matter area (i.e., simple to complex systems). Assist with recommendations for, and analysis and evaluation of systems improvements, optimization, development, and/or maintenance efforts. Translates a set of requirements and data into a usable document by creating or recreating ad hoc queries, scripts, and macros; updates existing queries, creates new ones to manipulate data into a master file; and builds complex systems using queries, tables, Open Database Con"
mobile application developer,Mobile Application Developer,53,13,12,engineering,0.765,,2,1.9,https://www.linkedin.com/jobs/view/sr-mobile-application-developer-at-software-technology-inc-3727080992,Software Technology Inc.,"Hii ,
This is Vamshi ,from Software Technologies We have a job opening with our client for position
Sr. Mobile Application Developer
If you are available and looking for any new opportunities, please send me your updated resume for below position ASAP.
Job Title:
Sr. Mobile Application Developer
Location:
Atlanta, GA (Initially Remote)
Duration: Long-term
Description
As part of the Mobile team, you will contribute to the app design and development for key projects in DHS. Your key responsibility includes providing a state-of-the-art mobile usability experience to the constituents of Georgia with your deep technical skills by working closely with other developers in your team. You will work closely with architects, Sr. developers, managers, executives, and other groups throughout the development process.
The primary role of the Sr. Mobile developer is to design, develop, modify, deploy, and support custom mobile applications for iOS and Android using the Ionic platform.
Highly competent, self-motivated, capable individual with hands-on position that requires significant understanding of various modern mobile technologies.
This role also plays key role in establishing the coding standards, code reviews, architecture of the Mobile Application Development
Grow and support our constituent facing mobile and web applications to streamline our client experience.
Perform benchmark testing, as well as debugging and documentation of programs, code, and data flow.
Ability to think through and most importantly articulate complex problems and solutions.
Implement and support top programming practices and standards to deliver quality products predictably and consistently.
Executing and crafting technical documentation of newly implemented features and bug fixes
Skills / Background Required
Bachelor's degree in computer science/Engineering or a related area
Hands-on experience implementing cross-platform mobile applications.
Experience in JavaScript related technologies including I"
business developer,Business Developer,52,40,27,engineering,0.71,201200.0,5,1.9,https://www.linkedin.com/jobs/view/business-developer-at-brightview-landscapes-3786435839,BrightView Landscapes,"Description
Position at BrightView Landscapes, LLC- DE
Looking for an opportunity where success comes naturally? Then you may have found your crew. We’re looking for a Business Developer to join our team.
Here’s What You’d Do
You’d aggressively grow our landscape maintenance business in a defined territory, actively selling to many different customer segments. You’d thrive in our fast-paced environment, closing deals with your resilience and persistence.
You’d Be Responsible For
Building and maintaining trusted relationships with key decision makers, discovering their pain points, and developing value-based solutions
Effectively qualifying opportunities to gain valuable intelligence
Building and presenting compelling customer-centric proposals
Working well with operations team members and leveraging their expertise with yours
Hitting specific activity benchmarks and closing business
You Might Be a Good Fit If
You have extensive Face-to-Face B2B sales experience
You have a Bachelor’s Degree or equivalent work experience
You’re driven, disciplined, focused and enjoy prospecting
You like working in a team-selling environment
You love to work in a service industry with a beautiful product
And while not mandatory, it would be great if you also have:
Experience managing multiple projects and a large territory
Experience with a CRM or SFA tool
Local knowledge and contacts in one or more market segments
Experience in the service industry with commercial contract sales
Here’s What To Know About Working Here
At BrightView, we’re a tight-knit crew who are as passionate about caring for our clients as we are about each other. Though we’re the nation’s leading landscape company, we maintain a small company feel and supportive environment that makes our team members feel at home.
If you’re looking to join a crew of talented go-getters who tackle big vision projects other companies could only dream of, you might just have found your match. With our range of services, including lan"
cyber security engineer,Cyber Security Engineer,52,48,35,security,0.752,127400.0,11,3.8,https://www.linkedin.com/jobs/view/cyber-security-engineer-%E2%80%93-journeyman-top-secret-clearance-at-bgsf-3794633218,BGSF,"Cyber Security Engineer – Journeyman
Langley Air Force Base, VA (100% on-site)
TS with SCI Eligibility
Required Skills:
BA/BS or MA/MS with 3-10 years of experience.
Security+ certification required.
Top Secret Clearance.
Maintains cybersecurity architecture and design.
Works with the Enterprise Architect, service leads, engineers, developers, and stakeholders to maintain the highest level of security defense and readiness with minimized impact on mission performance.
Understanding of current cyber technologies, trends within cyberspace, and current DoD policy guidance.
Performs initiative-taking and active security vulnerability assessment, implementation, and monitoring of all AF DCGS products and applications in sustainment.
Probes network defenses to identify vulnerabilities and administer network scans.
Notes about the job:
This will be a 5-year contract.
Job will be 100% onsite at Langley AFB in VA.
Show more
Show less"
dotnet developer,Dotnet Developer,52,51,44,engineering,0.727,85000.0,3,7.7,https://www.linkedin.com/jobs/view/dotnet-developer-at-the-hirexpress-llc-3798684079,The Hirexpress LLC,"Role: Dot Net Developer + C# + SQL + Azure
Location: Weehawken NJ - 3 Days Hybrid from Day 1
Fulltime
Total Experience: 8+ Years
Role Description
Trading System (Good to have)
Software Engineer with the .Net, SQL, Python, and Trading system knowledge skills.
To perform analysis of apps / EUCs (End User Computing) for Munis (Municipal bonds) Business Line and development of onboarding preliminary work such as Secure build chain, access database, etc.
Show more
Show less"
technical support analyst,Technical Support Analyst,50,50,36,it_support,0.704,70000.0,8,4.0,https://www.linkedin.com/jobs/view/technical-support-analyst-2-at-qodoro-3748653014,Qodoro,"Job Title:
Technical Support Analyst 2
Job Duration:
10+ Months with the possibility of an extension
Job Location:
Norfolk, VA
Job Summary
The Technical Support Analyst maintains, analyzes, troubleshoots, and repairs computer systems, hardware, and computer peripherals. Documents, maintains, upgrades, or replaces hardware and software systems. Supports and maintains user account information including rights, security, and systems groups. Performs basic operation, monitoring, installation, troubleshooting, relocations, or maintenance of communications equipment. Identifies and resolves basic communications problems. Prepares or assists in the preparation of service record documentation. Shows awareness of standards and regulatory requirements related to assigned tasks. Provides technical assistance and support for applications and hardware problems. Installs, maintains, moves, and assists in testing and upgrading new and existing hardware/software. Reviews and recommends procurement of information technology equipment. Maintains the necessary security controls over software. Makes presentations and briefings for training sessions.
Required Skills
Experience using imaging software to image PCs, preferably KACE.
Experience using ticketing systems, preferably TDX
Extensive experience with Microsoft Office
CompTIA A+ Certification
Ability to conduct research into a wide range of computing issues as required.
Experience with Active Directory
Highly self-motivated and directed
Tech-savvy with working knowledge of office automation products, databases, and remote control.
Ability to perform hands-on fixes at the desktop level, including installing and upgrading software.
Ability to perform hands-on fixes at the desktop level, installing hardware, implementing file backups, and config
Performing remote troubleshooting through diagnostic techniques and pertinent questions
Proficiency in English
Good understanding of computer systems, mobile devices, and other tech products
Cu"
technical product manager,Technical Product Manager,50,48,44,product,0.679,135200.0,12,10.0,https://www.linkedin.com/jobs/view/technical-product-manager-at-dice-3805519473,Dice,"Dice is the leading career destination for tech experts at every stage of their careers. Our client, Skill Quotient, is seeking the following. Apply via Dice today!
Company Description
Skill Quotient Technologies is a CMMI level 3 & ISO 27001:2013 certified innovative IT company headquartered in Malaysia, working on cutting-edge technologies such as Cyber Security, Robotic Process Automation, Data Analytics, SAP, Software Development and software Testing. With offices in the USA, Malaysia, Singapore, and India, we have a strong team of 800+ employees and deliver innovative solutions for businesses worldwide.
Summary:
We are looking for a
Technical Product Manager in Portland, OR (Onsite)
for the below-mentioned job description.
Lead the execution of an end-to-end product/platform vision and multi-year roadmap for a function in partnership with Engineering teams and the Finance business.
Responsibilities
Partner with all stakeholders to understand Business needs, outcomes and value and ensure roadmaps are aligned to those needs
Ensure roadmaps account for and integrate dependencies across functional areas within Domains
Ensuring Tech Team roadmaps account for and integrate dependencies across functional areas within Domains
Collaborating with other TPM's, Domain TPM's and the Central TPM Leader to address dependencies across Global Tech; provide inputs into overall end to end Global Tech roadmap development
Partnering with all stakeholders to understand business needs and goals and providing strategic advice on how to respond
Utilizing a ""customer-centric"" mindset in designing roadmaps and building products/platforms that both meet current and future enterprise needs
Developing product and platform strategies to ensure they deliver outsized value to Global Tech quickly and are built to be scalable and agile
Bringing best-in-class market and industry insights to platform and product strategy
Deliver value to the business via products & platforms while elevating produc"
engineer generative ai engineer,Engineer Generative AI Engineer,49,27,3,ai,0.929,246400.0,25,85.7,https://www.linkedin.com/jobs/view/senior-lead-engineer-generative-ai-engineering-remote-eligible-at-remoteworker-us-3788704029,RemoteWorker US,"Job Description
Senior Lead Engineer- Generative AI Engineering (Remote-Eligible)
At Capital One, our mission is to create trustworthy, reliable, and human-centered AI systems that change banking for the better. We have been at the forefront of using machine learning to provide real-time, intelligent, and automated customer experiences. From notifying customers about unusual charges to answering their questions instantly, our AI-driven applications bring simplicity and humanity to banking. We have invested in cloud infrastructure and machine learning platforms, enabling us to take full advantage of AI's power. We are committed to building exceptional applied science and engineering teams, pushing the boundaries of product experiences and scalable AI infrastructure. Join us at Capital One to bring the transformative power of emerging AI capabilities and reimagine how we serve our customers.
We are seeking an experienced Senior Lead Engineer to help build and maintain APIs and SDKs that enable training, fine-tuning, and access to AI models at scale. You will collaborate with our Enterprise AI team to develop systems that allow users to work with Large-Language Models (LLMs) and Foundation Models (FMs) using our public cloud infrastructure. Working alongside world-class AI engineers and researchers, you will design and implement key API products and services, empowering real-time customer-facing applications. Your projects may include:
Designing and deploying well-managed core APIs and SDKs for accessing LLMs and proprietary FMs, including training, fine-tuning, and prompting tasks.
Creating performance-driven APIs for real-time applications, scale, ease of use, and governance automation.
Developing application-specific interfaces that enhance the associate and customer experience using LLMs and FMs.
Enabling users to build new AI capabilities.
Implementing AI safety and guardrails in the API layer in collaboration with researchers.
This opportunity is open to Remote E"
cloud security architect,Cloud Security Architect,49,18,14,security,0.843,158200.0,4,0.0,https://www.linkedin.com/jobs/view/cloud-security-architect-at-reperio-human-capital-3778640114,Reperio Human Capital,"Apply Now
Salary
$140-170k
Location
Florida, USA
Type
Permanent
Start
ASAP
Cloud Security Architect
90430
Desired skills:
AWS, Azure, GCP
Our Client is a well-known communication collaboration platform. They are looking for an experienced Cloud Security Architect to join their innovative team. In this role, you will provide expert knowledge to IT teams on security matters.
Responsibilities:
Develop and implement cloud security strategies, policies, and procedures.
Design, deploy, and maintain security controls for cloud-based infrastructure and services.
Conduct security assessments, identify vulnerabilities, and recommend remediation strategies.
Integrate security controls into the software development life cycle (SDLC) and DevOps processes.
Monitor cloud infrastructure for security incidents and respond promptly to mitigate risks.
Stay up to date with cloud security trends, threats, and regulations.
Provide guidance and support on cloud security best practices.
Collaborate with vendors to evaluate and implement cloud security tools.
Qualifications:
Bachelor's degree in Computer Science or related field.
Proven experience securing cloud-based infrastructure.
Strong knowledge of cloud platforms (AWS, Azure, GCP) and their security features.
Familiarity with cloud security principles, frameworks, and best practices.
Experience with cloud security tools and technologies.
Excellent communication and collaboration skills.
Preferred Skills:
Scripting languages (Python, PowerShell) and automation frameworks.
Containerization technologies (Docker, Kubernetes) and associated security.
Infrastructure-as-code (IaC) tools (Terraform, CloudFormation).
Vulnerability assessment and penetration testing.
Understanding of DevOps practices.
Benefits:
Competitive salary based on experience and qualifications.
Comprehensive health, dental, and vision insurance plans
If you are interested in this role, apply below or contact Makenna for more info.
Reperio Human Capital acts as an Employ"
backend developer,Backend Developer,49,46,45,engineering,0.681,135000.0,5,10.2,https://www.linkedin.com/jobs/view/back-end-developer-at-talent-software-services-3775698223,TALENT Software Services,"Are you an experienced Back End Developer with a desire to excel? If so, then Talent Software Services may have the job for you! Our client is seeking an experienced Back End Developer to work at their company in Richfield, MN.
Position Summary:
We are building a modernization platform to replace our legacy systems. This includes building cloud-native systems that will replace and/or enhance existing systems to a modern and modular system that can are built to scale. This is an opportunity to take your engineering talent and work with a myriad of teams, drive a passionate group of developers, and deliver end-end customer-centric solutions.
Primary Responsibilities/Accountabilities:
Provide hands-on contributions in all phases of the project lifecycle architecture, design, development, MVP, and Dev Ops of key technology initiatives.
Work closely with product owners, engineers, and business stakeholders to lead feature implementation on multi-sprint initiatives.
Work with modern engineering concepts including Microservices, agile development methodology, test-driven development, continuous integration, and deployment practices.
Bring a creative and innovation-driven mindset with the ability to articulate engineering design strategies related to scale, performance, security, and usability.
Build high-performance, highly available and scalable distributed systems.
Accountable and responsible for code and design reviews, aggressive refactoring and collaborating with other engineers on the team.
Anticipate and solve technical issues and make architectural and design decisions to avoid those issues.
Work closely with test engineers to help build test automation frameworks and CI/CD pipelines.
Collaborate effectively on cross-functional projects including representing the team in cross-team collaboration.
Proactively mitigate high impact risks to prevent them from turning into issues and support efforts to manage and resolve issues in Production.
Occasionally facilitating s"
backend software engineer,Backend Software Engineer,48,31,29,engineering,0.65,184500.0,8,12.5,https://www.linkedin.com/jobs/view/senior-backend-software-engineer-at-global-information-technology-3721149436,Global Information Technology,"Job Title: Senior Backend Software Engineer
Job Location: Remote
Job Type: Full Time
Job Description:
This Software engineer will provide data for a data management function within a portfolio analysis framework. Candidate will have over 7+ years of development with active hands on development roles on medium scale production deployments of front and back ends.
Skills
Proven ability of simplifying design through data simplicity.
Solid knowledge of database implementations (Data Vault, SQL server, MongoDB, Data Warehouse)
Detailed working knowledge of SQL on Snowflake, AWS RDS
Working knowledge of API design
Working knowledge of using REST APIs
Working knowledge of generating a json structures.
Working knowledge of aggregation with overlapping time series is a plus
Working knowledge of nested aggregation structures
Proven working experience with API design working closely business analysts
Working knowledge of web applications using RestAPI.
Message Driven Design
Domain Driven Design
Strong knowledge of CI/CD deployment pipelines
Proven ability with independent server-side architecture design, implementation and deployment.
Proven ability with long term server design, deployment and support
Detailed working knowledge of AWS Lambda, APIGateway, SAM templates
Knowledge of API deployment strategies (EC2, Lambda)
Strong knowledge of Node JS, Typescript server side.
Proven capability of deploying production server code with multiple languages (Java, C++, Python, Scala, etc).
Underlying interest or experience with financial portfolios is a must.
Interested candidates can send their updated resumes at jobs@global-itech.com
Job Posted by ApplicantPro
Show more
Show less"
"manager, software engineer","Manager, Software Engineer",48,35,33,engineering,0.662,178750.0,16,0.0,https://www.linkedin.com/jobs/view/sr-manager-software-engineering-at-rivian-3793542839,Rivian,"About Rivian
Rivian is on a mission to keep the world adventurous forever. This goes for the emissions-free Electric Adventure Vehicles we build, and the curious, courageous souls we seek to attract.
As a company, we constantly challenge what’s possible, never simply accepting what has always been done. We reframe old problems, seek new solutions and operate comfortably in areas that are unknown. Our backgrounds are diverse, but our team shares a love of the outdoors and a desire to protect it for future generations.
Role Summary
We are seeking a Senior Manager, Software Engineering to lead and manage a team of software engineers in the development and delivery of high-quality software products. This role oversees the design, development, testing, and deployment of manufacturing software systems, as well as providing technical guidance and mentorship to team members.
Responsibilities
Lead a team of talented individuals to deliver manufacturing software and hardware solutions.
Highly technical leader who collaborates with various teams to architect, develop, deploy and support effective custom manufacturing automation applications.
Architect and deliver high availability, high fidelity applications built on a hybrid cloud environment.
Continuously improve the team's technical capabilities and knowledge.
Build strong partnerships with key business stakeholders in manufacturing operations.
Develop business and technical architectures for applications used to improve the
manufacturing experience.
Define system SLAs and SLOs, and make sure we meet them.
Develop and be accountable for critical vendor partnerships.
Qualifications
Bachelor's or Master's degree in Computer Science or related field
At minimum of 8 years of experience in software engineering, including at least 5 years of
experience managing teams
Strong experience with software development methodologies, such as Agile and Scrum
Strong experience with software development languages, such as Java, Golang, Node."
technical support engineer,Technical Support Engineer,48,44,39,it_support,0.676,87500.0,8,2.1,https://uk.linkedin.com/jobs/view/technical-support-engineer-tier-2-at-vir-consultant-llc-3793674703,VIR Consultant LLC,"Title: Technical Support Engineer - Tier 2
Location: London
Duration: Fulltime
Job Responsibilities
Working directly with customers via phone and email to respond to technical issues
Providing escalated technical and triage support for other team members
Actively contributing to our online community and knowledge database for up-to-date customer information and solutions
Working closely with our Engineering, Product Management and QA teams to increase customer satisfaction by providing critical feedback and assistance for product enhancements
Be a part of a global team interacting closely with Support offices in the US, Mexico, Europe, Australia, Singapore, Korea, and Japan, as well as with customers around the world
Qualifications/Experience
College degree (CS degree preferred)
3+ years work experience in online technical problem solving.
3+ years work experience in online technical problem solving.
Proven analytical / problem solving ability.
Ability to communicate technical concepts clearly and effectively, both written and oral.
Demonstrated ability to lead and manage initiatives to completion.
Proven ability to work with the team to quickly and calmly resolve technical issues.
Solid understanding of internet technologies including browsers, networking, firewalls & proxy servers
Strong technology background with a comprehensive knowledge of Internet, Mobile and Digital Online Media technologies such as networking, servers, etc
Strong familiarity and working knowledge in JavaScript, HTML, XML and CSS
Meaningful experience with online video and of video encoding applications
Experience with Live Streaming technologies.
Familiarity and working knowledge with CDN infrastructures, such as Akamai, Fastly, Limelight, Level3 is a big plus.
Familiarity and working knowledge with Cloud computing (AWS, S3, Cloudfront, etc).
Familiarity and working knowledge of Java; experience in Android development is a plus
Familiarity and working knowledge with rich media applications a"
bi analyst,BI Analyst,47,37,30,data,0.701,140250.0,6,12.8,https://www.linkedin.com/jobs/view/bi-analyst-at-techtammina-llc-3731650197,TechTammina LLC,"Role: BI Analyst
Location: Auburn Hills or Farmington Hills, MI
Duration: 6 Month Contract to Hire
Rate: Market
Initiative Summary
This role will help Open Blue teams and leaders with critical reports and metrics needed to run our business.
This person is a strong communicator, who can guide a requirements giver to describing what they want and need in a metric and dashboard.
They can also ask thoughtful questions of the datasets, investigate their fit for purpose and use good judgement.
Lastly, they are able to use a variety of technologies from simple to complex, to create and iterate on the reports and visuals via user feedback.
Technical Skills: BI Analyst, Power BI, MS Office Suite, and Snowflake
Required Skills
Minimum of 5-8 years of experienced and demonstrated maturity in leading projects
Business acumen, proven in any other industry and aptitude to learn the digital space. Software as a Service would be preferred but not required.
Ability to define metrics.
Attention to detail when identifying data and building calculations.
Data Visualization including metric display, trending and charting, and varying levels of granularity
Ability to directly communicate with the dashboard users and stakeholders who provide data/content
Experienced with data analysis
Proven ability to collect, structure, store, and visualize information
Skills
Power BI
Microsoft Suite
Automation
Snowflake data platform
Software as a Service (SAS)
Has demonstrated ability to teach and mentor others to upskill
Show more
Show less"
cyber security operations center,Cyber Security Operations Center,47,17,3,security,0.916,,4,0.0,https://www.linkedin.com/jobs/view/principal-associate-cyber-security-operations-center-csoc-at-jobs-for-humanity-3789241548,Jobs for Humanity,"Company Description
Jobs for Humanity is partnering with Capital One to build an inclusive and just employment ecosystem. Therefore, we prioritize individuals coming from the following communities: Refugee, Neurodivergent, Single Parent, Blind or Low Vision, Deaf or Hard of Hearing, Black, Hispanic, Asian, Military Veterans, the Elderly, the LGBTQ, and Justice Impacted individuals. This position is open to candidates who reside in and have the legal right to work in the country where the job is located.
Company Name: Capital One
Job Description
Job Title: Cyber Security Operations Center (CSOC) Analyst Location: McLean, VA, United States of America Job Description: Capital One is seeking talented individuals to join our Cyber Security Operations Center (CSOC) in McLean, VA. As a Principal Associate CSOC Analyst, you will play a crucial role in protecting our infrastructure from cyber threats. We are looking for someone with expertise in network security, cloud infrastructure monitoring, incident handling, and log investigation techniques. In addition to technical skills, we value leadership and the ability to mentor and encourage teammates. Responsibilities: - Support daily cybersecurity threat detection and incident response operations - Identify opportunities for automation to improve efficiency and collaboration across CSOC - Utilize security tools to identify threat patterns and automate workflows - Analyze and deconstruct multi-source reporting to identify actionable intelligence - Regularly analyze malware reports and track adversary behaviors - Stay updated on the Capital One threat landscape and communicate findings to senior executives - Build and maintain relationships with partner teams such as Cyber Intelligence and Red Team - Conduct time-sensitive analysis during cyber investigations, including threat hunting and malware analysis - Collaborate with other teams to identify and mitigate risk - Attend conferences and briefings to stay informed about threa"
service desk analyst,Service Desk Analyst,46,46,39,it_support,0.736,58500.0,7,4.3,https://www.linkedin.com/jobs/view/service-desk-analyst-at-joco-3774820122,JoCo,"What is the position:
The Service Desk Analyst will provide support for internal users in the company using excellent customer service skills.
What will you do:
Receive and record customer problems/requests/issues and capture necessary documentation
Perform problem identification and attempt to resolve, then assign to next level as necessary
Monitor and track incident queue with the goal of timely addressing customer requests (ServiceNow)
Perform follow up on incidents with customer to ensure customer satisfaction
Maintain current knowledge of end-user computing hardware and software
Utilize Active Directory to unlock accounts, add security/distribution groups, and updating personal information.
Serve as a liaison between the business and technical support staff
What are the requirements:
Associates Degree in Management Information Systems or related degrees or related years of experience
Experience with MS Office and Office365
Experience with Active Directory
Experience with HP Laptops, HP desktops, and MS Surface Pro
Experience troubleshooting printers
Experience troubleshooting iOS/Android wireless devices
Experience with ServiceNow or related ticketing systems
Strong analytical and problem solving skills coupled with great attention to detail
Broad knowledge of end-user computing technologies
Ability to work with a team
Strong written and verbal communication skills
You would be really happy working here if:
You can be counted on in crucial times, possessing great focus while completing projects successfully and efficiently.
You are left-brained and understand that the devil’s in the details, proactively seeking them out and understanding how they contribute to the whole of a project.
Show more
Show less"
manager of software engineer,Manager Of Software Engineer,46,13,4,engineering,0.832,,2,0.0,https://www.linkedin.com/jobs/view/manager-of-software-engineering-java-aws-at-clickjobs-io-3801063430,ClickJobs.io,"JOB DESCRIPTION This is your chance to change the path of your career and guide multiple teams to success at one of the world's leading financial institutions. As a Manager of Software Engineering at JPMorgan Chase within the Consumer & Community Banking - Technology team, you lead multiple teams and manage day-to-day implementation activities by identifying and escalating issues and ensuring your team’s work adheres to compliance standards, business requirements, and tactical best practices. Job responsibilities Provides guidance to immediate team of software engineers on daily tasks and activities Sets the overall guidance and expectations for team output, practices, and collaboration Anticipates dependencies with other teams to deliver products and applications in line with business requirements Manages stakeholder relationships and the team’s work in accordance with compliance standards, service level agreements, and business requirements Creates a culture of diversity, equity, inclusion, and respect for the team members and prioritizes diverse representation Required qualifications, capabilities, and skills Formal training, or certification on software engineering concepts and 5+ years applied experience. In addition, demonstrated coaching and mentoring experience Experience managing technologists Proficient in automation and continuous delivery methods Proficient in all aspects of the Software Development Life Cycle Advanced understanding of agile methodologies such as CI/CD, Applicant Resiliency, and Security In-depth knowledge of the financial services industry and their IT systems Proficiency in Java, Cassandra, AWS (any additional cloud platforms) Experience building and managing API's and designing and integrating with systems Preferred qualifications, capabilities, and skills Experience working at code level ABOUT US Chase is a leading financial services firm, helping nearly half of America’s households and small businesses achieve their financial goals "
it security analyst,IT Security Analyst,45,45,44,security,0.734,99500.0,7,4.4,https://www.linkedin.com/jobs/view/it-security-analyst-at-capleo-global-3734709586,Capleo Global,"Job Title:
IT Security Analyst
Location: Charlotte, MI 48813 (100% Onsite -
This position is onsite 5 days a week from day 1
)
Duration: 12 Months (with a possible extension)
Job Description
Monitor and advise on information security issues related to the systems and workflow at an agency to ensure the internal IT security controls for an agency are appropriate and operating as intended. Coordinate and execute IT security related projects for the agency.
Coordinate response to information security incidents.
Develop and publish Information Security policies, procedures, standards, and guidelines based on knowledge of best practices and compliance with State IT Security policies, standards, and guidelines.
Conduct campus-wide data classification assessment and security audits and manage remediation plans. Collaborate with IT management, Internal Audit, and SOM to manage security vulnerabilities.
Create, manage, and maintain user security awareness.
Conduct security research and keep abreast of latest security issues.
Prepares IT security documentation, including department policies and procedures, agency notifications, Web content, and alerts.
1 to 3 years of experience in the field or in a related area.
Has knowledge of commonly used concepts, practices, and procedures within a particular field.
Relies on instructions and pre-established guidelines to perform the functions of the job.
Primary job functions do not typically require exercising independent judgment.
Top Skills And Years Of Experience
IDS (Intrusion Detection System) 1-3 years
IOC (Indicators of Compromise) 1-3 years
Experience with writing Security Related Policies & Procedures 1-3 years
Show more
Show less"
embedded systems engineer,Embedded Systems Engineer,43,42,38,devops,0.717,129000.0,4,0.0,https://www.linkedin.com/jobs/view/embedded-system-engineer-at-general-dynamics-mission-systems-3768098170,General Dynamics Mission Systems,"As an
Embedded Systems Engineer
, working with custom Hardware built in-house, for our Cyber group, you’ll be a member of a cross functional team responsible for developing mission critical NSA-certified Cybersecurity devices in a rapidly growing product line. You’ll be working at the cutting edge of Cybersecurity and high-speed data.
We also have a
Sr. Level Embedded System Engineer
position available as well.
We encourage you to apply if you have any of these preferred skills or experiences:
Real-Time multi-threaded Embedded System architecture and development
Model-based Systems Engineering (MBSE)
Extensive experience with DOORs
Long development lifecycle and product lifespans, requiring maintenance and regular technology refresh
Requirements Analysis and Management
Functional Analysis, performance analysis, and Systems design
Trade Studies
System integration and testing
Nice to have:
Hypervisor Technology
Linux
Networking experience including Layer 2 and Layer 3
Experience working in a fast-paced product development environment
What sets you apart:
Passion for designing complicated systems and working on problems of diverse scope.
Ability to define the scope, schedule, and expectations for the work you execute.
Shows initiative on assignments and executes projects with little guidance and can provide technical direction and leadership.
Ability to write CONOPS, Specifications or Requirements and derive into software design, code, test plans, and then execute Systems level testing/debugging.
Proficiency with Systems and Test tools supporting testing in a lab environment.
Our Commitment to You:
An exciting career path with opportunities for continuous learning and development.
Research oriented work, alongside award winning teams developing practical solutions for our nation’s security
Flexible schedules with every other Friday off work, if desired (9/80 schedule)
Competitive benefits, including 401k matching, flex time off, paid parental leave, healthcare benefits"
sdet,Sdet,43,40,33,qa,0.735,124800.0,5,4.7,https://www.linkedin.com/jobs/view/sr-sdet-at-zortech-solutions-3793687891,Zortech Solutions,"Position: Sr. SDET
Location: Atlanta, GA (Day 1 onsite - Hybrid)
Qualifications
At least 8 years of experience in IT.
Expertise in test automation of applications from UI and API layer.
Candidate should have hands on experience of writing, maintaining automated UI and APIs tests written in Java, JavaScript, C#, Python using various open-source testing libraries like Selenium, Cypress, REST Assured, etc.
Hands on experience in OOPs languages like Java, C# and scripting languages like Python, Perl, Shell, Bash etc.
Experience with API and Microservices testing and automation
Knowledge and experience with Test Driven Development(TDD),Behavior Driven Development(BDD) with a testing framework like Cucumber, JBehave
Hands on experience with one or more querying languages such SQL (preferred), Oracle, MySQL and/or No SQL databases (Cassandra, MongoDB etc)
Experience deploying applications in AWS or OpenShift (Kubernetes)
Hands on experience in automating backend REST services including writing custom functions using tools such as Postman, REST Assured, Karate, Cypress, Ready API etc.
Hands on experience of building test automation framework from ground up using modular framework and design pattern like Page Object Model design pattern (POM) etc.
Experience of working in distributed agile teams using agile frameworks such as SCRUM , SAFe , XP etc.
Hands on experience of working with continues integration tools such Jenkins, Circle CI.
Able to independently create and maintain automation test jobs using tools such as Jenkins.
Hands on experience working with source code management tools such as GitLab, GitHub, AWS Code Commit etc.
Hands on experience of creating test reports from automation test run using tools such as cucumber report, Extent report etc.
Ability to quickly adapt to new tools and evolving technologies.
Must have the ability to clearly communicate with peers, business analysts, and subject matter experts
Must have the ability to listen to customers and colleag"
help desk analyst,Help Desk Analyst,43,40,25,it_support,0.71,62245.0,6,2.3,https://www.linkedin.com/jobs/view/help-desk-analyst-at-robert-half-3807739680,Robert Half,"Robert Half is seeking a skilled Help Desk Analyst to join our client’s dynamic team. We have several opportunities with different clients all within the Greater Boston area.
Responsibilities:
Provide first-level technical support to end-users via phone, email, or in-person.
Diagnose and resolve hardware, software, and network issues.
Collaborate with other IT team members to escalate and resolve complex technical problems.
Install, configure, and maintain desktops, laptops, and peripherals.
Assist in managing user accounts, permissions, and access rights.
Ensure timely and accurate documentation of all support interactions in the ticketing system.
Train end-users on basic troubleshooting and self-help techniques.
Requirements:
Proven experience as a Help Desk Analyst or similar role.
Strong proficiency in troubleshooting and supporting both Windows and Mac operating systems.
Experience supporting current versions of Windows, Mac OS, and Office 365 in a networked environment as well as a working knowledge of PC hardware and configuration issues.
Excellent communication and customer service skills.
Ability to work independently and collaboratively in a fast-paced environment.
Basic understanding of networking concepts.
Certifications such as CompTIA A+, Microsoft Certified: Windows 10, and Apple Certified Support Professional (ACSP) are a plus.
Flexibility to work occasional evenings or weekends as needed.
Education:
Bachelor's degree in information technology, Computer Science, or a related field is preferred. Relevant certifications and experience will also be considered.
Show more
Show less"
financial business analyst,Financial Business Analyst,43,21,19,product,0.704,105000.0,5,0.0,https://www.linkedin.com/jobs/view/financial-business-analyst-at-sunrise-systems-inc-3730996450,"Sunrise Systems, Inc.","Job Title: Financial Business Analyst
duration: 6 months Contract
Job Location: hybrid in Frisco, TX 75034
Hybrid - This position requires the candidate to come onsite 2-3 days in a week.
Job Description
The Senior Analyst, Business Systems is a key position within the Finance organization, responsible for assessing and managing enterprise projects and business initiatives that impact Telecommunication’s accounting and financial reporting processes. This role reports to the senior manager, Business Systems Analysis as an individual contributor. This individual will be responsible for representing Finance on enterprise projects through the project lifecycle, including assessments, business requirements, operational impacts and solution, system design, testing and launch approvals. This position partners closely with product owners and other teams across the enterprise and has significant interaction with finance leadership.
The ideal candidate will have a strong foundation in both business analysis and technical and/or operational accounting. To effectively support projects, the candidate will become a SME (Subject Matter Expert) in one or multiple areas of accounting, developing an understanding of transactional flows, financial risks, controls and corresponding journal entries through the various systems to drive scalable solutions and operational accounting efficiencies. This is a highly dynamic and continuously evolving area of Telecommunication’s business; the ideal candidate works well through ambiguity, thrives in a fast-paced and changing environment, and possesses excellent leadership and communication skills.
Responsibilities
Manage projects from concept approval to launch including status reporting and go/no go recommendations to accounting leadership.
Partner effectively with cross-functional teams to support business initiatives, drive process improvements, and implement best practices.
Elicit requirements and write user stories with acceptance criteria."
applications developer,Applications Developer,42,40,34,engineering,0.711,119105.0,9,16.7,https://www.linkedin.com/jobs/view/applications-developer-lead-at-capleo-global-3804291934,Capleo Global,"Job Title: Applications Developer Lead
Duration: 9 Months (Possibility for extension)
Location: 100% REMOTE
Description
Seeking an Application Developer to take the lead in the following tasks:
"" Take leadership in the design, development, coding, testing, and debugging of applications
"" Create and maintain applications, work closely with application developers, and ensure there is proper written documentation of all requirement coding and business rule coding.
"" Maintain and ensure compliance with all software development standards.
"" Provide production support and implement changes to source systems code.
"" Mentor and support skills development of the application development team.
"" Interact with Scrum Master, OTSS team leads, MDE product owners and high-level business users.
Required Skills
Experience creating applications using .Net, React, Git, Azure, and Azure DevOps Pipelines.
Experience working in Agile Projects.
Experience in education data systems and environments is a plus.
Show more
Show less"
test automation engineer,Test Automation Engineer,42,32,30,devops,0.752,122275.0,5,0.0,https://www.linkedin.com/jobs/view/senior-test-automation-engineer-at-ntt-data-services-3800488143,NTT DATA Services,"Req ID:
266708
NTT DATA Services strives to hire exceptional, innovative and passionate individuals who want to grow with us. If you want to be part of an inclusive, adaptable, and forward-thinking organization, apply now.
We are currently seeking a Senior Test Automation Engineer to join our team in Arlington, Texas (US-TX), United States (US).
This is a hybrid position so would require 3 days on-site in Arlington, TX and 2 days remote.
Responsibilities:
Conducting tool assessments and evaluations
Independently manage Automation teams
Architect, customize/develop automation framework works for customer/project needs
Build a pilot, build prototypes, and provide business analysis
Test and write test scripts
Work with QA engineering to convert manual tests into automated tests
Conduct testing, maintenance, and validation on all software products
Analyze and document test results and create detailed defect reports
Be an advocate for help and rethink, and improve shift left strategies
Write technical documentation/defects and issues
Work with continuous integration tools
Provide Automation Commercial and Open-source tools standards with a clear understanding of the Software Test Automation process.
Basic Qualifications:
10+ years in Software Testing with 6 to 8 years in automation projects
5+ years QA Testing-Automation Tools-Selenium
.NET and Azure
Automation tools, i.e. Selenium, Test NG, UFT, TOSCA, etc.
Source control systems such as GitHub and understand git
SQL and how to turn data into meaningful results
Preferred/Nice to have:
Manage multiple projects from inception to post-implementation using automation methodologies
Application architecture, relational database, Microsoft .NET and related technologies
Education:
BS in Computer Science, QA, or equivalent work experience
#INDFSINS
About NTT DATA Services
NTT DATA Services is a recognized leader in IT and business services, including cloud, data and applications, headquartered in Texas. As part of NTT DATA, a $3"
it support technician,IT Support Technician,41,39,34,it_support,0.747,57040.0,10,2.4,https://www.linkedin.com/jobs/view/it-support-technician-at-snap-inc-3805520785,Snap Inc.,"IT Support Technician / IT Service Desk Analyst / Service Desk Support / IT Support Analyst /1st/2nd Support / 1st & 2nd Line Support / IT Technician / IT Specialist / IT Support Engineer
Widen The Net is a partner recruitment agency to Snap and we are hiring for their contract positions.
On site based in Chandler office.
Snap are looking for an IT support technician to support their brand new IT labs based in Chandler, Arizona, manage vendor relationship and ensure IT services delivery:
-Troubleshooting for Mac OS and Windows Server, network, switches, AD, cloud backups, Google Workspace, JAMF, Atlassian, Slack, OTKA, Jira,
-Clearing tickets backlog, analysing issues and following up with end users, escalate technical issues, helping resolving problems and finding root cause within SLA;
-Building good relationship with 3rd party software/hardware vendors;
-Documentations
Requirements:
-2 + years experience working as IT support/service desk/IT technician;
-Strong working knowledge in Windows server;
-Knowledge in ticketing management system such as ServiceNow or Jira;
-Excellent client facing and problem solving skills, creative thinking and sociable personality;
-Experience supporting C-level executives is a big plus
Initially 11 months contract (full time Monday to Friday) till the end of 2024, very likely to renew afterwards. This contract is paying $34.79 per hour and will be through a W2 local employer. Onsite based in Chandler, Arizona.
Show more
Show less"
c++ software engineer,C++ Software Engineer,41,32,26,engineering,0.731,183250.0,5,4.9,https://www.linkedin.com/jobs/view/c%2B%2B-software-engineer-at-njf-global-holdings-ltd-3764977166,NJF Global Holdings Ltd,"C++ Software Engineer
A great opportunity to be a part of a fast-growing HFT firm that are looking to bring in top engineering talent with strong C++ coding experience. The C++ Software Engineer will join a team of exceptional traders, researchers, and other likeminded individuals in a collaborative environment. The successful candidates will play a key role in taking projects from conception to deployment. This is a hands-on coding role and will collaborate with other developers to engineer cutting edge, ultra-low latency, high throughput trading systems to gain competitive advantage.
The C++ Software Engineer will have:
The chance to join a team with talented engineers who have experience from respectable names in the industry
Top compensation in global finance
Ideal candidate should have:
Proficient in C/C++
Strong engineering abilities and strong understanding of computer science
Strong understanding of operating system internals and Linux kernel
Performance tuning and optimization of low latency software
Experience of building latency sensitive systems
Show more
Show less"
embedded engineer,Embedded Engineer,41,41,33,engineering,0.717,92230.0,5,0.0,https://www.linkedin.com/jobs/view/embedded-engineer-at-the-ash-group-3801509921,The Ash Group,"Embedded Engineer
Setting: Onsite
Location: San Diego, CA
Duration: 12 months
Experience Range
: 4 to 6 Years (No more than 8 Years)
Duties
:
Design, develop, code, test, and debug system software with a focus on Display.
Review code and design.
Analyze and enhance system resources' efficiency, stability, and scalability.· Integrate and validate new product designs.
Support software QA and optimize I/O performance.
Provide post-production support.· Interface with hardware design and development.
Skills:
Proven experience as an embedded software engineer.
Solid programming experience in C or C++.
Experience in hands-on development and troubleshooting on embedded targets.
Experience with software development methodologies.
Familiarity with software configuration management tools, defect tracking tools, and peer review.· Knowledge of reading schematics and data sheets for components.
Strong documentation and writing skills.· Experience in device drivers and Android.
Having prior display software experience is a plus.
Education
: Bachelor or master’s in engineering
This role does not support c2c
What We Offer:
• We offer our contractors medical, dental, vision, and direct primary care benefits and contribute towards each contractor's monthly health insurance premium.
• Contractors are also eligible to participate in our 401(k) plan after six months of employment.
• Our 401(k) plan is matched up to 4% and has 100% vesting immediately.
About The Ash Group:
It’s about the right opportunities.Think success, flexibility, and fast track. It can happen when you work with a firm that understands your strengths, goals, and the kind of position that meshes perfectly with them. We minimize your search time and maximize the quality of your work experience.Think integrity, professionalism, responsiveness.
That's what you can expect from The Ash Group. We understand that finding the right fit for you is so much more than pattern-matching your skills to a set of job requirements. That"
systems software engineer,Systems Software Engineer,40,31,24,engineering,0.653,130000.0,11,0.0,https://www.linkedin.com/jobs/view/sr-systems-software-engineer-at-goodwin-recruiting-3755183987,Goodwin Recruiting,"To Apply for this Job Click Here
If you are a
Sr. Systems Software Engineer
looking to join a leading manufacturer that uses the latest technologies, will give you exposure to numerous industries, and no two days will be the same, this could be the role for you.
Sr. Systems Software Engineer Benefits
Solid Health, Dental, and Vision Insurance
Quarterly Bonus Potential
401k matching program
Long-Term Disability, and Life Insurance
Educational Reimbursement
Holidays, Sick Days, and Paid Time-off
Salary $125K - $150K
Sr. Systems Software Engineer Qualifications & Responsibilities
Write code for software integrating system operation motion control, laser programming, machine vision (Cognex, Keyence), data collection and analysis, file management, and HMI
Design DLLs for selected software-controllable systems components including data acquisition, controls, motion controllers, visions systems, lasers, data collection, and report generators.
Manufacturing floor automation connectivity software including LAN, database, and other standard interfaces and protocols
Create Programmable Logic Controller code
5+ years experience in C# with a solid fundamental background in software engineering
Meet ITAR requirements
At Goodwin Recruiting we are committed to our core values. We take our value, Dedicated to Diversity & Inclusion, very seriously and will never discriminate against a candidate or client based on any protected classes. Our clients seek qualified candidates, and that is what we deliver. A person's age, gender, race, sexual orientation, gender identity, national origin, veteran or disability status, or arrest or conviction record has no bearing on whether he, she, or they are able to do the job. We evaluate the knowledge, skills, and abilities that meet the requirements of the position and aim to open doors and change lives. We value all people, understanding that uniqueness and diversity foster a stronger team that is innovative and brings varying perspectives to the "
power systems engineer,Power Systems Engineer,40,30,25,devops,0.737,157500.0,11,2.5,https://au.linkedin.com/jobs/view/senior-power-systems-engineer-at-limitless-recruitment-3791731499,Limitless Recruitment,"My client delivers engineering consultancy services to Tier 1, Tier 2, and Tier 3 customers within the Oil and Gas, Minerals and Metals, Power and Water Utilities, Commercial, Defence & Military, and Renewable industries throughout Australia. Their position as a reliable supplier is attributed to the establishment of robust customer relationships, underlining their success in the industry.
THE ROLE
As a Senior Power System Engineer, you will provide highly technical leadership and expertise to guide junior engineers in project work, designs, and technical problem-solving. Your responsibilities will include:
Coordinating and managing workgroups and projects associated with Power Systems Design and Systems Design
Conducting technical analyses and feasibility studies to assess project requirements and propose innovative solutions
Ensuring adherence to project schedules, budgets, and quality standards
Maintaining effective communication with clients, stakeholders, and team members to provide regular updates on project progress
ABOUT YOU
You will be a proficient and driven engineer who fosters a proactive and forward-thinking mindset. As a successful candidate seeking a long-term role, you will possess the following skills and attributes:
Expertise in Power System analysis, including Load flow, Short Circuit, Protection Coordination, Arc flash assessment, and Harmonic analysis
Proficiency in software packages such as SKM PTW, ETAP, PowerFactory, PSCAD, and PSSE
Experience in HV and LV Substation Design, encompassing primary and secondary systems
Knowledge of Grid connections is an advantage
A solid background in systems development and enhancement, with a proven track record of streamlining processes and procedures
In-depth familiarity with International Standards, Australian Standards, and relevant legislative requirements
BENEFITS AND CULTURE
According to what their current employees say, my client:
Values the opinions of its employees, fostering a culture of open comm"
flight test engineer,Flight Test Engineer,40,39,28,qa,0.765,180400.0,27,0.0,https://www.linkedin.com/jobs/view/senior-flight-test-engineer-at-ilocatum-3778272735,iLocatum,"Category: Flight Operations
Location: Mojave, CA
Citizenship Required: United States Citizenship
Clearance Type: Secret
Schedule: 9/80 Work Schedule
Relocation Assistance: Relocation assistance may be available
Benefits: 100% Paid Benefits and 401k Matching
Summary:
Our Client is a fast-paced aerospace research company located in Mojave, CA. We are known for generating one-of-a-kind,
proof-of-concept, and record setting aircraft. We look for self-starters who strive to understand the company as a whole, take
ownership of their tasking, and are idea generators to progress efficiency for the overall sake of the company. This research and
development environment focuses on good judgement, quick thinking, and forward progression in a short timeframe.
Our Client's Senior Flight Test Engineer (FTE) will act as a project test lead. The FTE will work with the project technical
leadership and test pilots to design and generate test plans. The FTE will coordinate schedules and logistics with other internal and
external organizations. Like every job at at our company, the job is to do anything that needs to be done to help each program succeed.
FTEs will be assigned to assist one or more programs and each program will determine what level of support is needed from
the FTE. There are some opportunities for internal development via on-the-job training for engineers meeting the basic
requirements for this position but requiring additional experience. Opportunities include supporting UAVs, manned and unmanned
test aircraft, and new clean sheet manned aircraft.
Duties and Responsibilities include, but are not limited to:
Act as test lead on developmental flight test programs, including first flights and envelope expansion of unmanned and
manned aircraft.
Support variety of Scaled flight test programs, including chase support and general FTE activities.
Works with design engineers, project leadership, and pilots to define and design a test concept that is efficient,
achievable, and "
sharepoint developer,Sharepoint Developer,40,27,26,engineering,0.723,114400.0,5,5.0,https://www.linkedin.com/jobs/view/senior-sharepoint-developer-at-avance-consulting-3799965455,Avance Consulting,"Job Description
Technical Skills:
Expertise in SharePoint 2010,2013 and 2016.
Experience in SPO administration skills, development and roll out/adoption.
Architecture, Configuration, development, deployment and maintenance of SharePoint technologies.
Experience in documentation, planning and process implementation.
Providing L2 and L3 level support as required.
Experience Required:
Extensive knowledge of Windows operating systems, as well as SQL Server, Power BI, PowerShell, and Office 365.
Knowledge of SharePoint tools, including ULS Logs, workflows, and SharePoint forms for tasks.
Experienced in Power Automate and SPFx.
Responsibilities:
Maintain, Develop SharePoint Platforms.
Work on ITSM tool – Service Now, Azure DevOps.
Daily Operations – Solving L2 / L3 level tickets.
New Development – planning, design and development experience.
Troubleshoot issues and outages.
Roll out and Adoption.
Show more
Show less"
"manager, software engineer, backend","Manager, Software Engineer, Backend",40,26,4,engineering,0.882,,11,0.0,https://www.linkedin.com/jobs/view/manager-software-engineering-back-end-at-jobs-for-humanity-3801680893,Jobs for Humanity,"Job Description
Center 1 (19052), United States of America, McLean, Virginia
Manager, Software Engineering, Back End
Do you love building and pioneering in the technology space? Do you enjoy solving complex business problems in a fast-paced, collaborative, inclusive, and iterative delivery environment? At Capital One, you'll be part of a big group of makers, breakers, doers and disruptors, who love to solve real problems and meet real customer needs. We are seeking Back End Software Engineers who are passionate about marrying data with emerging technologies. As a Capital One Software Engineer, you’ll have the opportunity to be on the forefront of driving a major transformation within Capital One.
What You’ll Do
Lead a portfolio of diverse technology projects and a team of developers with deep experience in distributed microservices, and full stack systems to create solutions that help meet regulatory needs for the company
Share your passion for staying on top of tech trends, experimenting with and learning new technologies, participating in internal & external technology communities, mentoring other members of the engineering community, and from time to time, be asked to code or evaluate code
Collaborate with digital product managers, and deliver robust cloud-based solutions that drive powerful experiences to help millions of Americans achieve financial empowerment
Utilize programming languages like Java, Python, SQL, Node, Go, and Scala, Open Source RDBMS and NoSQL databases, Container Orchestration services including Docker and Kubernetes, and a variety of AWS tools and services
Basic Qualifications
Bachelor’s Degree
At least 6 years of professional software engineering experience (Internship experience does not apply)
At least 1 year experience with cloud computing (AWS, Microsoft Azure, Google Cloud)
At least 2 years of people management experience
Preferred Qualifications
Master's Degree
7+ years of experience in at least one of the following: Java, Scala, Pyth"
vulnerability researcher,Vulnerability Researcher,40,37,17,security,0.79,,1,17.5,https://www.linkedin.com/jobs/view/principal-vulnerability-researcher-at-cromulence-llc-3787743119,Cromulence LLC,"Cromulence, LLC is looking for a Principal Vulnerability Researcher (VR) to support advanced research and development contracts. Successful candidate will be capable of working independently or side-by-side within a team structure to develop and deliver successful capabilities.
Required Skills:
Reverse engineering across various architectures and platforms; including x86/64, ARM, MIPS, etc.
Experience with disassemblers (IDA Pro, Binary Ninja, or Ghidra)
Knowledge of common exploitation countermeasures (DEP, ASLR, etc.)
Knowledge of countermeasure defeats (ROP programming)
Researching operating system and applications to understand strengths and weaknesses in the design and implementation
Modeling of in-memory compiled application behavior
Ability to use a scripting language (Python, etc.)
Software development using C or C++
Development experience with RTOS
Self-motivated and passionate about supporting the U.S. cybersecurity mission
Demonstrated leadership skills, organizational capability and management techniques.
A personality and communication skills that inspire teams to create and build amazing things.
Strong orientation toward both details and results, an understanding of customer relationships and an ability to discern and read between the lines.
10+ years of relevant work experience with experience leading teams
Preferred Skills:
Experience with software protection and binary analysis
Familiarity with modern exploitation techniques, tools, and methodologies
Experience with hypervisors
Malware analysis
Ability to analyze network protocols throughout all layers of the network stack
Background in software engineering and architecture
Understanding and/or development of kernel modules
Required Education and Experience:
Bachelor's degree in Computer Science, Computer Engineering, Electrical Engineering, or related discipline (equivalent professional experience may be considered in lieu of degree) plus 10 years of experience or a Master's degree plus 8 years of "
medical technologist,Medical Technologist,40,40,10,it_support,0.935,77500.0,30,0.0,https://www.linkedin.com/jobs/view/medical-technologist-technical-support-specialist-at-afton-consulting-group-3802577584,Afton Consulting Group,"Nice opportunity for an ASCP Certified, Medical Technologist, to work for a medical lab device manufacturer. Utilize your lab knowledge as a Technical Support Specialist & trainer, and travel within their region. Will be instrumental during the installation process as a trainer, and documenting the lab procedures.
Overnight travel will be required.
Would like someone who resides in the Central - Northern NJ area,
Company cannot consider anyone who must relocate to the area for the position..
Base salary $70K - $85K, depending on experience, plus a Performance Bonus and an
Installation Bonus (additional $5K - $10K annually), Company Vehicle, Paid Family
Medical.
Qualifications
Position requires a Bachelor's degree in Medical Technology or a related field and a minimum of 5 years lab experience.
ASCP Certification is required.
Minimum of 5 years experience as a Medical Technologist.
Good Coagulation experience is preferred, and should be detailed on your resume.
Overnight travel will be required.
This job requires the individual to be fully vaccinated against COVID-19.
This position is not eligible for sponsorship for work authorization. Therefore, if you require sponsorship to work in the U.S., we cannot consider your application at this time.
Responsibilities
Will be involved with direct problem solving covering reagents, kits, procedures, adaptations, and software upgrades.
Provides training to medical technologist on the use of the instrumentation.
Resolve reagent based issues.
Your lab knowledge will also be utilized in Post Sales support of the instrumentation.
Represents the company at seminars, conventions, meetings, & wet workshops.
Provides telephone support to machine operators
Benefits
Performance Bonus
Installation Bonus
Fully paid family medical
Company Vehicle
Laptop, Cellphone
Dental
Life Insurance
401K
Vacation, PTO, and paid holidays
Tuition Reimbursement
Show more
Show less"
manager,Manager,40,37,31,security,0.637,183950.0,13,10.0,https://www.linkedin.com/jobs/view/sr-manager-%E2%80%93-software-engineering-multiple-positions-at-energy-jobline-3799530580,Energy Jobline,"Job Description Summary
Job Description
Essential Functions / Responsibilities
GE Digital Holdings LLC seeks Sr Manager – Software Engineering (multiple positions) to design, build, deliver and maintain software applications and services; Work in the areas of machine, cloud, platform and application; Responsible for full software lifecycle including activities such as requirement analysis, documentation/procedures and implementation; Typically a 1st line manager of professionals or a 2nd line manager of a professional department; Serve as best practice/quality resource; Contribute towards strategy and policy development and ensure delivery within area of responsibility; Use judgment to make decisions or solve moderately complex tasks or problems in areas of operational/product management, manufacturing, technology or engineering; Take new perspective on existing solutions; Use technical experience and expertise for data analysis to support recommendations; Use multiple internal and limited external sources outside of own function to arrive at decisions; Acts as a resource for colleagues with less experience; May lead small projects with moderate risks and resource requirements; Explain difficult or sensitive information; work to build consensus; Develop persuasion skills required to influence others on topics within the field.
Qualifications / Requirements
The position requires a Bachelor’s Degree, or foreign equivalent, in Computer Science, Computer Engineering, or related + 6 years of progressively responsible post-bachelor’s degree experience. The position also requires: 6 years of experience with Java, Go, Groovy languages, including advanced frameworks: Spring and SprintBoot; 6 years of experience with Security concepts: Authentication, Authorization, Tenancy Management, User Management, Vault, Auditing, OAuth2, SAML, and OpenID; 6 years of experience with Cloud Foundry and UAA open source; 6 years of experience with Cloud platforms such as: AWS or Azure; 6 yea"
desktop support,Desktop Support,39,35,28,it_support,0.718,70000.0,4,0.0,https://www.linkedin.com/jobs/view/desktop-support-at-sourcewave-inc-3797640038,"SourceWave, Inc.","Hiring Desktop support specialist. MUST BE ONSITE in NEW YORK CITY. PC Environment Up to $55 per hour with Benefits -On site in Midtown NYC at Midsize Bank.
This position is focused on providing our customer’s technical support needs as they relate to Endpoint support, including desktops, laptops, mobile devices.
Key Responsibilities:
Supporting PC/mobile devices/peripherals, to diagnose hardware/software/network issues through troubleshooting skills, research, and isolation steps
Contribute to providing quality service for Executive level support
Coordinate entire support for the client from ticket initiation until resolution
Provides a high level of customer service by executing methodologies and processes to improve call resolutions, manage expectations and develop strong and stable internal relationships
Evaluates new technologies, methodologies, and Information Technology trends to ensure that computing solutions meets current and future needs
Performs other duties as assigned.
Experience Required:
Minimum 7 years’ experience across the range of responsibilities described above
Excellent written and verbal communication skills
Experience or familiarity with the following technologies:
Experience managing and supporting a GSuite environment
GSuite / O365
ServiceNow
Windows Operating Systems
AirWatch or other MDM tools
SCCM
PC imaging/ Image management
Ability to effectively prioritize and execute tasks in a high-pressure environment
Show more
Show less"
product analyst,Product Analyst,39,38,38,product,0.69,87360.0,9,2.6,https://www.linkedin.com/jobs/view/product-analyst-at-navex-3775583046,NAVEX,"It's fun to work in a company where people truly BELIEVE in what they're doing!
We're committed to bringing passion and customer focus to the business.
Position Summary
Are you looking for a fast-paced, creative and innovative work environment in a market segment that makes an impact? We are seeking talented, passionate and dedicated team members to join our expanding Customer Support team to be part of our rapidly growing operations in the risk and compliance management space.
As a Product Analyst, you will be responsible for managing, documenting and tracking Customer Support inquiries along with utilizing C# knowledge and SQL SSMS skills to provide powerful solutions and advanced troubleshooting resolutions. This role will engage with customers and internal NAVEX technical, implementation and consulting resources to ensure a seamless migration and integration into our application(s). Additionally, you will complete deadline-driven project deliverables to ensure customer expectations and satisfaction are exceeded while innovating processes, documentation and tools to provide efficiencies to all teams.
We Offer You
An Inspiring Culture. Invested teammates, belonging groups, and a socially determined culture
Meaningful Work. Innovative products and solutions with real life impact for people and organizations
Career Growth. Stellar training and an unwavering commitment to your growth and success
Life Flexibility. Time to care for yourself, your loved ones, and your community
Industry Leadership. A highly reputable, fast growing and consistently profitable organization
Real Rewards. Competitive and transparent pay practices, wellbeing programs and benefits with choice
What You Will Do
Provide powerful computing solutions using the richness of the UI C# language formula editor
Diagnose, troubleshoot, import and extract data from relational databases and perform complex data mapping transformations utilizing SSMS, SQL and APIs
Partner with our implementation consultants"
database developer,Database Developer,39,38,34,database,0.727,130000.0,8,7.7,https://www.linkedin.com/jobs/view/database-developer-at-btechnical-group-3798521519,Btechnical Group,"Our client is a well-established family office investing for a prestigious Dallas family. They need a Database Developer to help develop a new data warehouse while maintaining and enhancing their existing data products. The ideal candidate is a strong team player who can innovate, think critically, and multi-task as necessary. The chosen individual will play an integral part in this digital transformation that is underway and will be a key player in future design and development opportunities. Given this role's impact, it will be aggressively compensated with bonuses and benefits.
**This is not a remote position. You will be in their beautiful office in the Turtle Creek area just north of downtown Dallas on a daily basis**
Responsibilities
:
Analytical solutions development, including data design and integration
Data visualization and report development
Serve as Tier 1/2 Level Support for Investments and Accounting departments for application-related issues
Required Skills/Abilities:
Strong SQL Development Skills
Tableau (or PowerBi) Development and Administration Skills
Data Integration experience
Comfort/Working Knowledge Of:
Azure data environments
Excel automation
Source Control
Strong Technical and Analytical Abilities
Nice to Haves:
Power Apps
SSRS (or Power BI Paginated Reports)
Python
Alteryx
Education and Experience:
Bachelors Degree
3 to 5 years of proven working experience in database programming and development
Financial and/or Investment Experience a plus
Show more
Show less"
frontend manager,Frontend Manager,38,17,12,engineering,0.772,,2,0.0,https://www.linkedin.com/jobs/view/front-end-manager-d84-2616-at-safeway-3766418676,Safeway,"PURPOSE:
Ensures that all customers receive fast, friendly, accurate checkout service by passionately implementing the spirit of customer first, second to none. Manages and schedules duties of Front End Clerks, Courtesy Clerks, Customer Service Clerks, Head Clerks, Bookkeepers and all other Front End Management. Oversees the completion of daily cash, balancing, reconciliation and payroll reports, while supporting store sales and overall operating plan.
DUTIES ANDRESPONSIBILITIES:
Champions Company and Division customer service programs to meet or exceed Division customer service goals. Handles customer relations in a positive manner, including effective resolution of customer complaints. Promotes Company’s philosophy of personalized service.
Provides fast, friendly, courteous and excellent customer services, handles customer relations, performs checking duties and supervisor functions on cash registers when necessary, and engages in suggestive selling and other sales techniques. Serve as overflow cashier as necessary.
Directs and supervises front end activities including: monitoring customer traffic and service level, coordinates and implements front end and service programs, ensures cleanliness, safety and appearance of Front End physical area, and monitors inventories and ordering Front End supplies and merchandise. Ensure front end is operational and that it projects a positive image.
Handles and is accountable for cash flow and controls including: safe transactions, issues and pick-ups, cash register tills, approving checks, rain checks and refunds, and monitoring checker money handling procedures. Handles scan system emergency procedures, UPC codes not on file, hard to scan UPC codes, scan pricing errors and system failures and other emergencies.
Assists with the interviewing and hiring of front end and courtesy clerks. Trains front end management, front end and courtesy clerks and monitors their compliance. Supervises employees assigned, makes recommendations "
cloud platform engineer,Cloud Platform Engineer,38,13,13,devops,0.752,,0,0.0,https://www.linkedin.com/jobs/view/cloud-platform-engineer-active-ts-sci-required-at-soc-llc-3792639554,SOC LLC,"Cloud Platform Engineer
needed for an opportunity with SOC’s client to work in
Ft. Liberty, North Carolina.
Active Top Secret/SCI is required!
Work with a team of diverse architects and engineers with backgrounds in PaaS, DevOps, Security, and IaaS operations in order to spread knowledge and practices. All in support of the Government Program Office’s global cloud and platform services environments.
Responsible for the engineering and life-cycle management of, mostly cloud-based, platforms to attain a high degree of reliability and security.
Responsibilities include:
•
Provisioning cloud infrastructure (i.e., AWS, Azure) and creating/using infrastructure as code (i.e., Terraform).
• Creating and maintaining pipelines to deploy containerized applications onto Kubernetes-based platform. Be able to proficiently triage and troubleshoot issues as they arise.
• The creation and maintenance of object-storage solutions (i.e., Ceph) in support of platform environments.
• Being a self-starting problem solver who proactively pursues technological solutions within the confines of given direction and intent.
• Working closely with various teams, sometimes geographically dispersed, and organizations of differing technical skillsets and responsibilities.
Required qualifications include:
•
Minimum of 3-years relevant experience
• Working knowledge of scripting languages (i.e., Bash, Python, JavaScript)
• Relevant experience in developing and deploying cloud and platform automation
• Relevant experience in designing and building scalable containerized applications
• Relevant experience in IP networking, load balancing, and DNS
• Good written and technical briefing skills – can effectively communicate with teammates and leadership
• Comfortable in a fast-paced, rapidly changing workplace
•
DOD 8570 IAT Level II required (Level III preferred)
Preferred qualifications include:
•
A degree in STEM related field of study
• Experience working with identity and access management technologie"
soc analyst,SOC Analyst,37,31,25,security,0.793,,2,2.7,https://www.linkedin.com/jobs/view/soc-analyst-at-wix-3790613803,Wix,"Job Description
As SOC Analyst you will be the first responder to incoming requests on cyber security incidents. As a Security Operations Center Analyst you will:
Triage, investigate, and escalate alerts as they occur in Wix environments. All analysts review all alert types - we don’t want to silo you!
Monitor and analyze Security Information and Event Management (SIEM) to identify security issues for remediation
Pull data from multiple sources, including endpoint Detection and response, internal data feeds, threat intelligence, and advanced phishing protection into a Security Orchestration & Automation (SOAR) system to inform and expedite your analysis
Work with our internal security and critical incident response teams to share knowledge, training, and best practices
Receive internal and third-party-provided training on the technologies you’re monitoring, incident response, and other technical security topics
Recommend changes to standard operating procedures and similar documentation
Respond to computer security incidents by collecting, analyzing, and preserving digital evidence and ensuring that incidents are recorded and tracked in accordance with SOC requirements
Generate end-of-shift reports for documentation and knowledge transfer to subsequent analysts on duty
Qualifications:
1+ years of experience monitoring and analyzing security events and incidents within an organization's IT infrastructure.
Experience with SIEM systems, big data and SOAR platforms, and automation processes. Background in IT/Systems, especially in cloud providers (AWS, GCP, Azure). Worked in SOC environment as a Security Analyst / Tier 1 / first responder.
You have extensive knowledge of current security threats, techniques, and landscape.
Dedicated and self-driven desire to research and learn more about the information security landscape and incident response.
About The Team
We are Wix’s Security Guild. We’re a group of highly motivated Security Engineers that form part of the Wix R&D "
"manager, technical program manager","Manager, Technical Program Manager",37,21,3,product,0.89,209000.0,16,0.0,https://www.linkedin.com/jobs/view/senior-manager-technical-program-manager-generative-ai-at-jobs-for-humanity-3785766825,Jobs for Humanity,"Company Description
Jobs for Humanity is partnering with Capital One to build an inclusive and just employment ecosystem. Therefore, we prioritize individuals coming from the following communities: Refugee, Neurodivergent, Single Parent, Blind or Low Vision, Deaf or Hard of Hearing, Black, Hispanic, Asian, Military Veterans, the Elderly, the LGBTQ, and Justice Impacted individuals. This position is open to candidates who reside in and have the legal right to work in the country where the job is located.
Company Name: Capital One
Job Description
Job Title: Senior Manager, Technical Program Manager - Generative AI Location: NYC 299 Park Avenue (22957), United States of America, New York, New York Are you interested in leading programs that deliver on critical business goals and build large-scale products & platforms? About Capital One: At Capital One, we believe that everyone should have equal access to the financial system. We are dedicated to creating a world where everyone has an opportunity to thrive. As a bank, we are always thinking about innovation, inspiration, and developing tools to improve our customers' financial lives by leveraging cutting-edge technology. About the team: In this role, you will bring together product, tech, and lines of business to execute our business strategies using Generative AI. You will deliver exceptional outcomes by defining objectives, roadmaps, collaborating across different teams, and ensuring progress and technical requirements for our Generative AI platforms. This role requires a strong technical background, effective communication skills, and the ability to collaborate across different departments. Our Senior Manager TPMs have: - Strong technical backgrounds, ideally in building scalable platforms, products, or services, with the ability to identify and mitigate technical risks throughout the delivery life-cycle - Exceptional communication and collaboration skills - Excellent problem-solving and influencing skills - A quanti"
angular developer,Angular Developer,37,35,31,engineering,0.798,139550.0,4,8.1,https://www.linkedin.com/jobs/view/angular-developer-at-extend-information-systems-inc-3710686836,Extend Information Systems Inc.,"Job Title: Angular Developer
Location: McLean, VA(Onsite;Day1)
Duration: 12+ Months Contract
Experience level : 8+ yrs
Roles And Responsibilities
Build and Develop software applications by understanding user needs, writing well designed code, conducting validation/testing and executing full SDLC from design through release.
Be a Team Player work in a collaborative team-oriented environment, share information, value diverse ideas, partner with cross functional and remote teams.
Be Curious & Innovative continuously update yourself with next generation technology, development tools, and contribute to process development practices.
Be an Agile Person with strong sense of urgency and a desire to work in a fast-paced dynamic environment to deliver solutions against strict timelines.
Be an Effective Communicator articulate complex technical issues, and share ideas, participate in peer-reviews, and exhibit strong listening skills.
Take Ownership responsible for performance, reliability and implement changes for improving efficiency of a technical component.
Required Skills
5+ years' experience with Angular or above building Single Page Applications must have experience of working on Angular 8 or above.
5+ years' experience with JavaScript/Typescript, HTML, JSON, and CSS
2+ years' experience with Node.js building RESTful web services.
Experience with unit testing tools like Karma or Jasmine
Experience with Git and DevOps for source control activities
Experience with relational databases & SQL Server
Experience working with Agile teams and be a good team player.
High standards of code efficiency and cleanliness
In depth troubleshooting/support skills
Good written and verbal communication skills
Experience with AWS (Lambda, SQS, SNS, API Gateway, Dynamo DB) is a big plus.
Thanks & Regards
Anoop Tiwari
Extend Information Systems
Cell: - 571 - 386 - 2431
Email:
Anoop@extendinfosys.com
Show more
Show less"
security operations manager,Security Operations Manager,37,30,21,security,0.735,66560.0,13,0.0,https://www.linkedin.com/jobs/view/security-operations-manager-at-cherokee-federal-3752350777,Cherokee Federal,"Job Description
Please Note
: We are in the initial stages of sourcing candidates for this potential opportunity. We do not have an existing contract for this work. In the event we are selected through the competitive process, we would like to quickly draw upon a pool of talented professionals and are accepting prospective applications now.
Security Operations Center Manager
As required by our governmental client, this position requires being a US Citizen, a lawful resident alien, or a citizen of American Samoa or another territory owing permanent allegiance to the United States.
We are seeking a qualified Security Operations Manager (SOC) to oversee the Security Operations Command Center. This position provides a lead supportive role in controlling, coordinating, and executing security operations within a central communications hub of our Emergency Intake Site (EIS). This position will have a working knowledge of Lenel integrated access control, Milestone video management software (VMS), and incident management data entry software. Candidates must be well-rounded and effective leaders with verbal and written skills and professional communication ability with department peers and subordinates. Candidate to be able to adapt to operational needs rapidly and meet aggressive deadlines as needed.
Compensation & Benefits:
Estimated Starting Salary Range for Security Operations Center Manager:
Pay commensurate with experience.
Full-time benefits include Medical, Dental, Vision, 401K, and other possible benefits as provided. Benefits are subject to change with or without notice.
Security Operations Center Manager Responsibilities Include:
Responsible for leading a team of personnel in a SOC environment.
Monitor all security operations throughout the facility.
Be able to prioritize and direct workflow.
Addressing technical and non-technical escalations.
Review, develop, and implement SOC standard operating procedures as needed.
Coordinate and schedule shift coverage and assi"
react developer,React Developer,36,34,27,engineering,0.76,115000.0,5,8.3,https://www.linkedin.com/jobs/view/senior-react-developer-at-adame-services-llc-3770495210,Adame Services LLC,"Role : Senior React UI Developer
Location: Alpharetta, GA
Work Mode: Hybrid
Responsibilities
Meeting with the development team to discuss user interface ideas and applications.
Reviewing application requirements and interface designs.
Identifying web-based user interactions.
Developing and implementing highly responsive user interface components using react concepts.
Writing application interface codes using JavaScript following react.js workflows.
Troubleshooting interface software and debugging application codes.
Developing and implementing front-end architecture to support user interface concepts.
Monitoring and improving front-end performance.
Documenting application changes and developing updates.
Requirements
Bachelor’s degree in computer science, information technology, or a similar field.
8+ years’ experience.
Previous experience working as a react.js developer.
In-depth knowledge of JavaScript, CSS, HTML, and front-end languages.
Knowledge of REACT tools including React.js, Webpack, Enzyme, Redux, and Flux.
Experience with user interface design.
Must Have Experience/Knowledge in API integration with Spring boot and Java
Knowledge of performance testing frameworks including Mocha and Jest.
Experience with browser-based debugging and performance testing software.
Excellent troubleshooting skills.
Good project management skills.
Show more
Show less"
research data analyst,Research Data Analyst,36,36,20,data,0.654,105000.0,13,0.0,https://www.linkedin.com/jobs/view/research-data-analyst-at-the-johns-hopkins-university-3782537995,The Johns Hopkins University,"Job Req ID: 111895
Research Data Analyst
We are excited to announce the search for a committed and strategic
Research Data Analyst
to support the advancement of two pioneering research groups: the Community Science and Innovation for Environmental Justice (CSI EJ) Initiative and the Johns Hopkins Environmental Health Microbiology and Immunology Laboratory (EHMIL). This role involves providing the data management, data analysis, and statistical programming needed for cutting-edge, community-driven research and contributing data analytics to support field and laboratory initiatives that address environmental justice, advance scientific understanding, and foster educational growth.
Specific Duties & Responsibilities
Work as a key member of a research study project team with primary responsibility for oversight of collection, organization, management and reporting of research data.
Make important design and data collection methodology recommendations. Have primary responsibility for data collection, analysis, interpretation and reporting.
Develop data collection and analysis methodology, including defining in detail data requirements, data sources and proper data collection procedures, e.g., computer programs, appropriate data fields, databases.
Clean incoming data files, integrate data files into the data management system, update summary files, process data requests from scientific investigators ensure data quality through the execution of computer programs, development of protocol, and other quality assurance.
Design and create study specific databases.
Develop and implement data collection quality assurance procedures to ensure validity and reliability of study results.
Create/build and maintain databases, records and files.
Oversee and collaborate in development of study tools including data collection forms, eligibility checklists, preprinted orders, etc.
Collect data using appropriate methods (e.g., interviews, surveys, forms, questionnaires, experiments, gatheri"
erp business analyst,ERP Business Analyst,36,33,27,product,0.75,115000.0,6,11.1,https://www.linkedin.com/jobs/view/erp-business-analyst-at-eleven-recruiting-3800533480,Eleven Recruiting,"About Eleven Recruiting
We are a specialized technology staffing agency supporting Aerospace, Professional, and Financial Services companies. We listen and act as advisors for our candidates on how they can best add value, find interesting projects, and pave a path for career advancement. We advocate for best pay, diversity, and best job-fit for every candidate we place.
Our client is seeking a Senior ERP Business Analyst in the Aerospace industry!
The Business Analyst will play a vital role in the Fire, Safety & Power Systems Division to craft and execute plans for successful acquisition integration and major technology solution deployments in support of the divisions Digital and IT strategic vision and roadmap. This position works directly with Business dept. leaders, cross-functional users, and Internal/Vendor functional & technical teams on the planning, Implementing, and supporting IT Business Applications solutions.
Responsibilities
ERP implementation support: Act as a subject matter expert in enterprise resource planning (ERP) systems, providing expertise and guidance throughout the implementation process. Assist in system configuration, testing, and deployment activities.
Solution Delivery
Collaborate with key stakeholders to gather and document business requirements, analyze existing processes, and identify areas for improvement.
Translate business needs into clear and actionable functional/technical requirements, to deliver information technology solutions
Researching and analyzing user’s business requirements, and technical specifications, writing test plans in support of business functions, process knowledge, and system requirements.
Data Analysis And Reporting
Analyze complex datasets, perform data mapping, and develop meaningful insights to support decision-making processes. Create and deliver comprehensive reports, and recommendations to stakeholders at all levels.
Change Management
Support organizational change initiatives by facilitating communicati"
integration developer,Integration Developer,36,34,30,engineering,0.701,94600.0,4,11.1,https://www.linkedin.com/jobs/view/lead-integration-developer-at-serigor-inc-3792256852,Serigor Inc,"Job Tilte:
Lead Integration Developer
Location:
Skillman, New Jersey
Duration:
Full Time
Responsibilities
Experience in working onshore-offshore model
Should be able to assess, estimate the delivery assignments Implement Integration frameworks, templates, and accelerators
Collaborate with internal and external stake holders and create mapping documents. Able to estimate the work deliverables for different components.
Experience working with client counterparts for sign offs on deliverables. Have a creative attitude and ensure to strive for exceeding quality goals. Experience in working with technology vendors for setup and support Should be a team player, support the team as and when needed
Able to communicate on the project status, issues and handle risks
Minimum Qualifications
Strong experience in implementing integration solutions using SAP PO, CPI, APIM, BTPI.
Integration experience with ERP systems like SAP, Ariba, Concur systems
Strong knowledge in understating existing integration implementation and reverse engineer for newer platform
Preferred Qualifications/ Skills
Master’s Degree-Computer Science, Electronics, Electrical.
Knowledge of Change & Incident Management process
Work experience in implementing integration projects using SAP PO, CPI, BTPI.
Work experience in implementing integration projects using WebMethods is a plus.
Participated in large transformation programs
Skills and Certifications [note: bold skills and certification are required]
SAP Ariba
CPI
Concur
Show more
Show less"
it support analyst,IT Support Analyst,36,36,31,it_support,0.727,,2,2.8,https://uk.linkedin.com/jobs/view/it-support-analyst-at-ikuto-3789144745,Ikuto,"Please note this role is based onsite in Coventry.
We are seeking a skilled and customer-focused IT Support Analyst to join a growing team in a dynamic and exciting company. As an IT Support Analyst, you will play a crucial role in providing technical assistance and support to internal users. You will be responsible for diagnosing and resolving hardware and software issues, configuring and maintaining systems, and ensuring the smooth operation of our IT infrastructure.
Key Responsibilities:
Respond to user inquiries and provide technical support via phone, email, and in-person.
First and Second line support - troubleshooting of IT related problems from industry standard software and hardware, such as mobile phones, Laptops, PCs and Printers
Diagnose and troubleshoot hardware, software, and network issues.
Install, configure, and maintain computer systems and applications.
Collaborate with other IT professionals to resolve complex technical issues.
Ensure the security and integrity of IT systems by implementing best practices.
Document support activities and maintain accurate records.
Assist in the development and implementation of IT policies and procedures.
Ideally you will have:
Proven experience as an IT Support Analyst
Basic Azure Active Directory knowledge. Creating user accounts, reset passwords, create groups etc.
Knowledge of Microsoft based operating systems with emphasis on Windows 10/11 and MS Office Suite of applications
Proficient in troubleshooting hardware and software issues.
Familiarity with network protocols and technologies.
Excellent communication and customer service skills.
Ability to work independently and collaboratively in a fast paced environment.
Relevant certifications (e.g., CompTIA A+, Microsoft Certified IT Professional) are a plus.
Benefits:
25 days holiday
Private Healthcare
Company Bonus Scheme
6% Employer Pension Contribution
Laptop
Social Events
Please apply for more information.
Show more
Show less"
"manager, platform engineer","Manager, Platform Engineer",36,36,3,devops,0.9,,35,0.0,https://www.linkedin.com/jobs/view/senior-manager-platform-engineering-at-jobs-for-humanity-3805273116,Jobs for Humanity,"Job Description
Job Title: Senior Manager, Platform Engineering at Capital One
Location: Chicago, Illinois, United States of America
About Us
Are you passionate about technology and problem-solving? Do you enjoy working in a collaborative and inclusive environment? At Capital One, we are a diverse community of innovators who love solving real problems and meeting customer needs. We are currently seeking Platform Engineers who are enthusiastic about creating and supporting DevOps tools using emerging technologies. Join us and be part of driving a major transformation within Capital One.
Responsibilities
Mentor and lead a team of MQ engineers responsible for our critical IBM MQ services
Collaborate with product owners to understand desired application capabilities and testing scenarios
Ensure the quality, availability, resilience, and scalability of your solutions
Stay updated on technology trends, experiment with new technologies, engage in technology communities, and mentor other engineers
Encourage innovation, diversity, outside-the-box thinking, teamwork, and self-organization
Basic Qualifications
High School Diploma, GED, or equivalent certification
Minimum of 6 years of experience implementing, configuring, and optimizing IBM WebSphere MQ
Minimum of 4 years of people management experience
Preferred Qualifications
8+ years of experience with IBM WebSphere MQ
3+ years of experience with AWS
2+ years of experience in Agile practices
Salary
Please note that the salary range mentioned is specific to the location mentioned below. The offer for part-time roles will be prorated based on the agreed-upon number of hours.
Location: New York City (Hybrid On-Site)
Salary Range: $195,200 - $222,800 for Senior Manager, Platform Engineering
Please be aware that candidates hired for other locations will receive salaries based on the specific location.
Benefits
Capital One offers a comprehensive and competitive set of health, financial, and other benefits to support your well-bei"
"manager, systems engineer","Manager, Systems Engineer",36,18,15,devops,0.671,180393.0,4,0.0,https://www.linkedin.com/jobs/view/manager-systems-engineering-sase-at-palo-alto-networks-3789909675,Palo Alto Networks,"Company Description
Our Mission
At Palo Alto Networks® everything starts and ends with our mission:
Being the cybersecurity partner of choice, protecting our digital way of life.
Our vision is a world where each day is safer and more secure than the one before. We are a company built on the foundation of challenging and disrupting the way things are done, and we’re looking for innovators who are as committed to shaping the future of cybersecurity as we are.
Our Approach to Work
We lead with flexibility and choice in all of our people programs. We have disrupted the traditional view that all employees have the same needs and wants. We offer personalization and offer our employees the opportunity to choose what works best for them as often as possible - from your wellbeing support to your growth and development, and beyond!
Job Description
Your Career
As a Systems Engineering Manager, you are the technical leader for the Systems Engineering team. You will work closely with the District Sales Manager and, along with your team, build relationships with your customers with the goal of helping them detect and prevent advanced cyberattacks and breaches. Our customers need guidance on what applications to deploy from our platform. Your guidance, expertise, and mentorship of your team of SEs will keep them ahead of the latest cyberthreats and staying on the leading edge of prevention.
We are looking for a leader to develop our sales teams, providing training and technical support as a product expert. Additionally, you will provide feedback to the product management team on new feature requests and product improvements based on what you learn from your customer base. Your team, in partnership with the sales account managers, will displace competitor technologies and build market share within your targeted list of major accounts, and most importantly, help your client sleep at night as they use our products to build secure digital transactions.
Your Impact
Recruit and hire new"
"manager, machine learning engineer","Manager, Machine Learning Engineer",36,5,4,ai,0.833,251300.0,5,0.0,https://www.linkedin.com/jobs/view/senior-manager-machine-learning-engineering-at-jobs-for-humanity-3807781038,Jobs for Humanity,"Job Description
Center 1 (19052), United States of America, McLean, Virginia
Senior Manager, Machine Learning Engineering
The Team
We are a multidisciplinary team with expertise in machine learning, data engineering, and software development. Our work spans from security detection to risk profiling, and we also use generative AI to boost operational efficiency. We seamlessly integrate vendor technologies with our custom in-house solutions to tackle a wide range of complex cybersecurity challenges.
As a Capital One Machine Learning Engineer (MLE), you'll be part of an Agile team dedicated to productionizing machine learning applications and systems at scale. You’ll participate in the detailed technical design, development, and implementation of machine learning applications using existing and emerging technology platforms. You’ll focus on machine learning architectural design, develop and review model and application code, and ensure high availability and performance of our machine learning applications. You'll have the opportunity to continuously learn and apply the latest innovations and best practices in machine learning engineering.
What You’ll Do In The Role
Work in a collaborative and agile environment with internal customers, product team, and other stakeholders to design robust ML-based technical solutions
Transform complex analytical models into scalable, production-ready applications using modern cloud-based technology and large scale data platforms
Build machine learning platform with multiple types of ML capabilities in Cyber context, including anomaly detection, supervised learning, graph, generative AI, etc.
Build end-to-end machine learning workflow, from data pipeline, modeling, tuning, evaluation, to continuous improvement, etc.
Build ML service APIs that support critical operational and analytical applications for our internal business operations, customers and partners
Lead and grow one or more engineering teams for new product development as well "
application engineer,Application Engineer,34,29,4,engineering,0.88,,17,0.0,https://www.linkedin.com/jobs/view/principal-application-engineer-full-stack-at-discover-financial-services-3776617397,Discover Financial Services,"Discover. A brighter future.
With us, you’ll do meaningful work from Day 1. Our collaborative culture is built on three core behaviors: We Play to Win, We Get Better Every Day & We Succeed Together. And we mean it — we want you to grow and make a difference at one of the world's leading digital banking and payments companies. We value what makes you unique so that you have an opportunity to shine.
Come build your future, while being the reason millions of people find a brighter financial future with Discover.
Job Description
At Discover, be part of a culture where diversity, teamwork, and collaboration reign. Join a company that is just as employee focused as it is on its customers and is consistently rewarded for both.
We’re all about people, and our employees are why Discover
is
a great place to work.
Be the reason we help millions of consumers build a brighter financial future and achieve yours along the way with a rewarding career.
As a Principal Full Stack Application Engineer, you
’
ll build and release reliable software systems at scale. By partnering with enterprise-wide) teams, you’ll develop and maintain full stack solutions that fit our business needs. You’ll use your holistic view of all products (and their interactions) to design elegant solutions and strategize the future state of our larger technical ecosystem. By independently innovating and advocating for best practices, you’ll solve complex problems and guide the team on implementing solutions from inception to production. Actively manages and escalates risk and customer-impacting issues within the day-to-day role to management.
Responsibilities
Creates solutions addressing high impact technology and business priorities.
Competent in multiple contexts, including programming languages, security, automation, testing, and business domains and is the go-to person for many people (inside and outside of their team)
Participates in strategic technology decisions and learns how these decisions impact Disco"
mobile developer,Mobile Developer,34,30,26,engineering,0.726,150000.0,4,35.3,https://www.linkedin.com/jobs/view/senior-mobile-developer-at-my3tech-3793575663,My3Tech,"Hello, Hope you are doing good.
Position: Senior Mobile Developer
Location: Indianapolis, IN
Duration: Long Term
Client: State of IN
Job ID: 725837
Job Description:
Candidate must be local to Indiana. Senior Mobile App Developer with experience as an iOS/Android mobile app developer.
IOT is seeking a Senior Mobile App Developer with experience as an iOS/Android mobile app developer. The ideal candidate is a candidate focused on developing and delivering products centered around a great customer experience.
Essential Duties/Responsibilities:
Lead the technical implementation of client requested software.
Problem solving real world issues through usage of existing libraries, packages and/or frameworks.
Ability and knowledge of when to create new libraries based on client needs.
Possess a client focused approach via in-person meetings with the client through the project lifecycle.
Actively listen to the client.
Apply their technical expertise to solve real world problems on time and on budget.
Manage tasks and report progress while adhering to industry standard style guidelines.
Troubleshoot, debug, maintain, and improve existing software.
Develop technical documentation to guide future software development projects.
Objective C
Required
3
Years
Flutter
Required
3
Years
IOS/Android Publishing & Deployment
Required
3
Years
T-SQL
Required
3
Years
Azure DevOps Boards
Required
3
Years
Azure DevOps Repos
Required
3
Years
Git flow strategy
Show more
Show less"
product developer,Product Developer,34,32,29,engineering,0.694,83000.0,6,0.0,https://www.linkedin.com/jobs/view/senior-product-developer-at-georgia-pacific-3805281601,Georgia Pacific,"Your Job
Are you passionate about exploring new ideas and breaking through conventional norms? At Georgia-Pacific, we share your enthusiasm for pushing boundaries and embracing creative solutions. We constantly challenge the status quo, take calculated risks, and strive to improve the products we make. We are seeking a
Senior Product Developer
to help us extend our competitive edge for GP PRO products. It’s likely you regularly interact with the products we make, whether using a public restroom, dining out, or enjoying hotel amenities. These products are designed to fit your needs and the needs of the establishment. Our product developers think through these customer and end-user needs to design, manufacture, and deliver advantaged products. As a product developer, you will have the unique opportunity to (1) deepen your technical expertise in product design, (2) leverage your creativity to tackle challenging problems, and (3) apply a customer-centric approach to driving innovation.
Our Team
The Georgia-Pacific PRO product development team drives the technical advancement of our tissue, towel, napkin, wipers, and skincare brands in the away-from-home market. As a team of dedicated entrepreneurs, we're committed to ongoing innovation and cross-functional collaboration to solve complex problems and deliver meaningful value to our customers and the company. This position is located at the Neenah Technical Center (NTC), the central site for research, development, and lab services for Georgia-Pacific’s North American Consumer Products business.
What You Will Do
Collaboration: Work with business stakeholders, consumer research, quality, operations, device development group, and our technology platforms to drive year-over-year cost & product improvements.
Design and Experimentation : Designing and conducting experiments to test new product designs and hypotheses, analyzing data sets using advanced statistical methods and data analysis tools to support strategic decision-mak"
service desk manager,Service Desk Manager,33,33,30,it_support,0.739,102000.0,9,12.1,https://uk.linkedin.com/jobs/view/service-desk-manager-at-the-thought-exchange-llc-center-for-personal-achievement-3804025650,"The Thought Exchange, LLC Center for Personal Achievement","Unique opportunity to join a rapidly expanding, innovative IT Managed Service Provider in a customer facing relationship and service management focused position.
This business work in partnership with many mid-market customers, providing IT consultancy and managed services, particularly within the domain of Connectivity, Voice & Cloud Services. Great opportunity to deliver best-in-class, new and emerging technology solutions, to customers who genuinely value the service!
We are looking for a highly skilled and motivated IT Service Desk Manager to lead and oversee a technical service desk team. The ideal candidate will have a strong service delivery background, exceptional leadership skills, and a passion for delivering excellent customer service. As the IT Service Desk Manager, you will play a critical role in ensuring our client receive timely and effective IT Support, helping them to maximise their technology investments.
In this role, you will leverage your extensive IT experience to manage non-technical operations within the Service Desk. Your responsibilities will encompass process management, SLA reporting, ticket prioritisation, Bright Gauge reporting, customer reports, ticket handling and escalation management, and the efficient allocation of resources.
To Be Considered For This Position You Will Need
Proven experience in a similar position, such as service delivery, relationship management etc, within IT services/Manged Services.
ITIL Certification, with IT Service Management and Improvement experience including SLA/KPI management, Escalation Management, Service Management Reviews etc.
Building and managing customer relationships, acting as the primary point of contact
Strong problem solving skills, with the ability to identify opportunities to improve services within accounts.
A Commercial acumen. Able to manage pricing releases for service renewals.
A broad understanding of IT products and services, able to identify opportunities for upselling
To be pragm"
salesforce business analyst,Salesforce Business Analyst,33,33,30,product,0.763,98800.0,7,6.1,https://www.linkedin.com/jobs/view/salesforce-business-analyst-at-hexaware-technologies-3789620525,Hexaware Technologies,"Role: Salesforce Business analyst
Location: Boston, Massachusetts
Mode of work: Onsite
Job description:
Mandatory skills:
Need 10-12 years of experieced candidate
In-depth understanding of Salesforce platform capabilities, features, and functionalities.
Ability to analyze and document current business processes and requirements.
Proficient in gathering and documenting business requirements from stakeholders.
Familiarity with Salesforce configuration options, including workflow rules, validation rules, and process builder.
Understanding of Salesforce customization options, including custom objects, fields, and page layouts.
Collaborate with stakeholders to gather and document business requirements.
Analyze business processes and recommend improvements using Salesforce capabilities.
Translate business requirements into technical specifications.
Provide training and support to Salesforce users.
Create documentation and training materials.
Address user queries and troubleshoot issues.
Work closely with cross-functional teams, including sales, marketing, and customer support, to align Salesforce with business goals.
Collaborate with developers and IT teams on system enhancements.
Strong analytical and problem-solving skills.
Excellent communication and interpersonal skills.
Ability to work independently and collaboratively in a team
Show more
Show less"
it analyst,IT Analyst,33,32,28,it_support,0.644,99000.0,11,9.1,https://www.linkedin.com/jobs/view/sr-it-analyst-edifecs-technical-systems-analyst-fully-remote-at-magellan-health-3796579664,Magellan Health,"Interested in fully remote opportunity as a Sr. IT Analyst (EDI) while working for an innovative healthcare company where you can have an impact on people's lives? Apply today and come join us at Magellan Health as we lead the world toward a healthier future!
We're looking for a Sr. IT Analyst with good Windows SQL experience for an excellent work from home opportunity at Magellan Health. Candidate should also have some EDI X12 experience.
2+ yrs working within the Edifecs Platform
3+ yrs Extensive Healthcare x12 EDI Knowledge
Working knowledge of EDI Formats: 834, 837P/I, 835, 270/271, 276/277, 278N/R. XML, Proprietary Formats
Ability to analyze and define Business requirements to align with EDI Implementation Guidelines.
Proficient in creating and refining mapping documents, process flows, and artifacts related to EDI processes and implementations.
Experience with working with developers and internal technical teams to develop and test EDI processes
Flexibility to work independent, as well as part of a face paced team.
Ability to apply critical thinking
Basic SQL knowledge
Experience working in an Agile Environment
This position will analyze, evaluate and redesign business, IT or operational processes using scientific approaches such as Critical Thinking, Lean Management, ITIL, Design Thinking and structured systems analysis and design. Work quickly and independently while delivering high-quality outputs. Use strong organizational skills for tracking multiple deliverables simultaneously and be able to synthesize the results. Pay meticulous attention to detail; the ability to juggle many tasks in parallel without lowering the quality bar. Collaborate with Software Engineers to understand features and technical implementation and ensure highest quality product delivery. Develop deep understanding of the business/technical domain.
Independently participate in requirements documentation, business systems configuration and defining/execution of acceptance criteria. Doc"
cloud security analyst,Cloud Security Analyst,33,3,3,security,0.845,,0,0.0,https://www.linkedin.com/jobs/view/cloud-security-analyst-at-transaction-network-services-3773365016,Transaction Network Services,"An extraordinarily talented group of individuals work together every day to drive TNS' success, from both professional and personal perspectives. Come join the excellence!
Overview
The Cloud Security (CS) Analyst is responsible for the secure operation of all Amazon Web Services (AWS) cloud instances (i.e. EC2, ECS, EKS, S3) within the TNS Security Operations Center (SOC) team’s purview. This includes monitoring system alerts, analyzing IDS alerts, checking server and firewall logs, scrutinizing network traffic, interfacing with Cloud Security Vulnerability Analysts regarding vulnerabilities and understanding remediation plans.
Responsibilities
AWS Cloud experience is required for this role.
Thorough knowledge and understanding of securing network access to AWS resources
Ability to articulate key concepts of AWS Security Measures
Monitor server logs, firewall logs, intrusion detection lDS, and network traffic for unusual or suspicious activity
Interpret and respond to security incidents in a global network which supports Financial, Telecom, and Payment Card Industry Data related services
Conduct security monitoring, forensic analysis, incident response and cyber-crime investigations
Manage security incident response and escalation procedures
Assist in the coordination and escalation of security issues
Work closely with the other team members on various projects in the Global Security department, many compliance driven
Establish and communicate with various remediation groups within TNS
In-depth knowledge of security concepts such as cyber-attacks and techniques, threat vectors, Mitre Att&ck Framework
Knowledge of various operating systems including but not limited to Windows, Linux, Unix
Excellent communication and leadership skills
Experience using CloudWatch, AWS Shield, GuardDuty
Familiarity with terminology and concepts related to AWS services
Qualifications
Bachelor’s Degree, Information Systems, Computer Science, Information Security or related field required
"
/ software engineer,/ Software Engineer,33,24,18,engineering,0.649,130800.0,11,6.1,https://www.linkedin.com/jobs/view/principal-sr-principal-software-engineer-aht-at-northrop-grumman-3795910007,Northrop Grumman,"At Northrop Grumman, our employees have incredible opportunities to work on revolutionary systems that impact people's lives around the world today, and for generations to come. Our pioneering and inventive spirit has enabled us to be at the forefront of many technological advancements in our nation's history - from the first flight across the Atlantic Ocean, to stealth bombers, to landing on the moon. We look for people who have bold new ideas, courage and a pioneering spirit to join forces to invent the future, and have fun along the way. Our culture thrives on intellectual curiosity, cognitive diversity and bringing your whole self to work - and we have an insatiable drive to do what others think is impossible. Our employees are not only part of history, they're making history.
In the Defense Systems sector, you'll join our experts in developing systems that keep our world safe. We are looking for a Software Engineer to develop, document, test, and debug solutions to business/mission problems. The position supports our Engineering organization's goals to meet the current and future needs of the programs and technologies within the sector portfolio. This role will help foster the establishment and maintenance of a world class Software and Digital Technologies organization in Orlando, FL.
The ideal candidate demonstrates a broad skill set that is balanced between interpersonal, business, and technical capabilities. You have the ability to collaborate within and across teams to accomplish goals. You are committed to ethics, integrity, and innovation while challenging traditional ways of doing business. You have excellent verbal and written communication skills, and you are comfortable engaging with the internal and external customers.
This position is unfunded and contingent upon award.
Roles And Responsibilities
Develop, document, test, and debug software that contains logical and mathematical solutions to business/mission problems.
Apply appropriate standards, pro"
"manager, cyber risk & analysis","Manager, Cyber Risk & Analysis",32,14,3,security,0.938,171500.0,12,0.0,https://www.linkedin.com/jobs/view/manager-cyber-risk-analysis-machine-learning-at-jobs-for-humanity-3788647188,Jobs for Humanity,"Company Description
Jobs for Humanity is partnering with Capital One to build an inclusive and just employment ecosystem. Therefore, we prioritize individuals coming from the following communities: Refugee, Neurodivergent, Single Parent, Blind or Low Vision, Deaf or Hard of Hearing, Black, Hispanic, Asian, Military Veterans, the Elderly, the LGBTQ, and Justice Impacted individuals. This position is open to candidates who reside in and have the legal right to work in the country where the job is located.
Company Name: Capital One
Job Description
Job Title: Manager, Cyber Risk & Analysis (Machine Learning) Location: McLean, Virginia, United States of America About the Company: The Enterprise Services Business Risk Office provides risk management support to various lines of business within Capital One. We operate in a complex and highly regulated industry and are at the forefront of risk management for new technologies and critical business strategies. Our commitment to Machine Learning (ML) presents a unique opportunity to revolutionize the financial services industry. Job Description: As a Risk Guide supporting the Enterprise ML Program, you will collaborate with colleagues across product, design, and technology teams to ensure customer-centric results and implement risk solutions. This role requires working with multiple teams and stakeholders, adapting to changing conditions, and building relationships to influence decisions. Attention to detail and clear communication are essential for managing multiple deliverables simultaneously. Responsibilities: - Partner with the risk team to develop and execute risk strategies for the Enterprise ML Program. - Collaborate with product and tech teams to identify and address risks, issues, and mitigation plans. - Create and deliver senior-level risk management reporting and communications. - Work with multiple organizations to achieve strategic objectives. - Coordinate program-related activities and deliverables across stakehol"
c++ developer,C++ Developer,32,30,28,engineering,0.717,,1,12.5,https://www.linkedin.com/jobs/view/junior-c%2B%2B-developer-at-radley-james-3800694096,Radley James,"Developers at this trading firm have the unique opportunity to tackle challenges across the entire software stack. Whether it involves crafting low-level code to drive network hardware, constructing high-performance trading infrastructure that operates seamlessly, or developing time-saving internal tools, you will actively contribute to production code from day one.
Working closely with end-users of the systems you create ensures a seamless feedback loop. This immediate feedback allows you to witness the tangible impact of your code, enhancing the daily workflows of those who rely on your solutions. Additionally, this collaborative approach empowers the development team with remarkable flexibility in roadmap planning and prioritizing feature implementations.
Desired Skills and Requirements:
Bachelor's degree in Computer Science or Computer Engineering (or equivalent experience)
Proficiency in C++
0-2 years of professional experience
Comfortable operating in a Linux environment
Interest in finance, machine learning, big data, and/or robotics is a significant plus
The trading firm is committed to providing extensive on-the-job training, tailoring projects to your unique skill set and fostering continuous professional growth.
Show more
Show less"
power bi consultant,Power BI Consultant,32,12,11,data,0.821,,0,28.1,https://uk.linkedin.com/jobs/view/power-bi-consultant-at-robert-walters-3807265702,Robert Walters,"A Microsoft Gold Partnered consultancy business are currently looking for a Power BI Consultant to join the team. The Power BI Consultant will be responsible for producing impactful analytics that transform the way an organisation uses their data to make decision, working with a huge variety of datasets spanning such themes as social care, public health, finance, education and more. The aim is to help complex organisations turn information into useable insight, moving the sector away from a dependence on outdated reporting tools and static spreadsheets.
The successful Power BI Consultant will have the following experience:
A minimum of 2 years experience working with Power BI (end-to-end development)
Experience in transforming data using Power Query or M
Ability to create data models including multiple tables for relational sources
Ability to produce effective data visualisation across reports and dashboards
Confidence in analysis data using DAX
Excellent communication skills with ability to converse at a senior level.
The role is offering a salary of circa £40,000 in addition to a range of benefits including 25 days holiday (plus bank holidays), travel expenses, regular technical training, bonus and more. The role will be fully remote, with occasional travel required to client site.
Interviews will be taking place ASAP and will be held over MS Teams.
Please note: candidates must be based in the UK
Robert Walters Operations Limited is an employment business and employment agency and welcomes applications from all candidates
Show more
Show less"
electrical systems engineer,Electrical Systems Engineer,32,31,29,devops,0.686,137570.0,6,3.1,https://au.linkedin.com/jobs/view/senior-electrical-systems-engineer-at-anca-cnc-machines-3786907052,ANCA CNC Machines,"About the Role:
We are currently seeking a Senior Electrical Systems Engineer to join our team located in our Bayswater Head Office.
Reporting to the Systems Engineering Team Leader (Mechatronic Solutions) you will be responsible for the electrical systems design of CNC grinding machines and ancillary products for integration into our smart factory solution.
This is a key role within the team to lead the electrical systems design and develop best practise standards for modular and configurable designs for new machinery.
Key Responsibilities:
Design of complex electrical systems for industrial machinery.
Lead and facilitate FAT/SAT activities.
Coach, mentor, and direct Engineers technical undertakings.
Preparation and execution of Work Packages as assigned to agreed Project Milestones.
Develop and set best practise standards for electrical design and ECAD implementation.
Technical & Design Reviews and Design Interfaces.
Timely reporting of Project, milestone or task progress, risks, and issues.
Deliver electrical systems documentation including schematics, design reports, test plans, bills of materials, automated eplan reports etc.
Collaborate with mechanical design team throughout the design cycle.
Required Skills & Knowledge:
Bachelor’s degree in mechatronics, electrical or electronic engineering or related field.
Registered professional engineer accreditation (Or eligibility to apply).
Approx. 10 years’ experience in similar role.
Proficiency in electrical design software tools from eplan such as eplan electric P8, Cogineer, ProPanel etc.
Electrical component selection, electrical cabinet design, 3-phase power distribution, earth and grounding design, and EMC testing and compliance.
Sizing, selection, setup and testing of PLC, servo motor and controls hardware.
Complex industrial machinery design from concept idea to detailed design.
Design for machine safety, risk assessment, safety function design, safety calculations, safety PLC programming and validation.
Desi"
frontend supervisor,Frontend Supervisor,31,30,7,engineering,0.752,36218.0,21,0.0,https://www.linkedin.com/jobs/view/front-end-supervisor-at-jetro-restaurant-depot-3796700076,Jetro Restaurant Depot,"FULL-TIME
$14.50/hr
Supervises Cashiers, Front-End Loaders, Checkers and U-Boat Retrieval.
Essential Functions
Supervises, trains and evaluates cashiers, front-end loaders, checkers and U-boat retrieval.
Ensures friendly, efficient and professional customer service.
Ensures compliance with established sales and security policies and procedures.
Investigates and resolves customer complaints in a timely and professional manner.
Assists customers with product location and detailed information when needed.
Plan and prepare work schedules to include lunch and vacation.
Performs cashier “check-outs” and operates register, when needed.
Performs Supervisor functions of voids and returns, price adjustments, IOUs (F-6) vs. invoicing and cancels transactions.
Assists checkers in comparing customer receipts to items on cart to avoid losses.
Efficiently uses industry specific software to resolve customer inquiries, price checks, inventory queries and price discrepancies.
REM-04 WS-04 WS-TC WS-LC
Schedule
Shift start: 6:30AM or 9:00AM or 10:00AM
Shift length: 9 hours
5 days/week, must be available any day
Benefits
Health, dental, vision insurance - available after 90 days
Paid time off
401(k) plan
Qualifications
Can lift 50 lbs
Must be at least 18+ years old
About Restaurant Depot
Restaurant Depot is a Members-Only Wholesale Cash & Carry Foodservice Supplier. Their mission is to be your one-stop shop for savings, selection, and service, seven days a week. They have been supplying independent food businesses with quality products from large cash and carry warehouse stores since 1990. They became the leading low-cost alternative to other foodservice suppliers by eliminating the overhead of a traditional distributor, focusing on the needs of independent foodservice operators and offering free membership.
Show more
Show less"
linux systems administrator,Linux Systems Administrator,31,31,18,network_infra,0.787,141050.0,16,22.6,https://www.linkedin.com/jobs/view/senior-linux-system-administrator-clearance-with-security-clearance-at-clearancejobs-3755650678,ClearanceJobs,"Position: Senior Linux Systems Administrator
Duration:12+ Months (Temp to Perm)
Location: Richardson, TX 75082
Client: Raytheon seeking a System Administrator with strong Linux administration background to join our team in developing and maintaining systems in a classified environment. The System Administrator is responsible for troubleshooting, maintaining, and implementing solutions to optimize the infrastructure operations. Analyzes and identifies all or part of a company's existing or new computer (and/or server), peripheral, network, and telecommunications systems requirements, taking into consideration the special technology needs. Designs, implements, codes, tests, documents, and maintains systems integration solutions to total system or subsystems. Establishes functional and technical specifications, solves hardware/software interface problems, defines input/output parameters, and ensures integration of the entire system or subsystem. This position requires US Citizenship with a current TS/SCI with CI Poly Government Security Clearance. Required Skills: Must be a US Citizen with a current TS-SCI clearance with CI poly. 8 years of experience directly related to Linux System Administration, including installation and maintenance of software and hardware. Experience administering Red Hat Linux based systems with minimal support, to include patching, creating RPM packages, performance tuning, networking, user management (LDAP), and security. Strong hardware and software troubleshooting skills Extensive experience with scripting, particularly in Bash and Python Experienced using and developing with automation tools/frameworks such as Terraform, Ansible, and Chef. Experience with recent versions of VMware (ESXi and vCenter) Hands-on experience working with developer tools including Git, Artifactory, Bitbucket, CI/CDtools, and Jira Experience using Agile/Scrum development methodology (SAFe, Scrum, Khanban) NAS and SAN administration experience Must be able to lift "
marketing data analyst,Marketing Data Analyst,31,20,18,data,0.746,98800.0,3,0.0,https://www.linkedin.com/jobs/view/sr-marketing-data-analyst-at-cella-3796724419,Cella,"Location: Dalton, Georgia
Job Type: Contract
Compensation Range: $42 - 53 per hour
Our client, a global leader in flooring solutions, is seeking a dynamic and experienced
Senior Marketing Data Analyst
to join their innovative marketing team!
As the Senior Marketing Data Analyst, you will be responsible for collecting, analyzing, and interpreting data to support marketing strategies, optimize campaign performance, and improve customer acquisition and retention. You will collaborate with cross-functional teams and senior leadership to ensure that marketing efforts are data-driven and aligned with business objectives. The ideal candidate is passionate about leveraging data to drive strategic marketing decisions.
Responsibilities:
Collect, clean, and organize marketing data from various sources, including websites, CRM systems, advertising platforms, and email marketing tools.
Develop and maintain data reporting dashboards and visualizations to track key performance indicators (KPIs) and provide real-time insights to the marketing team.
Conduct in-depth data analysis to identify trends, patterns, and correlations in marketing data, offering actionable recommendations.
Collaborate with marketing teams to define data-driven strategies, A/B testing, and campaign optimization.
Design and execute customer segmentation and profiling to target specific audiences effectively.
Perform competitive analysis to understand market trends and opportunities.
Create custom attribution models to assess the impact of marketing channels on lead generation and conversion.
Stay up-to-date with emerging data analytics tools and technologies and make recommendations for their integration.
Qualifications:
Experience level: Experienced
Minimum 5 years of experience
Bachelor's degree in Statistics, Mathematics, Economics, or a related field. A master's degree is a plus.
Proven experience as a data analyst with a focus on marketing data.
Proficiency in data analysis tools and programming languages"
cybersecurity analyst,Cybersecurity Analyst,31,31,23,security,0.753,128650.0,11,9.7,https://www.linkedin.com/jobs/view/senior-cybersecurity-analyst-with-security-clearance-at-clearancejobs-3801924457,ClearanceJobs,"Minimum Clearance Required Top Secret SCI Responsibilities ISYS Technologies is seeking a Senior Cybersecurity Analyst to support ongoing activities for a customer in Albuquerque, New Mexico. This position will plan, execute and report cybersecurity assessments to include network vulnerability verification and validation reviews. Provide support for vulnerability remediation events, report exercise-based cybersecurity assessments, and vulnerability remediation. The Cybersecurity Analyst develops methods and metrics to guide these efforts including scheduling and management of assessment tasks and deliverable documents. This includes providing IT support for the customer assessment activities. Additionally, the Cybersecurity Analyst will be responsible for engaging with the customer, guiding, and leading them through evaluation requirements, plans, executions, analyses, reports, and retrospectives. This position will be on-site and will require an active TS/SCI.
Provide in-depth technical and operational knowledge as related to cybersecurity (CS) and Information Technology (IT), Multidisciplinary Security of DoD weapon systems and their performance in a cyber contested environment under realistic operational conditions, and contribute to Joint Lessons Learned and Retrospectives
Coordinate Cyber Blue and Red Team activities and observe, analyze, and report mission impacts
Conduct cybersecurity assessments including interoperability, risk identification and mitigation, incident response, mission assurance, and exercise mission areas. Qualifications
Foreign nationals are NOT authorized to work on this effort
Qualified personnel with at least a current Security + certification shall be hired and retained to work on this effort
Personnel shall be capable of meeting security clearance requirements and holding a Top Secret security clearance to meet the requirements identified in this PWS and individual work plan(s).
Personnel with the appropriate skill mix shall be assigne"
etl developer,ETL Developer,31,31,29,data,0.749,,1,9.7,https://ca.linkedin.com/jobs/view/senior-etl-developer-contract-at-tundra-technical-solutions-3775484167,Tundra Technical Solutions,"Job Title / Position
ETL Developer
Description Du Mandat / Mandate Description
Do you enjoy working in a collaborative environment, do you like to contribute to adding value to the company's data? Here is a great opportunity for you! We are looking for a Senior Software Developer to integrate data from the company's underwriting and quoting systems into our warehouses and make it available to our users from various areas of the company.
Your mission
Collaborate with the team and other IT areas to analyze, develop, test and deploy solutions to maintain or integrate new business areas into our Oracle data warehouse and Snowflake migration.
Participate in designing and developing solutions to problems or small queries related to data integration and consumption on the data warehouse.
Document implementation steps and produce quality evidence. Create and maintain system documentation.
Provide technical support to business intelligence analysts, testers and deployment coordinators throughout our development cycle and for production support, typically during regular business hours.
Provide estimates on developments to assist in planning.
You are
A developer with a passion for data integration and transformation (ETL-ELT).
A committed and open team player.
Versatile and autonomous.
Someone who learns quickly and is curious about new technologies.
Comfortable working in complex environments and multi-disciplinary teams.
Available for second level production support on a rotating basis at the end of the month.
Bilingual, both verbal and written.
You have:+10 years of experience in data integration (data warehouse).
A solid knowledge of ETL techniques (Extract, Transform, Load).
Good knowledge of Oracle, PL/SQL and Informatica Power Center and Snowflake and IICS.
Experience with Data Vault and Dimensional model development.
Knowledge of property insurance data domains will be an asset.
Bachelor's degree in Information Technology/Software Engineering or any combination of equi"
wordpress developer,Wordpress Developer,31,8,8,engineering,0.755,,0,77.4,https://uk.linkedin.com/jobs/view/wordpress-developer-at-alliance-personnel-ltd-3801413677,Alliance Personnel Ltd,"We are currently recruiting for a Wordpress Developer for an exciting opportunity working with an established creative design agency based in Birmingham's historic Jewellery Quarter. This is a permanent role with an immediate start.
About The Company
Approaching 40 years of business, the company has built a reputation for outstanding creativity and project delivery. They work across a broad and diverse range of sectors, from well-known global companies to universities and independent local enterprises. Offering a bespoke service tailored to the needs and specifics of the client, their work covers everything; from brand development to marketing campaigns, design consultancy to social engagement and integrated marketing, ensuring an original and exciting end product.
Candidate Specification
· Design/Creative agency background.
· Excellent written and verbal communication skills.
· Excellent organisational skills with the ability to multitask.
· Capable of leading digital projects from end to end.
· An ‘expert’ understanding of Wordpress and configuring appropriate themes/plugins based on specific requirements.
· Knowledge of developing Wordpress themes from scratch.
· Experience of working with ecommerce platforms.
· Experience of MailChimp and creating campaigns .
· Google Analytics and AdWords exposure.
· An understanding of SEO.
· Ability to write semantic, accessibility friendly HTML to a high standard.
· Strong knowledge of CSS (including SASS).
· Strong knowledge of JavaScript, must be able to work with API’s to handle data.
· A good knowledge of PHP within the context of WordPress.
· Familiarity with LearnDash and WooCommerce plugins is beneficial.
· Knowledge of Git.
Show more
Show less"
oracle dba,Oracle Dba,30,30,24,database,0.766,,1,10.0,https://uk.linkedin.com/jobs/view/senior-oracle-dba-at-dxc-technology-3778961069,DXC Technology,"Job Description
Join our team at a market-leading IT solutions company dedicated to delivering cutting-edge technology solutions to businesses worldwide. With a commitment to excellence and a passion for innovation, we empower organisations to thrive in the digital era.
As an Oracle Database Analyst at our company, you will play a pivotal role in ensuring the efficiency, security, and integrity of Oracle databases for our clients. Collaborate with cross-functional teams, analyse and implement strategic solutions, and contribute to the ongoing success of our clients and the advancement of our company.
Key Responsibilities
Install, configure, and maintain Oracle database instances
Conduct regular database monitoring and performance tuning for optimal system functionality
Implement and maintain robust database security measures
Work closely with development teams to design and deploy effective database solutions
Execute regular backups and implement disaster recovery plans
Diagnose and troubleshoot database-related issues, providing effective resolutions
Stay abreast of industry trends and best practices to enhance database performance
Qualifications
Bachelor's degree in Computer Science, Information Technology, or a related field
Proven experience as an Oracle Database Analyst or in a similar role
In-depth knowledge of Oracle database technologies and PL/SQL
Experience in performance tuning, query optimisation, and troubleshooting
Familiarity with backup and recovery processes
Strong problem-solving and communication skills
Ability to thrive in a collaborative team environment
Preferred Skills
Oracle Certified Professional (OCP) certification
Familiarity with other database technologies (e.g., MySQL, SQL Server)
Exposure to cloud database services (e.g., Oracle Cloud, AWS RDS)
Recruitment fraud is a scheme in which fictitious job opportunities are offered to job seekers typically through online services, such as false websites, or through unsolicited emails claiming t"
financial data analyst,Financial Data Analyst,30,29,24,data,0.694,95000.0,10,3.3,https://www.linkedin.com/jobs/view/senior-financial-data-analyst-financial-analysis-associate-with-security-clearance-at-clearancejobs-3753489367,ClearanceJobs,"Summary The MIL Corporation is seeking a Senior Financial Data Analyst (Financial Analysis, Associate) to work with a Federal client in Washington, DC. The Senior Financial Data Analyst performs database queries and analysis on relevant information from a variety of sources, including Momentum Financials and Acquisitions, to prepare documents, reports, summaries and replies to inquiries, ensuring accuracy and proper format of the information provided. You would be joining a team performing a full range of functional and performance management support for on-going financial management activities, including but not limited to support for auditable financial statements, strategic management and planning capabilities, policy and governance development, financial system implementation and maintenance, operational support, and data analysis. Responsibilities
Participate in ad hoc data projects and analyses that produce actionable recommendations that build relevant insights for internal and external stakeholders
Support a team of financial and accounting staff to improve productivity and business processes through data extraction, compilation, analytics, and report development
Develop and execute general ledger, accounts receivable, or other financial reports using SQL Developer or similar tool against a complex financial database
Collect data and run reports in response to client inquiries
Work closely with key internal stakeholders to ensure sound knowledge of client requirements to support development of best-in-class analytical solutions
Accurately manage required data in multiple repositories, documents and/or spreadsheets
Support quarterly accounts payable accrual and fiduciary reconciliations and validations
Support quarterly prepayment analysis and reconciliation
Support Fund Balance with Treasury (FBwT) reconciliation
Participate in the reconciliation of Plant, Property, and Equipment (PP&E)
Support Undelivered Order (UDO) validation and audit procedures
Validate"
full stack engineer,Full Stack Engineer,30,27,26,engineering,0.645,155000.0,9,16.7,https://www.linkedin.com/jobs/view/lead-full-stack-engineer-at-dapp360-workforce-3766897384,DApp360 Workforce,"About the company Join a company building a radically decentralized, next-generation blockchain which allows developers to easily run Web3 apps at Internet scale. The startup centers around original research funded by the US National Science Foundation and plans to launch its Network later this year It is early-stage, venture-backed, with a remote-first, globally distributed team. What they are seeking A Lead Full-Stack Engineer to complement their product engineering team. Responsibilities include facilitating the engineering management process across our product application teams in addition to contributing to several user-facing apps (wallet, block explorer, CLI, desktop app), integrating with other blockchain networks and decentralized protocols, maintaining a developer SDK, and building decentralized apps that demonstrate the potential of the Subspace Network. About the role
Collaborate directly with the Head of Product to translate our product roadmap into actionable engineering implementation plans.
Identify the key tasks and critical path, anticipating potential roadblocks.
Build user flows across both web and backend (React and Node).
Integrate directly with other blockchain networks using native RPCs.
Drive detailed project definition and cross-functional alignment.
Design and architect backend REST and/or GraphQL APIs. Key Requirements
5+ years of experience building open-source code that is clean, maintainable, and well-tested, for production networks at scale.
2+ years of experience leading engineering teams in blockchain, crypto, or Web3.
2+ years of experience working with Typescript and Node.js.
2+ years of experience of experience with Ethers/Web3.js or Polkadot.js.
2+ years of experience working with React.js and Node.js.
Theoretical knowledge of blockchains and distributed systems.
Experience working with container technologies like Docker.
A passion for decentralized, peer-to-peer systems and Web3 technologies. Bonus Experience
Experience with th"
cybersecurity specialist,Cybersecurity Specialist,29,26,18,security,0.749,123325.0,3,3.4,https://www.linkedin.com/jobs/view/cybersecurity-specialist-at-trax-international-corporation-3798147558,TRAX International Corporation,"This position is responsible for monitoring workstations and servers using approved Army IA tools, testing and deploying security updates, developing cybersecurity reports, and developing application installation packages. Primary responsibilities include conducting vulnerability assessments and implementing corrections. The Cybersecurity Specialist will also be responsible for maintaining approved workstation image(s), analyzing system logs to identify potential issues, and troubleshooting windows operating systems and application issues. The Cybersecurity Specialist will work with automated tools to perform audits as well as conduct manual audits to verify the accuracy of the automated tools. Must be able to read, understand and perform the actions required of a DISA Security Technical Implementation Guide (STIG). Must be able to create and maintain documentation as required. Performs other duties as required to complete the assigned mission. Deploys upgrades, patches and general security measures to secure and/or mitigate threats.
Pay Rate:
DOE
Education/Licenses/Certifications/Experience Requirements:
* Must possess a high school diploma or equivalent.
* Must be IAT II certified (CompTIA Security+ and successfully complete Windows based training provided by Skillport) within six (six) months of hire.
* Two (2) years’ experience in Cybersecurity role with IT certification (CISSP, CEH, CISM), or a Bachelor’s Degree in cybersecurity or related field.
Job Skills Requirements:
* Technically proficient in providing high level technical support for Windows operating systems.
* Experience with management and enforcement of Microsoft operating system Group Policy Objects (GPO).
* Generating and executing scripts.
* Proficient troubleshooting skills.
* Strong IT skills and knowledge including hardware, software and networks.
* Ability to use logic and reasoning to identify strengths and weaknesses of IT systems.
Physical Requirements:
* Must pass a pre-employment drug scr"
systems engineer manager,Systems Engineer Manager,29,29,26,devops,0.685,191500.0,11,0.0,https://uk.linkedin.com/jobs/view/systems-engineer-manager-at-energy-jobline-3778283170,Energy Jobline,"We are currently seeking an experienced Systems Engineer Manager for a leadership role in our company, e-ppl Ltd. As the Systems Engineer Manager, you will be responsible for overseeing and managing the systems engineering team to ensure the successful development and delivery of our projects.
Benefits
Competitive rates depending on experience starting from £40 per hour.
Contracting role
Paid via limited company (OUTSIDE IR35) or umbrella company.
12 months +
Free onsite parking
Responsibilities
A Whole Vehicle (Verification & Validation) Level 1 to support & lead the System Engineering strategy for Verification & Validation of future products. The scope of this role includes:
Developing the Systems engineering approach to Verification & validation for future Bentley products
Leading in depth technical reviews to optimise validation plans.
Creating & managing VVP (Verification & Validation Plan)
Analysing function feedback and challenging digital vs physical testing requirements
Developing the Systems engineering approach to Verification & validation
Developing the V&V strategy
Managing and maintaining VVP
Coordination and management of VVP inputs
Generate KPI’s to track progress.
Proactively monitor the status of VVP and challenge where necessary
Expert Systems Engineering understanding and knowledge
Strong whole vehicle assessment understating & validation planning
Strong technical and analytical problem-solving skills.
Effective presentation and communication of technical problems to all levels up to Members of the Board
Excellent team working and influencing skills using data.
Willingness to be flexible to meet frequently changing priorities.
Positive and self-motivated
Ability to lead complex problem-solving teams.
Ability to influence problem owners and suppliers within the VW Group within area of technical responsibility.
Advanced knowledge of vehicle development and industrialisation within area of specialism
Able to apply knowledge of customer behaviour and"
linux systems engineer,Linux Systems Engineer,29,29,24,devops,0.742,165000.0,6,3.4,https://www.linkedin.com/jobs/view/senior-linux-systems-engineer-at-stellent-it-3793664118,Stellent IT,"Linux System Engineer
Location - Colorado Springs, Colorado
Interview - Phone + Skype + F2F
Duration - 6month
Job Description
Bachelor's degree in Computer Science, Engineering or related field, and / or equivalent work experience
Minimum Eight Years Of Experience In UNIX/Linux Engineering/administration
Solid (RPM and Debian) Linux engineering, troubleshooting, testing and hardening experience
Experience using new RPM tools like ip, dnf, nmcli ...
Experience using apt, ubiquity, debian installer, ufw
Familiar writing, reading and understanding yaml, and json files
Automation/Scripting skills: perl, bash and python
Hands-on experience designing, implementing and optimizing Linux file-systems
Experience with vcenter, vmware ovftool, and hashicorp vault and packer tools
Knowledge of CIS Workbench hardening, Linux Test Project and eliciting test cases; experience with Linux troubleshooting, hardening, and performance tuning
Gitlab experience creating workflows, CI/CD pipelines, setting variables
Desired
Familiar with Test Driven Development (TDD)
experience with LDAP mandatory
experience with API-driven configuration
Write and review pull/merge requests in Git
Hands-on experience with creating Linux system images and publishing to a repository system such as Artifactory, etc.
Red Hat Certified System Administrator certification
Additional Job Qualifications
Ability to read, write and speak the English language to communicate with employees, customers, suppliers,
in person, on the phone, and by written communications in a clear, straight-forward, and professional manner
Can clearly and professionally communicate with peers and solution vendors, both in person and through approved electronic communication means.
Ability to schedule and coordinate multiple projects, communicate project requirements and objectives.
Ability to meet deliverable objectives with minimal supervision.
Understanding of Telco or related service provider services and technologies.
Show more
Show le"
help desk specialist,Help Desk Specialist,28,28,22,it_support,0.755,,2,0.0,https://www.linkedin.com/jobs/view/help-desk-specialist-at-robert-half-3788999773,Robert Half,"We are looking for a Help Desk Specialist with exceptional customer service skills to provide technical support to users. If you are a person with ability to absorb and retain information quickly. and to present ideas in user-friendly language, then you are the one we are looking for!
Duties and responsibilities
Provide technical assistance and support for incoming queries and issues related to computer systems, software, and hardware
Walk customer through problem-solving process
Follow up with customers to ensure issue has been resolved
Supports operation of help desk and serves as focal point for customer concerns
Identifies, researches, and resolves technical problems for end users on a variety of issues
Responds to telephone calls, email and personnel requests for technical support from local and remote customers
Run reports to determine malfunctions that continue to occur
Requirements
2+ years of experience providing level 1 or above help desk support in IT operations
Excellent communication skills
Experience assisting customers on phone and live chat, email, social media and web form submissions
Proven analytical and problem-solving abilities
Ability to effectively prioritize and execute tasks in a high-pressure
environment
Exceptional customer service orientation
Patience for dealing with difficult customer-service situations
Show more
Show less"
software systems engineer,Software Systems Engineer,28,21,17,devops,0.706,146142.0,3,0.0,https://www.linkedin.com/jobs/view/senior-software-systems-engineer-at-raytheon-3763817002,Raytheon,"Date Posted:
2023-11-17
Country:
United States of America
Location:
PA601: 302 Science Park Road, Bldg 5A 302 Science Park Road Building 5A, State College, PA, 16803-2214 USA
Position Role Type:
Onsite
At Raytheon, the foundation of everything we do is rooted in our values and a higher calling to help our nation and allies defend freedoms and deter aggression. We bring the strength of more than 100 years of experience and renowned engineering expertise to meet the needs of today’s mission and stay ahead of tomorrow’s threat. Our team solves tough, meaningful problems that create a safer, more secure world.
Job Summary:
Raytheon is seeking a Senior Software Systems Engineer to work in a collaborative, interactive development environment. Senior Systems Engineers provide technical direction and clarification of requirements to software development teams & test personnel, perform system engineering analyses including trade studies, algorithm development, requirements definition and derivation, interface definition, and requirement validation and verification. Senior Systems Engineers support definition of operations concepts and procedure planning / development, interface with personnel from other organizations, and represent the program at technical interchange meetings. Senior Systems Engineers also participate in daily program scrum meetings and provide status on assigned Integrated Master Schedule (IMS) tasks. This position is for State College, PA.
Responsibilities to Anticipate:
Work with test teams for system and component requirement verification
Work with team(s) to plan and test DOD certification/ accreditation processes as well as other Certification and Accreditation (C&A) process
Conduct analysis in non-functional areas, such as reliability, maintainability, vulnerability, survivability and producibility
Work Agile methodology as well as Agile workflow
Create requirements, and work with the software and test teams to ensure all requirements have a feasible"
software engineer in test,Software Engineer In Test,28,23,21,engineering,0.636,116667.0,5,0.0,https://www.linkedin.com/jobs/view/principal-software-engineer-in-test-at-intellectt-inc-3799926784,Intellectt Inc,"Job Summary
The Principal Software Engineer in Test as part of the Digital Factory is responsible for theplanning, designing, developing frameworks and procedures to automate testing on our clinical decision support solutions. The Principal Software Engineer in Test will work in a diverse team of Software Engineers and the core leadership team in an agile development environment creating a scalable plan for the future of test automation supporting multiple releases. This position plays a cricital role in laying the foundation for the System Testing function, shaping the development of Werfen digital products for years to come.
Key Accountabilities
• Under minimal supervisions, design and develop test framework/tools to achieve the efficiency and productivity to ensure functionality, reliability, performance, scalability of cloud
• Develop automation tools/web application for busines need using angular
• Research the new tools in the market which can fit for our business need and full fill our stakeholder’s requirement
• Using a wide range of cutting-edge technology to innovate while testing/developing
• Design scalable infrastructure for test execution
• Explore new ways to expedite testing life cycle by bringing in different frameworks
• Collaborates with other squad members to implement user stories, write tests, and continuously deliver new/improved product functionality
• Communicates with different teams to resolve technical dependencies during imple mentation
Networking/Key relationships
• Will interface on a regular basis with groups across the organization as needed (within the Digital Solutions Team, R&D, Clinical Software, and others).
Minimum Knowledge & Experience required for the position:
• Bachelor's Degree plus a minimum of 10 years related experience or Master's Degree
• plus 8 years of related experience or waiver based on experience
• Experience in Software Medical Devices development that follows ISO 13485, IEC 62304 / 21 CFR Part 820.30 highly d"
fullstack java developer,Fullstack Java Developer,28,28,25,engineering,0.752,,2,0.0,https://www.linkedin.com/jobs/view/full-stack-java-developer-at-htc-global-services-3785096223,HTC Global Services,"Job Title: Full Stack Java Developer
Location: Troy, MI
Length: Fulltime
About HTC Global Services:
Shaping careers since 1990 - our long tenured employees are a testimony of the work culture. Join our global employee base of 12,000 and help us bring human expertise to tech in order to deliver purposeful solutions that amplify value.
Requirements:
Java 8 or above
Expertise in Angular
Spring Framework including Spring DI, AOP, Security, Web, Boot, MVC, Batch, Scheduler, Data, and others
LOG4J
Hibernate JPA
Rest API
Oracle 10 or above - SQL and PL/SQL
Reporting Tools - Jasper
Experience and Skills:
Good understanding of Database design and ability to build one from scratch.
Ability to model database supporting transaction by a revision or storing it in history table; ability to pull the historic data by point in time.
Good understanding of SSL Security.
Ability to understand token-based security and implementing it using OAuth.
Good understanding of Microservice Architecture.
Ability to modularize the big complex functionality by domain/related functionality.
Understanding of CI/CD.
Working experience with GIT repository.
Understanding of Kubernates Pods, Instance, Containerization.
Nice to Have:
Backbone.js
Building Script for CI/CD pipeline.
Hands-on experience with Cloud Provider like AWS, Azure.
No-SQL experience.
ELK Stack.
Event-Driven Architecture using Kafka, Rabbit MQ.
Hands-on experience in Angular.
Education:
Bachelor's degree or equivalent practical experience.
Benefits:
At HTC Global Services our associates have access to a comprehensive benefits package that includes Health, Dental, Vision, Paid-Time-Off, Paid Holidays, 401K matching, Life and Accidental Death Insurance, Short- & Long-Term Disability Insurance, and a variety of other offerings.
Move ahead:
Our success as a company is built on practicing inclusion and embracing diversity. HTC Global Services is committed to providing a work environment free from discrimination and harassment, where all em"
it developer,IT Developer,27,21,20,engineering,0.735,105900.0,4,29.6,https://www.linkedin.com/jobs/view/it-developer-at-fullbloom-3725204214,FullBloom,"Description
IT Developer
Job Description
The IT Developer is responsible for providing solutions, technical designs, architecture, and support for enterprise software and systems. This entails incorporating commercial off the shelf solutions with the organization’s internally created software solutions and legacy IT systems. Other duties the developer performs include participating in software selection, code reviews, and documenting the development process.
Key Responsibilities
Write clean, scalable code using various programming languages and SQL database languages.
Test and deploy applications and systems using {list tools used for release/code repo}.
Revise, update, refactor and debug code.
Develop documentation throughout the software development life cycle (SDLC).
Serve as an expert on applications and provide technical support.
Ensure best practice application to maintain security and integrity of data.
Essential Skills/ Qualifications
Must have at least BS/BA degree or equivalent education. Technical certifications preferred.
Must have a minimum of three years of professional experience developing software solutions; experience with working on systems hosted in Amazon Web Services preferred.
Possess extensive experience working with applications running on open-source platforms; Linux preferred.
Possess extensive experience working with Java and other frameworks; to include Node.js, Springboot, React.
Possess experience working with SQL Servers as database layer within application development; to include PostgreSQL, My SQL.
Possess experience working with API as datastore and/or data integration within application development.
Experience developing enterprise software solutions; preferred experience with educational applications or student information systems.
Superior ability to support and develop software solutions.
Profound understanding of SDLC (software development life cycle).
High achievement record in process quality improvement and efficient data s"
full stack developer,Full Stack Developer,27,25,21,engineering,0.705,177500.0,4,25.9,https://uk.linkedin.com/jobs/view/full-stack-developer-at-paradigm-tech-3798122084,Paradigm Tech,"Full-Stack Developer
£50,000 + benefits
Gloucestershire, England
An industry renowned e-commerce business have partnered with Paradigm Tech to source an experienced Full-Stack Developer to join their growing team.
This well-established business have a number of new and interesting projects planned and require someone who is adept with the following technologies, to build out a serverless, e-commerce and CMS platform:
PHP
Laravel
JavaScript - (React.js and Node.js)
AWS
SQL (NoSQL)
Git Version Control
Recruiter comments - ""A superb opportunity for an experienced Developer, who is seeking a rewarding role within a fun, friendly and collaborative team"".
For more information please submit your CV or make direct contact:
E: alex@paradigmtech.co
M: 07960396133
W: www.paradigmtech.co
Paradigm Tech Limited deliver permanent and contract IT staffing solutions to companies in the UK and Europe and are acting as an employment agency for the purposes of this vacancy.
Show more
Show less"
consultant,Consultant,27,21,11,engineering,0.699,145000.0,3,3.7,https://www.linkedin.com/jobs/view/lead-consultant-clarity-developer-ito074822-at-genpact-3794172662,Genpact,"With a startup spirit and 115,000+ curious and courageous minds, we have the expertise to go deep with the world’s biggest brands—and we have fun doing it. We dream in digital, dare in reality, and reinvent the ways companies work to make an impact far bigger than just our bottom line. We’re harnessing the power of technology and humanity to create meaningful transformation that moves us forward in our pursuit of a world that works better for people. Now, we’re calling upon the thinkers and doers, those with a natural curiosity and a hunger to keep learning, keep growing., People who thrive on fearlessly experimenting, seizing opportunities, and pushing boundaries to turn our vision into reality. And as you help us create a better world, we will help you build your own intellectual firepower..
Welcome to the relentless pursuit of better.
Inviting applications for the role of
Lead
Consultant, Clarity developer
In this role, you will be responsible for crafting clean, functional code that flawlessly suits the needs of the company. Your main focus will be coding and ensuring high performance and responsiveness to requests. To support Engineer using Agile Methodology and should have an end-to-end understanding of business use cases, to transform them into an effective and strategic solution. Work with business people to have a real time problem and, craft the solution which really fits into client needs.
Responsibilities
Seek requirements, design, and development of various projects.
Self-driven, good communication and average project mgmt. skills
Collaborate with business analysts and project managers to gather.
Document requirements for Clarity enhancements.
Configure and optimize Clarity modules, workflows, and reports to streamline project management processes.
Qualifications we seek in you!
Minimum Qualifications
BE/ B Tech/ MCA
Bachelor’s degree in computer science, Information Technology, or related field (Master's preferred).
Preferred Qualifications/ Skills
Bro"
ios developer,Ios Developer,27,27,22,engineering,0.807,114400.0,3,3.7,https://www.linkedin.com/jobs/view/ios-developer-at-galaxy-i-technologies-inc-3803031090,Galaxy i technologies Inc,"Role : IOS Developer
Location : Austin,TX
Full time role
VISA TYPES : ONLY GREENCARD ,US CITIZEN
Responsibilities
Design and build applications for the iOS platform
Ensure the performance, quality, and responsiveness of applications
Collaborate with a team to define, design, and ship new features
Identify and correct bottlenecks and fix bugs
Help maintain code quality, organization, and automatization
Required Skills
5-12 years of overall experience.
Proficient with Swift and Objective C and have experience in ARkit, Reality kit for 3D projects
Experience in Enterprise iOS Applications.
Must have knowledge and Experience in Data Structures and Algorithms.
Must be organized, accurate, detail-oriented, and ability to multi-task
Experience with iOS frameworks such as Core Data, Core Animation, etc.
Experience with offline storage, threading, and performance tuning
Familiarity with RESTful APIs to connect iOS applications to back-end services
Understanding of Apple’s design principles and interface guidelines
Proficient understanding of code versioning tools such as Git, SVN etc.
Familiarity with continuous integration
Note: If you are available please share your updated resume at kalyan@galaxyitech.com or reach me at 480 - 407 - 6926
Show more
Show less"
network security engineer,Network Security Engineer,27,27,24,security,0.742,129525.0,9,7.4,https://uk.linkedin.com/jobs/view/network-security-engineer-at-fintop-consulting-3797421859,FinTop Consulting,"Job Title:
Network & Security Engineer
About:
A prominent London-based organization is in search of a skilled Network & Security Engineer to bolster their Infrastructure Team. The role involves supporting, maintaining, and optimizing the performance, resiliency, and security of the network infrastructure. The environment comprises Cisco, Palo Alto, F5, Brocade, Dell, and SolarWinds platforms, along with networking services hosted within AWS and Azure. This is an exciting opportunity in a fast-paced, dynamic setting with exposure to cutting-edge networking technologies.
Role Brief:
Seeking a Network & Security Engineer to join the Infrastructure Team with a primary focus on maintaining the network infrastructure. This hybrid role involves working within both network operations and project delivery.
Requirements:
Experience in project delivery and BAU/Operations.
Proactive diagnosis and troubleshooting of networking faults and performance issues.
Good understanding of cybersecurity principles, priorities, and incident management.
Maintenance of network software and hardware lifecycle.
Technical documentation maintenance.
Proactive monitoring of network performance, utilization, and health alerts.
Network commissioning and installation experience.
Strong verbal and written communication skills, ability to discuss network requirements, and
collaborate with other technical teams.
Maintenance of good relationships with partners and key stakeholders.
Awareness of the latest industry technologies and security best practices.
Participation in bi-monthly on-call SOC rota.
Essential:
Minimum 3 years of working experience in enterprise networking.
Valid CCNP Enterprise or working towards it.
Proficiency with Cisco LAN (Wired and Wireless) WAN, Security, and Data Centre Networking.
In-depth knowledge and practical experience of routing and switching.
Practical experience with next-generation firewall technologies (e.g., Palo Alto Gateways and
Cisco Firepower Services).
Practical"
"manager, cyber technical","Manager, Cyber Technical",26,11,5,security,0.894,246400.0,9,0.0,https://www.linkedin.com/jobs/view/senior-manager-cyber-technical-dlp-engineering-at-jobs-for-humanity-3792357081,Jobs for Humanity,"Company Description
Jobs for Humanity is partnering with Capital One to build an inclusive and just employment ecosystem. Therefore, we prioritize individuals coming from the following communities: Refugee, Neurodivergent, Single Parent, Blind or Low Vision, Deaf or Hard of Hearing, Black, Hispanic, Asian, Military Veterans, the Elderly, the LGBTQ, and Justice Impacted individuals. This position is open to candidates who reside in and have the legal right to work in the country where the job is located.
Company Name: Capital One
Job Description
Job Title: Senior Manager, Cyber Technical (DLP Engineering) Organization: Capital One Location: Richmond, Virginia, United States Job Description: Capital One is seeking a Senior Manager of Cyber Security to join our Data Loss Prevention (DLP) team. In this role, you will collaborate with various stakeholders to develop and implement DLP engineering solutions based on regulatory requirements and analysis of user business processes. Responsibilities: - Drive DLP program objectives and implement controls to protect Capital One - Collaborate with DLP product team and leadership to influence and define product strategy - Assess and report on current and proposed architectures, strategies, and systems in the DLP space - Develop and deliver secure system solutions to meet DLP program requirements - Create and maintain documentation related to DLP solutions - Lead the DLP Engineering teams to deliver on day-to-day commitments - Provide project updates to leadership - Provide subject matter expertise to management and IT teams - Participate in DLP audits and control testing processes Basic Qualifications: - High School Diploma or equivalent certification - Minimum 8 years of software delivery experience - Minimum 2 years of experience in cyber security - Minimum 1 year of experience with cloud computing (e.g., AWS, Microsoft Azure, Google Cloud) Preferred Qualifications: - One or more security related professional certifications - B"
technical support,Technical Support,26,25,23,it_support,0.661,76960.0,6,0.0,https://www.linkedin.com/jobs/view/technical-support-master-technician-at-ingenics-corporation-usa-3805053542,Ingenics Corporation USA,"The Technical Support Team is looking for motivated and driven individuals to provide technical support to retailer technicians and internal customers. Support is provided using strong written, verbal, and face to face communication skills. This position is based in the office and requires occasional travel to resolve difficult customer concerns and travel for training. The candidate will provide the highest quality information and repair methods that comply with established repair methods and procedures. This position requires the candidate to work together as part of a local support hub and operate independently when necessary.
Primary Responsibilities:
Assist Retailer Technicians with guided expert level diagnostics to ensure a prompt vehicle repair
Analyze, document, and report technical faults found on products and diagnostic tools
When necessary, escalate appropriate problems or situations to resolve the concern timely
Assist the larger Retailer Technical Support Team with Master Tech Meetings as needed
Investigate and resolve difficult repair situations by duplicating and testing during development days
Evaluate support cases concerning customer complaints, prior warranty repairs, software status, etc.
Looks for new and innovative solutions to problems and finds creative ways to produce results
Display a good understanding of the organization's mission, goals, and strategies in daily work
Travel two to four times per year, both within the US and internationally
Key Competencies/Abilities
:
Associate or Bachelor degree preferred, or automotive technical certification considered
Five years of Automotive experience including hybrid (master technician preferred)
Eight ASE (Automotive Service Excellence) and L1 & L3 (advanced level specialist & hybrid certifications)
Work independently and with a team to analyze a problem, identify the root cause, and document the results
Leadership skills are also a plus, such as a shop foreman or a team leader
Extensive knowledg"
desktop support analyst,Desktop Support Analyst,26,25,21,it_support,0.723,,2,3.8,https://www.linkedin.com/jobs/view/desktop-support-analyst-at-vector-consulting-inc-3799335871,"Vector Consulting, Inc","Our government client is looking for an experienced
Desktop Support Analyst
on a 6+ months’ renewable contract
opportunity
in
Indianapolis, IN.
Position:
Desktop Support Analyst
Job Summary:
OVERVIEW
This position is required for assisting the Project Managers and Deployment Leads in implementation of statewide PC Refresh Projects on a 4 year rotating schedule to replace all state-issued PC computers allowing the agency to efficiently support IT resources across the state.
The duties of this position are to support the PC Refresh Project Managers and Deployment Leads by installing new PCs for Agencies' PC Refresh Projects. Following the established processes and checklists to ensure the end user has all the necessary software and settings on the new PC. Backing up, protecting, and restoring data will be an essential task for this position. Updating documentation and completing e-install forms required. Will be the lead tech and point of contact onsite for large deployments. Customer service is also a crucial element for this position. This position will perform other duties as assigned.
EXPERIENCE DESCRIPTION
Associates or Bachelors Degree in Computer Science or equivalent experience is required. Advanced experience, and advanced knowledge of the following: PC-Desktops and Laptops, iPhone, peripherals, and client/server technology. Hands on experience with Windows7, Windows 10 Active Directory, and VPN. Industry recognized certifications such as A+, Network +, or MCSE are a benefit. Understanding of Internet technologies beneficial. Hands on experience supporting the Microsoft Office Suite. Ability to support printers, scanners, and other peripherals. Solid verbal and written communication and documentation skills are required.
Required/Desired Skills:
1 year of PC hardware and software troubleshooting skills Required
PC Refresh Projects - backing up and restoring data / setup and configuration of new PCs Highly desired
A+ Certification Nice to have
Customer service"
cyber security specialist,Cyber Security Specialist,26,24,21,security,0.734,156000.0,3,3.8,https://www.linkedin.com/jobs/view/senior-cyber-security-specialist-at-eliassen-group-3789472916,Eliassen Group,"Job Description
**Remote**
Our client is looking for a Senior Cyber Security Specialist to complement their existing team.
We can facilitate w2 and corp-to-corp consultants. For our w2 consultants, we offer a great benefits package that includes Medical, Dental, and Vision benefits, 401k with company matching, and life insurance.
Responsibilities Of The Senior Cyber Security Specialist
Assist in managing the vulnerability management program and associated technologies
Provide program oversight and reporting and manage the day-to-day operations of the Tenable Vulnerability Management tool
Analyze credentialed scan results, identify failures and work with appropriate resources to implement corrections as needed to reduce/eliminate overdue vulnerabilities
Respond to ad hoc scan requests and assist with monthly maintenance activities
Take pride in the quality of their work, and the effectiveness of the cyber security controls for which they are responsible
Requirements of the Senior Cyber Security Specialist:
Bachelor’s Degree in Information Security / Assurance, Computer Science, Information Technology, or a related discipline, or equivalent work experience or technical training with a non-related degree.
Comprehensive understanding of at least one security, technical, or risk discipline.
Experience working with vendors and resellers, handling vendor/reseller relationships, and bringing available resources to bear to solve problems or realize opportunities.
Experience managing/leading projects and ability to produce any necessary artifacts.
Experience with one or more of the following is preferred: McAfee, Cylance, Bromium, Symantec, Varonis, Vormetric, Tenable, Rapid7, Qualys, Veracode, WhiteHat
Please be advised- If anyone reaches out to you about an open position connected with Eliassen Group, please confirm that they have an Eliassen.com email address and never provide personal or financial information to anyone who is not clearly associated with Eliassen Group. If"
fire and security engineer,Fire And Security Engineer,26,26,6,security,0.909,,0,0.0,https://uk.linkedin.com/jobs/view/fire-and-security-engineer-maintenance-at-huntech-engineering-recruitment-consultancy-3764872067,Huntech - Engineering Recruitment Consultancy,"Location: West Midlands
Brief Overview
Looking for a Fire and security engineer. The successful candidate will have experience in the Installation and Maintenance of both fire and security systems.
About Our Client
Market leader in the fire and security industry providing all manner of Design, Install, and Support of all types of electronic fire and security systems.
About The Role
Installation of Intruder alarms, Fire alarms, CCTV, Perimeter Protection, Gate Automation, Access Control & Emergency Lighting (Texecom, Orisec, Honeywell Galaxy, Menvier, Scantronic, Pyronix, HikVision, Aviglion, Paxton, Came/ BPT, Sateon, Kentec, Fike, Apollo, EMS)
Fault finding of the above-mentioned systems is essential
About The Candidate
The incumbent should possess strong interpersonal skills and be IT savvy. The candidate must have good client communication skills and be able to work as part of a team.
Experienced in the Installation and servicing of Fire and Security systems
Ability to work by yourself and within a team
Experience in the installation of CCTV, Access control, Fires and intruder alarm systems is essential
Must be committed to finishing the task at hand by the deadline
Points Of Appeal
Joining an established and stable company
Competitive Salary depending on experience
Close and friendly team to work with
Long-lasting and respectable company to work
Show more
Show less"
frontend software engineer,Frontend Software Engineer,26,24,15,engineering,0.692,175000.0,15,11.5,https://www.linkedin.com/jobs/view/senior-frontend-software-engineer-tactical-support-at-ga-ccri-3722011513,GA-CCRi,"GA-CCRi develops best-in-class global situational awareness capabilities that process petabytes of data from diverse sources in near real time. Our systems apply state-of-the-art algorithms and machine learning techniques to extract features, fuse data and form a rich live view of objects across land, sea and sky. We empower decision makers to solve meaningful challenges through innovative data science and scalable software engineering.
GA-CCRi is looking for a Frontend Software Engineer to join our Federal Portfolio. Software Engineering staff design, develop and deploy novel geospatial intelligence exploitation products for Intelligence Community and Department of Defense partners. Frontend Software Engineers distill complex multi-domain data feeds into sophisticated visualizations and user interfaces for situational awareness, analysis, command and control. Our rapidly growing suite of federal products are used by thousands of intelligence analysts and military personnel around the globe to counter new and emerging threats to national security.
DUTIES AND RESPONSIBILITIES:
Design and develop enterprise-wide Java web applications for geospatial data management, exploitation, visualization and analysis
Research and develop new UI concepts for situational awareness, command and control
Maintain existing UI capabilities deployed to customer facilities and AWS cloud environments
Develop test scripts and frameworks to verify UI functionality and produce high quality software deliverables
Take ownership of certain UI capabilities and provide technical direction, decision making and subject matter expertise in that area with limited guidance or specific direction
Communicate effectively with customers, management, and other engineering teams in secure environments
Maintains the strict confidentiality of sensitive information
Responsible for observing all laws, regulations and other applicable obligations wherever and whenever business is conducted on behalf of the Compan"
front end developer,Front End Developer,26,23,23,engineering,0.701,142350.0,5,11.5,https://www.linkedin.com/jobs/view/senior-front-end-developer-at-propstream-3789182097,PropStream,"Job Description
About this Role
We are looking for an experienced and passionate Senior front-end developer to help build software as an easy-to-use product for our customers. As a Senior front-end developer, you will be responsible for the user interface of our web applications and websites. You will focus on turning wireframes and mock-ups into reusable code and building high-quality UI components with scalability in mind. You should be able to design and implement pixel-perfect user interface elements that meet software requirements. You will work with a highly skilled and motivated delivery team of Product Owners, Tech Leads, and Software Engineers with a passion to imagine, test, build, and deploy valuable products. In this role, you will create and lead the design of multi-platform, cross-functional, and customer-facing applications.
Our ideal candidate is responsible for taking the requirements and breaking them down into concrete tasks to implement and then effectively collaborating with team members to complete and build the larger visions.
Responsibilities:
Gather and evaluate user requirements in collaboration with product managers and engineers.
Re-create a layout design while keeping consistent with the desired UX/UI outcome.
Build web applications with web development best practices using high-quality and reusable code.
Monitor app performance, watch for errors related to site usability problems, and rectify any issues.
Run code optimization tools and analyzers to spot refactor inefficiencies to create highly performant code.
Transform app designs into front-end code with React.js, HTML5, CSS, and JavaScript.
Work in a multidisciplinary team with other professionals such as back-end developers, UX/UI designers, DBA and assist with coding and troubleshooting.
Optimize our web applications for maximum speed and scalability.
Stay up to date on emerging technologies and industry trends.
Maintain and improve the website within brand guidelines.
Assist in cr"
it infrastructure engineer,IT Infrastructure Engineer,26,26,26,devops,0.719,148658.0,3,0.0,https://uk.linkedin.com/jobs/view/it-infrastructure-engineer-at-the-one-group-ltd-3801301642,The ONE Group Ltd,"IT Infrastructure Engineer
Great chance for an Infrastructure Engineer to join a nationally recognised construction company who have created some of the most Iconic buildings in the UK.
You will work in an established IT team of 15 with a great management function and will be responsible for helping to design, implement and maintain the organisation's IT infrastructure.
In this varied role you will collaborate with cross-functional teams to support network operations, server administration, storage management and more.
Role/Responsibilities
Design, plan, and implement IT infrastructure solutions that align with the organisation's requirements and objectives. This includes network architecture, server deployments, storage systems, and virtualisation technologies.
Manage and support the organisation's network infrastructure, including switches, routers, firewalls, and wireless access points. Ensure network availability, performance, and security by monitoring, troubleshooting, and optimising network configurations.
Install, configure, and maintain physical and virtual servers, ensuring optimal performance, availability, and security. Perform regular server updates, patch management, and system monitoring to ensure reliable server operations.
Oversee the organisation's storage infrastructure, including SAN, NAS, and backup systems. Monitor storage capacity, optimise performance, and implement data backup and recovery strategies.
Deploy and manage virtualisation technologies such as VMware or Hyper-V to optimize server utilisation and resource allocation. Collaborate with cloud service providers to leverage cloud computing resources effectively.
Help implement and maintain security measures and protocols to protect the organisation's IT infrastructure. Conduct vulnerability assessments, apply security patches (utilising change control practices) and enforce compliance with relevant regulations and industry standards.
Qualifications/Experience
Bachelor's degree in Inform"
business intelligence engineer,Business Intelligence Engineer,26,25,25,data,0.717,134160.0,7,0.0,https://www.linkedin.com/jobs/view/senior-business-intelligence-engineer-at-pacific-life-3803856307,Pacific Life,"Job Description
Pacific Life is investing in bright, agile and diverse talent to contribute to our mission of innovating our business and creating a superior customer experience. We’re actively seeking a talented Senior Business Intelligence Engineer to join our Insights Engineering Team.
As a Business Intelligence Engineer, you’ll play a key role in Pacific Life’s growth and long-term success by bridging the gap from data to insights. You will identify data intelligence needs, source data, build dashboards, and deliver insightful data assets. You will fill an existing role that sits on a team of 6 people in the Consumer Markets division. Your colleagues will include Visualization & Business Intelligence Developers and will partner with various business functions as well as data engineering professionals. Our team is highly collaborative and varied in skill set, all focusing on developing insightful analytic tools to run our business.
How You Will Make An Impact
Develop, own, & support interactive Tableau dashboards that drive insights from data.
Partner with function leaders and employees to identify data needs and build collaborative relationships.
Develop Snowflake views & tables required for reporting & dashboards while partnering with data engineering to drive source data to the reporting environment.
Contribute to general Business Intelligence capabilities including infrastructure, training, query optimization, and governance.
Develop premium look & feel design concepts that are scalable and repeatable throughout our analytics eco-system.
Support our embedded analytics platform utilizing the 'Interworks - Curator' User Interface to build interactive dashboard experiences.
The Experience You Will Bring
5+ years of experience developing data assets, at least 2 years using Tableau.
Proficiency in SQL & strong understanding of relational databases.
Bachelors degree in computer science, data analytics, or equivalent experience.
Strong problem solving skills and a p"
sql developer,SQL Developer,26,26,22,engineering,0.771,112320.0,4,0.0,https://www.linkedin.com/jobs/view/sql-developer-at-sunrise-systems-inc-3799910035,"Sunrise Systems, Inc.","We are hiring for a SQL Database Programmer with strong .NET and C# experience local to Phoenix, AZ.
Job Details:
Job Title: Database Programmer - Microsoft SQL
Job Duration: 4+ Months on W2 only
Job Location: Phoenix, AZ 85003
Job Description:
The Database Programmer is a key IT team member at the client.
This role requires collaboration with programmers, database administrators, and business analysts to improve our data solutions.
Responsibilities include:
Team collaboration to enhance data solutions.
Designing data models for the court's needs.
Tuning SQL stored procedures and functions.
Writing effective SQL queries for business needs.
Troubleshooting database issues to identify causes.
Optimizing queries and procedures for performance.
Supporting developers with application architecture, coding, and query tuning.
Managing SSIS packages and SSRS reports.
Developing .NET, C# applications.
Solving complex technical problems.
Innovating processes for daily operations.
Following best practices in software development lifecycle.
Mentoring and training junior staff.
Communicating technical concepts to non-technical users.
Ensuring database design compliance with standards.
Additional duties may be assigned as needed, with the expectation of flexibility and a commitment to team success.
Experience/Education Required:
A minimum of two years of experience in Microsoft SQL Server development.
A proven track record in SQL development and optimization An option for an equivalent combination of post-secondary education and job-related experience, substitutable on a year-for-year basis.
Bachelor's degree in Computer Science, Information Systems, or a technology-related discipline.
Show more
Show less"
it systems administrator,IT Systems Administrator,26,25,22,network_infra,0.723,87000.0,8,11.5,https://www.linkedin.com/jobs/view/senior-it-systems-administrator-at-tilley-distribution-3795902603,Tilley Distribution,"Job Summary
The Senior IT System Administrator is responsible for overseeing and managing the computer system operations in the organization. Monitor the performance of software, hardware, network, and servers. Install and configure new servers and applications as needed. Provide technical consulting and troubleshooting for various IT tools, such as Office 365, Azure, AD, in-house applications, and Powershell/Scripting. The IT Senior System Administrator will also be responsible for assisting in Cyber Security tasks.
Essential Functions / General Accountabilities
Configure internal systems
Diagnose and troubleshoot technical issues
Act as level 3 support for internal service desk
Upgrade and manage the network infrastructure
Install and manage servers, network devices, and firewalls
Train new system users and set up their accounts
Monitor the performance of servers, software, and hardware
Ensure the smooth deployment of new applications
Update technical documentation
Assist in Cyber Security tasks
Maintain good working relationships with external vendors
Job Qualifications
Work experience as a Senior System Administrator
Good knowledge of at least one scripting language
Solid understanding of LAN/WAN networks
Microsoft severs and ecosystems
Knowledge of system security techniques
Team management abilities
Skills
Good problem-solving and communication skills
Location
Norwood, NJ
Work Environment
Standard office setting
Physical Requirements
Sedentary office work that primarily involves sitting for prolonged periods of time
Keyboarding. Entering text or data into a computer by means of a traditional keyboard.
Speaking. Expressing or exchanging ideas by means of the spoken word to impart oral information to clients or the public and to convey detailed spoken instructions to other workers accurately, loudly, or quickly.
Hearing Requirements. The ability to hear, understand, and distinguish speech and/or other sounds. (i.e., in person speech, telephone, computer, etc.)
N"
sql database administrator,SQL Database Administrator,25,24,23,database,0.767,105000.0,3,0.0,https://www.linkedin.com/jobs/view/sql-database-administrator-at-optomi-3798146147,Optomi,"SQL Database Administrator (SQL Server, Azure)
Optomi, in partnership with a medical donation center is seeking a SQL DBA to join their team! This candidate will be responsible for managing databases and integrations using the Microsoft SQL Server platform fully onsite at their Charlotte, NC!
Must Have Skills / Requirements:
TOAD and T-SQL (Transact SQL) Stored Procedures and Triggers.
Four (4) years’ experience and extensive, hands-on knowledge of Microsoft SQL Server database development, administration, and performance tuning.
Well experienced at developing and managing cubed databases as well as strong understanding of OLAP tools.
Experience with SQL Server (Windows platform) in a clustered environment.
Solid knowledge of good promotion process and maintaining development lifecycle throughout implementation process.
Working knowledge of network communications, Multi-tiered Architecture.
Excellent communication, problem solving, analytical skills with detail-oriented mind set.
Ability to learn new technologies quickly and to work within a structured project methodology.
Ability to solve technical issues independently or with limited guidance.
Ability to translate business requirements into technical designs.
Four (4) + years of experience with Microsoft SQL Server, including SQL Agent jobs, SSIS packages.
Four (4) + years of experience with SQL programming objects, including stored procedures, user-defined functions, and common table expressions.
Four (4) + years of experience with database tuning and optimization.
Four (4) + years of comprehensive data warehouse analysis and design experience, with full knowledge of data warehouse methodologies and data modeling.
Must demonstrate proficiency with technical, conceptual, interpersonal, written, and verbal communication skills.
Must demonstrate ability to adapt to changing priorities and respond to problems creatively.
Participate in on-call rotation and assist with after-hours issues, as required.
Responsibilities"
cyber engineer,Cyber Engineer,25,25,17,security,0.785,174100.0,6,4.0,https://www.linkedin.com/jobs/view/cyber-engineer-sr-at-saic-3543053310,SAIC,"Job ID 2304191
Location
OMAHA, NE, US
Date Posted
2023-03-24
Category
Cyber
Subcategory
Cyber Engineer
Schedule
Full-time
Shift
Day Job
Travel
No
Minimum Clearance Required None
Clearance Level Must Be Able to Obtain
Secret
Potential for Remote Work
No
Description
We are looking for candidates passionate about craftsmanship, teamwork, and delivering user capability to join SAIC supporting the Air Force weather community on the Technology Application Development & Sustainment (TADS) contract.
Cyber Security Engineers will design, develop, and maintain software systems from science to operations within an empowered, cross-functional team. Work within and across practices and organizations to provide leading-edge technology or application solutions that result in meeting DoD Security standards, where the focus is on development and delivery. Interfaces with the government security managers and users on technical issues. Constructs, installs, and implements products or complex technology or application solutions for a unit or organization. Provides design and technical support on services/products solutions, utilizing current and emerging technologies. Provides technical presentations to internal and external clients.
Successful candidates will demonstrate the following characteristics
Growth Mindset
Self-Starter
Servant Leadership
Grit
Qualifications
TYPICAL EDUCATION AND EXPERIENCE Bachelors and five (5) years or more experience; Masters and three (3) years or more experience; PhD and 0 years related experience or 9 years of experience in lieu of degree
Experience with programming languages such as Java, React, Python
Determines enterprise information assurance and security standards.
Develops and implements information assurance/security standards and procedures.
Coordinates, develops, and evaluates security programs for an organization. Recommends information assurance/security solutions to support customers' requirements.
Identifies, reports, and resolves security "
design release engineer,Design Release Engineer,25,17,12,devops,0.756,64480.0,3,0.0,https://www.linkedin.com/jobs/view/design-release-engineer-wheels-at-segula-technologies-3735307041,SEGULA Technologies,"Company Description
MUST be authorized to work in the United States for any employer.
MUST be available to start working within 3 weeks of offer acceptance date.
SEGULA TECHNOLOGIES is assisting a major automotive OEM in hiring a
Design Release Engineer - Wheels
to join our growing team in
Auburn Hills, MI.
This is a DIRECT hire opportunity, NOT a Contractual role.
Our client offers a competitive salary and benefits plan including comprehensive relocation package, and great opportunities for career growth!
Job Description
Responsible for leading and executing the component design process with the Company’s supply base and the Product Design Studio achieve the component and system level functional objectives.
Responsible for the on-time delivery of components/systems from initial concept through vehicle launch.
Project management key process indicators (KPI's) and C/W/I efficiency will be utilized to monitor progress.
The Engineer will coordinate with vehicle team to ensure proper fit, form, and function of the components.
He/she will create source packages and work with purchasing to define and source the relevant components.
This role also establishes and executes component, sub-system, and vehicle test plans to validate the design.
Qualifications
Bachelor of Science Degree in Mechanical Engineering.
If a recent college graduate, 3.0 GPA minimum.
2 years engineering design and development experience (preferred).
Demonstration of automobile interest (automobile hobby, college project).
Demonstration of passion to work in the automotive industry.
Additional Information
All your information will be kept confidential according to EEO guidelines.
Show more
Show less"
data engineer manager,Data Engineer Manager,25,18,15,data,0.788,201175.0,4,16.0,https://www.linkedin.com/jobs/view/data-engineering-manager-at-alcority-3796356918,Alcority,"Job Summary
Alcority, a global professional services firm, is looking for an experienced Data Engineering Manager. The Data Engineering Manager, reporting to the Data Solutions Architect, expand and lead our data engineering team. As a strategic partner to a number of investments and operating companies around the world, Alcority is responsible for delivering technology solutions that help our partners create a competitive advantage. The ideal candidate will have strong leadership skills, technical expertise in data engineering, and excellent communication skills. The Data Engineering Manager will be responsible for overseeing the development and maintenance of our data engineering architecture, data pipelines, and data platforms, and must have experience in managing data engineering teams and working with the latest cloud based and Informatica SaaS technologies. He/she will have a passion for data with a keen interest to not only understand the technical components, but also understand the business context and impact of technical solutions that are provided.
The candidate can prioritize competing requirements, strategize development, guide in developing scalable solutions, and leverage AI for development.
Key Responsibilities
Lead and manage the internal Data Engineering Team, including hiring, training, coaching/mentoring, and performance management.
Develop resource plans to determine the right mix of internal and external resources; engage and manage 3rd party consultants/contractors as needed.
Develop and maintain the data engineering architecture and design to support the company's business objectives and strategy.
Develop and maintain data pipelines and data platforms using cloud-based technologies such as Informatica Data Management Cloud and Azure Data Factory ensuring data quality and reliability.
Work collaboratively with cross-functional teams and businesses including product management, data science, and analytics teams, to deliver data solutions that m"
sap business analyst,SAP Business Analyst,25,25,21,product,0.803,,2,4.0,https://www.linkedin.com/jobs/view/sap-business-analyst-at-v-group-inc-3802801793,V Group Inc.,"Client: Incture
Job Title: SAP Business Analyst (Warehouse)
Location: Columbus, Mississippi (ONSITE)
Position Type: 12+ Months (Contract)
Number of Hours: 40 Hrs/ week
Interview Type: Webcam
Ceipal ID: INC_SAP137_SB
Requirement ID: Incture13072023
Responsibilities
Processes improvement - document existing processes, identify and analyze gaps between current processes and the desired state, design new processes, develop process performance measures and plan the transition to new processes as needed
Follow policies and procedures including, but not limited to, Change Control, project management methodology, SOX controls
Leverage SAP industry standards and best practice
Serve as a key liaison between Supply Chain Operations and IT Development team to provide systems analysis and support
Partner with IT development team to test solutions, including updating appropriate documentation to Ensure smooth system integration and enhanced functionalities
Takes a lead role in working with peers to develop standards processes, procedures and documentation
Required /Desired Skills/ Experience/ Education
5+ years Strong understanding of various SAP Warehouse, Materials Management, or Production Planning modules and business processes.
Knowledge of SAP standard processes
Ability to translate business solutions into systems programs
Possess knowledge of software testing procedures
Knowledge of SAP system integrations
Excellent collaboration skills
Strong communication skills
Ability to react quickly to issues and opportunities
Strong analytical skills
Ability to react quickly and effectively to any issues that may arise
Extremely detail-oriented
Strong organizational and leadership skills
on an existing suite of complex requirements
V Group Inc. is an IT Services company which supplies IT staffing, project management, and delivery services in software, network, help desk and all IT areas. Our primary focus is the public sector including state and federal contracts. We have multiple a"
cyber security architect,Cyber Security Architect,25,25,21,security,0.777,,1,8.0,https://uk.linkedin.com/jobs/view/cyber-security-architect-dv-cleared-at-aspect-resources-ltd-3805253062,Aspect Resources Ltd,"Role: Cyber Security Architect - DV Cleared
Contract Length: 18 Months initially
Location:
Aldermaston (100% on site, maybe occasional remote days)
IR35: INSIDE
Rate: £87.53/hr (Umbrella)
Security Clearance: DV & Sole Uk National
Minimum Requirement:
DV clearance
Sole UK National
Security Architect experience
Has worked in a defence industry previously, eg MOD
Has had hands on experience in security applications and/or appliances
Security Architect skills
Good working knowledge
Firewalls
DevOps
Cloud
intrusion detection systems (IDS)
intrusion prevention systems (IPS)
Experience More Important Than Qualifications
Has worked in highly classified environments
Technical background
Endpoint detection
Technical background
Stakeholder Management
Hands on with security tooling
Can work autonomously and as part of a team
Use initiative, ask right questions, flag issues, fit into project
The Role:
Essentially a security architect
Provide security architecture/expertise/support the cyber security team
Work in conjunction with other functions - get right feel, tech controls, make job easier
Security controls put in place - networks/systems
Need own security architect within Cyber Security Team
Provides function out to Projects
Working on multiple classifications
To apply for this role please submit your latest CV or contact Aspect Resources on (phone number removed)
Show more
Show less"
it support engineer,IT Support Engineer,25,25,20,it_support,0.711,67080.0,4,0.0,https://uk.linkedin.com/jobs/view/it-support-engineer-at-get-staffed-online-recruitment-limited-3804259079,Get Staffed Online Recruitment Limited,"Desktop support 1st Line (Home based, with visits to client sites occasionally)
If you are looking for your next role in the IT industry, then look no further! We have an amazing opportunity with an established technical solutions company whose primary customer base is the Media industry.
Our client provides clients with a host of services, from data cabling to cloud solutions, hardware supply to Internet and voice services.
Please note because of the nature of their clients the successful candidate will have to sign an NDA, they work with clients across London, Brighton and the Home Counties.
Key Responsibilities
A successful Desktop Support – 1st Line duties:
Answering and resolution of technical queries via phone, email, and remote tools
Maintain a high degree of customer service for all support queries
Be pro-active when dealing with user issues and take ownership of problems
Maintain a log of any software or hardware problems detected
Support users in the use of computer equipment by providing necessary training and advice
Escalate more complex problems to the Technical Manager for resolution
Provide basic social media engagement with our followers.
Skills And Experience
The ideal candidate will have worked in a 1st Line Support role for at least 12 months previously and have experience of:
Supporting cloud-based services, specifically Azure, Microsoft Office 365 Admin Center and be able to demonstrate creating users, groups, and making changes safely
Basic to strong technical understanding of Windows 10/11, macOS, iOS, Android and Office 365 applications
Basic to strong technical understanding of PC, printer and scanner hardware set-up and configuration
Understanding of Cloud based Wi-Fi Management and resolution of issues
Experience of providing remote support for users and systems, including resolution of technical issues on the phone, and using remote support tools
Understanding of networks and how they work
The Ideal Candidate Will Also
Excellent customer "
infrastructure security engineer,Infrastructure Security Engineer,25,6,4,security,0.74,,1,0.0,https://www.linkedin.com/jobs/view/infrastructure-security-engineer-at-accroid-inc-3763534495,Accroid Inc,"Title:
Infrastructure Security Engineer
Location:
– 100% ONSITE –
2 Metrotech Brooklyn, NY 11201
Duration: 12 Months
Job Description
SCOPE OF SERVICES
Firewalls and Network – Next-Gen Firewall, Routing and Defensive Security, DNS, DDOS:
design, implementation, configuration, optimization and troubleshooting
Tasks
Participate in design meetings and reviews from a security and network perspective on assigned priority projects.
Propose networking security architecture to meet the business requirements and while adhering to OTI's best practices guidelines.
Collaborate with OTI's Architect teams for developing operable solutions for Citywide requirements.
Complete all requirements for installing new network or firewall devices.
Follow OTI process for new devices provisioning of integrated systems.
Configure ports, configure firewalls, and apply the base templates configurations, integrate the appliances into production network.
Develop and validate base configurations for operational use.
Create and review method-of-procedure for the change to be executed during the approved change window.
Open TAC cases as needed and identify root causes.
Review and implement network optimizations, network resilience and network failover testing as directed.
Develop plan and strategy for complex network upgrades.
Complete any additional tasks assigned by the manager.
MANDATORY SKILLS/EXPERIENCE Note
Minimum 10 years of experience in the field of networking, network security and firewalls
Must have hands-on experience with Palo Alto, Checkpoint and Cisco firewalls.
Deep understanding and experience of DNS, NTP, BGP and other critical infrastructure protocols.
Must understand BGP, MPLS, OSPF, IS-IS routing protocols in a large environment.
Deep understanding on routing, load balancing and networking infrastructure.
Desirable Skills/Experience
Hands on experience in Cisco and Palo Alto firewall technology
Additional experience in the field of load balancing.
Good project management skills
"
machine learning scientist,Machine Learning Scientist,25,18,16,ai,0.715,225800.0,5,24.0,https://www.linkedin.com/jobs/view/machine-learning-scientist-at-lynntech-inc-3749196743,"Lynntech, Inc.","Lynntech, Inc., a rapidly growing technology development company specializing in transitioning innovative ideas and concepts into marketable products, is seeking a highly motivated and creative researcher to join our team. All work is done on our campus, remote work is not an option.
We Have An Opening For a Machine Learning (ML) Scientist To Develop Novel Platforms For Unsolved Or Frontier Challenges In This Domain. The Candidate Should Preferably Have 2 Years Of Relevant R&D Experience (industrial Or Academic), And Must Have Demonstrated Expertise In One Or More Of The Following Areas
The Research Scientist Is Responsible For
Designing, developing, and evaluating product-focused solutions utilizing machine learning methods, deep learning, computer vision, or natural language processing.
Working collaboratively on complex problems using machine learning to provide customized product solutions, such as intelligent systems, autonomous systems, improving training experience, and simplifying workflow processes.
Programming and Software Engineering with a strong focus on Machine Learning algorithms and methods.
Familiarity with evaluation of AI algorithm performance, Generative methods (e.g., GANs), AI Explainability methods, or AI Security (e.g., Adversarial Examples). Effective oral and written communication skills, organizational skills and technical writing ability are required. One or more of the following additional skills\/experiences are highly desired:
Conception of new research areas, grant proposal writing and managing research projects.
PhD.-level research that applied Math, Science or Statistics to implement computer analysis solutions (examples include Physics, Astronomy, Microscopy, Medical Imaging, Surface Science, Aerospace, Geo-spatial Intelligence, Genomic Signal Processing, Radio Frequency applications, etc.).
Training and validation of scalable ML models in a machine learning platform (e.g., TensorFlow, Keras, Lua or PyTorch) for AI applications. Th"
product owner,Product Owner,25,24,21,product,0.718,,4,8.0,https://www.linkedin.com/jobs/view/principal-product-owner-at-discover-financial-services-3777372500,Discover Financial Services,"Discover. A brighter future.
With us, you’ll do meaningful work from Day 1. Our collaborative culture is built on three core behaviors: We Play to Win, We Get Better Every Day & We Succeed Together. And we mean it — we want you to grow and make a difference at one of the world's leading digital banking and payments companies. We value what makes you unique so that you have an opportunity to shine.
Come build your future, while being the reason millions of people find a brighter financial future with Discover.
Job Description
Product Owner ensures an outcome for a product is delivered that meets the requests from stakeholders and customers. This requires a fundamental understanding of the business and its constraints (financial, marketing, compliance, legal, service, the customer environment, the technical capabilities, the user experience, etc.) in order to provide a solution that satisfies all stakeholders and customers. Actively manages and escalates risk and customer-impacting issues within the day-to-day role to management.
Responsibilities
Interacts and collaborates with stakeholders on key product considerations and aligns with product vision, features and roadmap. Leverages customer insights, feedback, financials, compliance and risk data to define product features and roadmap in partnership with other SMEs.
Establish Key Performance Indicators (KPIs) and Objects and Key Results (OKRs) for the product team and ensure alignment with senior leadership (e.g., SPO, Dir, etc.). Creates and/or maintains key product documentation (e.g., customer journey map, technical specs, process mapping, etc.). Identifies and defines key non-functional requirements (e.g., security, availability, performance, etc.) to achieve necessary product metrics. Owns definition of Minimum Viable Product (MVP) and features/user stories for delivery product roadmap; in-line with the Objectives and Key Results (OKRs) of the greater product vision outlined by SPO and/or Business Director is th"
"manager, cyber product owner","Manager, Cyber Product Owner",25,6,3,security,0.93,211350.0,5,0.0,https://www.linkedin.com/jobs/view/manager-cyber-product-owner-cryptographic-services-public-key-infrastructure-at-jobs-for-humanity-3788644522,Jobs for Humanity,"Company Description
Jobs for Humanity is partnering with Capital One to build an inclusive and just employment ecosystem. Therefore, we prioritize individuals coming from the following communities: Refugee, Neurodivergent, Single Parent, Blind or Low Vision, Deaf or Hard of Hearing, Black, Hispanic, Asian, Military Veterans, the Elderly, the LGBTQ, and Justice Impacted individuals. This position is open to candidates who reside in and have the legal right to work in the country where the job is located.
Company Name: Capital One
Job Description
Job Title: Manager, Cyber Product Owner - Cryptographic Services (Public Key Infrastructure) Location: Richmond, Virginia Company: Capital One Introduction: Capital One is a technology-oriented company that believes in Excellence and Doing the Right Thing. We deliver financial products at a massive scale through modern technology and constant innovation. As part of our commitment to delivering the best cybersecurity solutions, we are seeking a product owner to help us develop game-changing cybersecurity solutions based on threat, data, and design thinking. Job Description: As a Product Owner for Cryptographic Services in the Data Protection domain, you will contribute to and deliver our strategic agenda for core cyber products. Your role will involve driving product vision, guiding development teams, shaping products based on customer feedback, and delivering well-managed and sustainable features. Your deep technical knowledge in cybersecurity and software engineering will be crucial to driving impactful improvements to our cyber capabilities. Responsibilities: - Communicate the delivery roadmap to technology teams, inspiring them through the product vision. - Clearly articulate the target persona, customer benefit, and value of features across teams. - Leverage technical knowledge to effectively support engineering teams in delivering value. - Utilize expertise in PKI, encryption algorithms, and data protection to represent "
ux/ui designer,Ux/ui Designer,24,24,23,design_ux,0.681,102500.0,7,4.2,https://www.linkedin.com/jobs/view/senior-ux-ui-designer-at-mda-edge-3768033997,MDA Edge,"Benefits: Medical, Dental, Vision, Life insurance, Paid time off, Matching 401k, Mental health benefits.
Duties & Responsibilities
Collaborate with Product Managers and Key Stakeholders to understand project goals, target audience, and user requirements.
Conduct user research and usability testing to gather insights and inform design decisions.
Create wireframes, prototypes, and high-fidelity designs that effectively communicate interaction and design concepts.
Develop user flows, information architecture, and navigation maps to guide the user experience.
Design visually appealing user interfaces that adhere to brand guidelines and maintain consistency across platforms.
Iterate designs based on feedback, user testing, and data analysis to continuously improve the user experience.
Collaborate with developers to ensure seamless implementation of design concepts and provide guidance throughout the development process.
Stay up to date with industry trends, best practices, and emerging technologies to incorporate innovative design solutions.
Advocate for user-centered design principles and educate stakeholders on the importance of UX/UI design in achieving business goals.
Excellent collaborative and brainstorming skills.
Ability to deliver high quality work on tight schedules.
Must Haves
Bachelor's degree in HCI, Design, Computer Science or equivalent practical experience.
A strong understanding of user-centered design, interaction design, and information architecture.
Highly organized and disciplined in work approach, but also flexible and able to adapt to changing circumstances as needed.
UX design experience, with a focus on B2C products.
Self-motivated and able to work with little daily guidance.
Comfortable working cross-functionally to drive impact across the organization.
Show more
Show less"
penetration tester,Penetration Tester,24,24,21,security,0.778,,3,0.0,https://www.linkedin.com/jobs/view/penetration-tester-sme-at-eversource-solutions-llc-3796992169,Eversource Solutions LLC,"RESPONSIBILITIES:
Assesses the current state of the customer’s system security by identifying all vulnerabilities and security measures. Helps customers perform analysis and mitigation of security vulnerabilities.
Design, perform and report on penetration testing of systems including cloud to satisfy the NIST 800-53 CA-8 security control and using methodologies that may include, NIST SP 800-115, Penetration Testing Execution Standard (PTES), and Information Systems Security Assessment Framework (ISSAF).
Produce reports and conduct management briefings on test activities, scenarios, results and recommendations.
Understand how to create unique exploit code, bypass AV and mimic adversarial threats.
Stay abreast of current attack vectors and unique methods for exploitation of computer networks.
Provide support to incident response teams through capability enhancement and reporting.
Assist in Red Cell maintaining infrastructure.
Develop or modify tools that automate discovery or exploitation (e.g. bash, Python, JavaScript, PowerShell)
Mentor Mid and Jr staff members by providing guidance on best security practices and communication techniques.
QUALIFICATIONS:
Minimum Qualifications:
Bachelor’s Degree and a minimum of 9 years’ experience required. An additional 4 years of experience may be substituted in lieu of degree.
Must have one of the following certs: CASP+ CE, CCNA Cyber Ops, CCNA-Security, CCNP Security, CEH, CFR, CISA, CISSP, Cloud+, CySA+, GCED, GCIA, GCIH, GICSP, or SCYBER.
Organize and lead efforts that document and design improvement strategies for discovered vulnerabilities and monitoring gaps.
Understand common web application vulnerabilities like SQLi, XSS, CSRF, and HTTP Flooding.
Proficient at conducting network or software vulnerability assessments and penetration testing utilizing reverse engineering techniques.
Proficient at conducting network or software vulnerability assessments and penetration testing utilizing using automated and manual TTPs.
Prov"
oracle database administrator,Oracle Database Administrator,24,22,19,database,0.772,,2,8.3,https://www.linkedin.com/jobs/view/oracle-database-administrator-at-tata-consultancy-services-3798162525,Tata Consultancy Services,"Role- Oracle Database Administrator
Location-Philadelphia, Pennsylvania
Job Title Oracle Core DBA (Exadata Admin)
Relevant Experience (in Yrs) 8-12 Yrs
Technical/Functional Skills Must have skills: Exadata Admin, Core DBA, OCI, DB Storage, DB Backup Nice to have skills: Basic knowledge of Linux system administration, Cloud Networking
Experience Required -Creating an EXACC instance and Database Deployment
-Administering an EXACC instance
-Create and Manage Users for Oracle Cloud at Customer
-Create and Manage Keys and Certificates
-Manage & Configure Object Storage for DB Backups
-Patching of EXACC and DB
Roles & Responsibilities
-Manage all components of EXACC (Compute, Storage, Security & networking)
-Monitor Oracle Cloud services and set alert thresholds for specific metrics.
-Monitor Your Usage and Universal Credits Balance for Oracle Cloud at Customer
Generic Managerial Skills
Working closely with development teams to understand their requirements, provide guidance on Exadata best practices, and assist in deploying applications.
Documenting configurations, processes, and best practices, as well as sharing knowledge with team members and stakeholders.
Thanks & Regards,
Disha Ranjan
Talent Acquisition Group- North America
Tata Consultancy Services
Malito: r.disha@tcs.com
Website: https://www.tcs.com
Show more
Show less"
digital product manager,Digital Product Manager,24,14,12,product,0.712,,2,0.0,https://www.linkedin.com/jobs/view/digital-product-manager-vice-president-at-jpmorgan-chase-co-3787224896,JPMorgan Chase & Co.,"Job Description
You enjoy shaping the future of product innovation as a core leader, driving value for customers, guiding successful launches, and exceeding expectations. Join our dynamic team and make a meaningful impact by delivering high-quality products that resonate with clients.
As a Product Manager in Commercial Banking Digital Product Team, you are an integral part of the team that innovates new product offerings and leads the end-to-end product life cycle. As a core leader, you are responsible for acting as the voice of the customer and developing profitable products that provide customer value. Utilizing your deep understanding of how to get a product off the ground, you guide the successful launch of products, gather crucial feedback, and ensure top-tier client experiences. With a strong commitment to scalability, resiliency, and stability, you collaborate closely with cross-functional teams to deliver high-quality products that exceed customer expectations.
Job Responsibilities
Develop strategic product roadmaps, feature roadmaps, drive prioritization of features while balancing customer/business impacts, and create detailed business requirements intended for digital architects, development scrum teams and designers
Define success metrics for product features
Negotiate scope and timelines to achieve KPIs, and leverage data and user research to make product enhancement recommendations
Experience planning, managing and leading high-visibility projects in a high-paced, constantly changing and highly matrixed work environment
Help remove roadblocks and obstacles to ensure the successful delivery of product features
Provide marketing and product packaging support to sales and service organizations
Build and present end to end executive product updates inclusive of current production metrics, new feature delivery planning and financial forecasting
Required Qualifications, Capabilities, And Skills
5+ years of Digital Product Management experience with strong te"
business intelligence manager,Business Intelligence Manager,24,22,21,data,0.756,114000.0,9,0.0,https://www.linkedin.com/jobs/view/business-intelligence-manager-at-gardaworld-3787602504,GardaWorld,"Job Description
About GardaWorld
GardaWorld is the world’s largest privately owned security services company. We protect our clients’ staff and assets, wherever they are in the world. We offer different schedules, diverse work assignments spanning multiple industries and career advancement opportunities. We encourage diversity and are proud to be an equal-opportunity employer. GardaWorld Security Services is looking for a Business Intelligence Manager for our headquarters in St. Louis, MO.
Business Intelligence Manager
The Business Intelligence Manager is responsible for leading a team of Business Intelligence Analysts and planning, coordinating, and supervising all activities related to the design, development, and implementation of organizational reporting and analytics. The BI Manager is also responsible for maintaining, supporting, and upgrading reports, dashboards, and data warehouse to meet the needs of multiple GWSS departments. The position requires a subject-matter expert on effective and efficient information retrieval and delivery to key stakeholders. The Manager must represent GardaWorld’s Core Values: Integrity, Trust, Vigilance, and Respect.
Primary Responsibilities & Duties
Manager of a team of Business Intelligence Analysts in the day-to-day job performance of their jobs.
Demonstrates senior-level leadership skills and experience in guiding the team to build sustainable insights.
Partners with function leaders to understand business drivers, understand and communicate the limitations and capabilities of the data, and define appropriate solutions.
Manages a portfolio of work from small projects to individual Ad-Hoc requests, working with stakeholders to set priority, assigning appropriate resources, and managing team workload.
Architect, design, develop, update, and optimize Power BI dashboards, reports, and scorecards to meet business requirements.
Guides priorities for data warehouse enhancements
Influences the organization to build a data-centric m"
quality assurance automation,Quality Assurance Automation,24,23,17,qa,0.79,,1,0.0,https://www.linkedin.com/jobs/view/lead-qa-automation-at-it-minds-llc-3793676762,IT Minds LLC,"Responsibilities
Develop and execute test plans and test cases with a strong emphasis on using code to solve technical challenges and shorten the test cycle through automation.
Estimate test efforts, analyze and communicate test results.
Add to and improve our existing test automation framework, tools and technologies, to continually advance the quality bar.
Write specialized testing tools for our software platform, as needed.
Collaborate with teammates in Development, Test and Product Management to design and implement test and validation strategies.
Contribute to the maintenance and expansion of our Continuous Integration (CI) environment.
Identify required improvements in the test and development processes; make contributions to our automation tools, successfully addressing specific needs.
Participate in day-to-day QA activities.
Candidate Profile
10+ years' experience as a QA Automation Engineer
Experience with UI test automation frameworks (Selenium, Cypress, Appium)
Experience with API test automation frameworks against well-known protocols
Experience automating tests using JS frameworks, primarily (though other experience is welcome!)
Some experience writing React code in order to demonstrate an understanding of how tests and React work together (we will test on this during interviews!)
Experience automating tasks with shell scripting languages such as Bash, Zsh,etc.
Solid knowledge of SQL and web (micro)services consumption
Strong knowledge of OOP along with requisite coding and debugging skills
A firm grasp of software design principles, patterns, algorithms, data structures and multithreading concepts
Knowledge of continuous integration practices, preferably using AWS
CodePipeline (Jenkins / Hudson / Bamboo equivalent)
Experience with BDD automation frameworks (Cucumber, Behave)
A passion for quality assurance
Drive and capacity to learn new processes and technologies
Strong teamwork and collaborative skills
Written and verbal communication skills
Impress "
cyber defense analyst,Cyber Defense Analyst,23,21,9,security,0.768,,2,0.0,https://www.linkedin.com/jobs/view/cyber-defense-analyst-2-at-secure-innovations-llc-3677833830,"Secure Innovations, LLC","Why Work at SI?
Secure Innovations (SI)
successfully and continuously strives to become experts in the Cybersecurity field by only focusing on Cyber! Because of this, we proudly stand behind our motto, ""We're Not Standard Cyber. We're the Cyber Standard.""
SI was built on the principle that people matter first and foremost. SI believes in providing a strong work/life balance by investing in our employees and encouraging professional and personal growth. We do this by offering exceptional benefits, flexible schedules, and the tools necessary to achieve success through paid training, mentoring, and the opportunity to work alongside top-notch security professionals.
Secure Innovations was recently awarded as
PRIME
on this mission-focused cyber program!
The
Cyber Defense Analyst 2
uses information collected from a variety of sources to monitor network activity and analyze it for evidence of anomalous behavior. Identifies, triages, and reports events that occur in order to protect data, information systems, and infrastructure. Finds trends, patterns, or anomaly correlations utilizing security-relevant data. Recommends proactive security measures. Conducts analysis to isolate indicators of compromise. Notifies designated managers, cyber incident responders, and cybersecurity service provider team member of suspected cyber incidents and articulate the event’s history, status, and potential impact for further action in accordance with the organization’s cyber incident response plan.
The Level 2 Cyber Defense Analyst shall possess the following capabilities:
Use cyber defense tools to monitor, detect, analyze, categorize, and perform initial triage of anomalous activity.
Generate cybersecurity cases (including event’s history, status, and potential impact for further action) and route as appropriate.
Leverage knowledge of commonly used network protocols and detection methods to defend against related abuses.
Apply cybersecurity and privacy principles to organizational require"
help desk manager,Help Desk Manager,23,19,14,it_support,0.766,,2,0.0,https://www.linkedin.com/jobs/view/help-desk-manager-tier-i-at-computer-world-services-corp-cws-3782485384,Computer World Services Corp. (CWS),"Job Description
Computer World Services, Corporation (CWS) is seeking an exceptional candidate to serve as the
Help Desk Manager (Tier I)
for the US Department of Justice (DOJ) Service Desk and information technology (IT) Services for all Civil Division components supported by the Office of Information Technology (OIT). OIT requires support to provide enterprise-level service desk and incidental information technology services in support of OIT’s operational requirements. Services include: Help Desk Support, IT Operations Management and Support, Mobile Support, IT Asset Management, Software Development and Support, IT Security Program Support, IT Incident Response and Reporting, Classified Processing, IT Training Services, Laptop Lending Program Support, Application Services Help Desk, SharePoint Support, Litigation IT Travel Support, Reasonable Accommodation Support, Case Information Management System (CIMS), and Civil Online Relativity Application (CORA) Support, and Copy Center Operations. The Civil Division consists of approximately 2,700 personnel primarily located in the Washington, DC National Capital Region (NCR).
The
Help Desk Manager (Tier I)
for the DOJ CIV Help Desk and IT Support Services is responsible for managing call center operations supporting coverage hours of 24x7x365. The Manager will demonstrate competency in technical areas preferably as a Microsoft Certified Professional (MCP) to ensure that service desk resolution addresses customer IT software and hardware requirements with a foundational and appropriate technical skillset. The
Help Desk Manager (Tier I)
will possess advanced skillsets to assist with resolution of complex issues.
Key Tasks And Responsibilities
Manage Tier I call center operations
Ensure that responses are technically accurate, leverage customer documented guidelines and standard operating procedures (SOPs)
Ensure team is meeting contract SLA standards
Track tickets in IT Service Management ticketing system, ensuring proper"
power platform developer,Power Platform Developer,23,22,19,engineering,0.809,,1,13.0,https://uk.linkedin.com/jobs/view/power-platform-developer-at-kdr-talent-3791864161,KDR Talent,"Power Platform Developer | Bristol office - Hybrid working | Up to £75,000 Base + Benefits
This is a
Power Platform
role for those who want to work in professional services and support the development of the capability. Working across multiple departments you will design and build solutions that help integrate environments. You will also act as the subject matter expert for all things Power Platform. So, if you’re an experienced
Power Platform Developer
and want to be part of a team within a forward-thinking IT division, then look no further.
In this close-knit team; you’ll be responsible for building new apps, flows and dashboards on an existing
Power Platform
. You’ll also have an opportunity to help define and build a Power Platform framework to provide extra value for our client base.
Existing skills you’ll need:
Commercial experience in Power Platform
Have built Power Apps end to end as well as leveraging Power Automate and Power BI
Ideally, you’ll be experienced in other MS tech like Azure, Dataverse.
Hands-on development of end-to-end solutions.
Preferred knowledge in development using the following programming languages: C#, .net, JavaScript, HTML, CSS etc.
3 rd party API integration experience
Why apply?
An opportunity to work for an award winning business who regularly invest in people and have been accredited.
Hybrid working pattern with 2 days in the Bristol office
Uncapped volunteer days
Tailored individual training plans
Private medical insurance and regular socials
What should you expect in return?
Expect to work in a collaborative environment, working with people who have a passion for their work and strive to make a difference to the overall business and their clients. You will feel empowered and valued, encouraged to always deliver your best because you’ll love it!
Hit apply, you don’t even need your most recent CV right now; we’ll be in touch to go through your experience and discuss the opportunity & client in more detail with you.
As an employer"
cyber systems engineer,Cyber Systems Engineer,23,17,5,security,0.756,157000.0,12,0.0,https://www.linkedin.com/jobs/view/staff-cyber-systems-engineer-with-security-clearance-at-clearancejobs-3782604329,ClearanceJobs,"At Northrop Grumman, our employees have incredible opportunities to work on revolutionary systems that impact people's lives around the world today, and for generations to come. Our pioneering and inventive spirit has enabled us to be at the forefront of many technological advancements in our nation's history - from the first flight across the Atlantic Ocean, to stealth bombers, to landing on the moon. We look for people who have bold new ideas, courage and a pioneering spirit to join forces to invent the future, and have fun along the way. Our culture thrives on intellectual curiosity, cognitive diversity and bringing your whole self to work - and we have an insatiable drive to do what others think is impossible. Our employees are not only part of history, they're making history.
As an integral part of our cross-discipline engineering team in Mission Systems that encompasses embedded Systems Engineering, Cybersecurity and Anti-Tamper Engineering. This is an on-site position located in Linthicum, MD. Roles and Responsibilities: * Performing key systems engineering elements to meet a given program's requirements.
Assist with the design and develop system security architectures.
Assist with the definition of key capabilities and performance requirements.
Perform detail trade studies, requirements allocation, and interface definition studies to assist with the translation of customer requirements into hardware and software specifications as they pertain to system security.
Develop an understanding of system interfaces and how to protect them.
Assist with ensuring the product requirements integrate into the total systems solutions that acknowledge technical, schedule, and cost constraints.
Develops modifications to existing products to meet unique customer needs, and supports/leads the development of system security functions.
Support technical work products developed by the larger engineering team, supporting design reviews and integration and test activities as needed"
ai engineer,AI Engineer,23,18,18,ai,0.671,193300.0,4,0.0,https://www.linkedin.com/jobs/view/lead-ai-engineer-at-pristine-ai-3796607486,Pristine AI,"Pristine AI is pioneering a ‘Self-Improving’ Retail enterprise solution platform. We are seeking highly motivated AI/ML engineers to join our team in Woburn, MA. As a Senior AI/ML Engineer, you will leverage Machine Learning, Generative AI, Statistics and Software Engineering to develop and implement solutions that will have a transformational effect on our clients’ financial success and operational efficiency.
Our solutions put the power of AI directly in the decision-makers’ hands and accelerate smarter merchandising and store operations actions. Everyday our SaaS platform receives and learns from 40 million+ new customer interactions, representing 12,000 stores/websites and 30 million customers. Headquartered in Woburn, MA, we are a team of proven innovators, subject-matter experts, and tech pioneers with a collaborative, results-driven mindset.
If you are a creative thinker, a practical problem solver, a hard worker, and a collaborator, who enjoys pushing the boundaries, we encourage you to apply and be a part of our passion. For this role, we are looking for hands-on engineers with solid foundation in AI, Mathematics, Statistics or Computer Science with proven implementation experience. Expertise in Optimization Techniques would be a strong plus.
This is a ‘work from office' role.
Send your resume to career@pristineinfotech.com. Please describe in a few sentences what makes you supremely qualified for this role.
Role: Senior Machine Learning Engineer
Experience: 3
– 6 years
Qualification:
PhD or master’s degree in AI, CS, Math, or Stats from exceptional institutions
Responsibilities:
·         Collaborating with retail experts, solution architects, AI Solution engineers, to implement high impact, enterprise  solutions.
·         Participating in end-to-end solution lifecycle – from problem identification through implementation and ongoing improvement.
·         Understanding business challenges, defining precise problem statements, developing solution approache"
appian developer,Appian Developer,22,21,19,engineering,0.784,,2,4.5,https://www.linkedin.com/jobs/view/senior-appian-developer-at-techtammina-llc-3786349484,TechTammina LLC,"Role: Appian developer
Location: Washington DC
Duration: Long term
Rate: Market
Note: This is day one onsite, Hybrid role (2 days onsite and 3 days remote)
Minimum 6 years of IT experience with 4+ years delivering solutions using Appian.
Experience with Appian 16x/17x/18x/19x/20x/21x versions.
Able to write complex Appian SAIL Code. (Just not drag and drop)
Strong understanding of Appian Objects such as Records, Reports, Tasks, News, Sites, Actions, Expression Rules, Constants, Query Rules, Web API, Interface Rules, CDTs, Process Models. Constants, Decisions, Integrations, Connected Systems, Data Stores, Groups, Feeds etc.
Have worked on end-to-end Appian BPM implementation (Design/Develop/Deploy/Package)
Experience in building frameworks and BPM concepts
Sound Knowledge of Appian Process/Solution and Infrastructure Architecture (Infrastructure Architecture must include knowledge of
Appian In-Memory KDB Engines, Sizing, Scaling Vertically/Horizontally)
Sound Knowledge App Servers such as JBOSS, TOMCAT etc. and Web Servers such as Apache etc.
Expert in user interface development, engineering cross-browser, cross device compliant code
Experience with application delivery using agile methodologies.
Hands- On Experience in writing Appian Plugins (includes Smart Services, Function Plugins and Servlet Plugins), Connected Systems and Component UI Plugins (Preferred)
Experience with Embedded SAIL
Experience with J2EE Design Patterns such as JSPs, Java Servlets, EJBs, JDBC etc.
Strong understanding of JMS Messaging Services, Spring Security Framework and Hibernate Technologies
Broad and deep experience with technologies such as CSS3/HTML5/JavaScript/Angular JS/React JS or latest UI Framework
Expert in user interface development, engineering cross-browser, cross device compliant code
Exposure to RPA, AI and intelligent automation tools
Bachelor's degree in Computer Science or Information technology.
Show more
Show less"
guidewire business analyst,Guidewire Business Analyst,22,5,5,product,0.795,,0,4.5,https://www.linkedin.com/jobs/view/guidewire-business-analyst-at-tata-consultancy-services-3788461079,Tata Consultancy Services,"Job Role - Guidewire Business Analyst
Role Type - Full Time Employment
Location - San Antonio, Tx
Experience Required - 6+ Years
Responsibilities
Experience with the Property & Casualty insurance market, focusing on Policy Center / Claims insurance domain.
Experience with Guidewire Policy Center / Claims Center.
Knowledge of property casualty rating and policy coverages and endorsements
6 to 8+ years related work experience including business processes
Principles of process analysis and project management
Analyzes the highest level and complex business, technical process, system and/or technical problems.
Conducts research, generates comparisons, draws conclusions, makes recommendations and validates solutions to effect transformational change.
Ensures actions are aligned to enterprise strategies; provides insight to assist in business or technical direction.
Collaborates across multiple teams to drive analysis management processes (i.e. business, quality, experience, system). May provide practice, discipline and technical guidance; develops and maintains relationships with other practice owners and discipline leads in order to ensure consistency.
Effectively communicates with customers, team members or other stakeholders to ensure successful outcomes.
SQL knowledge
Show more
Show less"
software quality assurance engineer,Software Quality Assurance Engineer,22,21,21,qa,0.592,125400.0,5,0.0,https://www.linkedin.com/jobs/view/software-qa-engineer-iii-at-winmax-3793663794,WinMax,"Title:
Software QA Engineer III, Req# 17564214
Location: Cupertino,CA(Onsite)
Contract: 12 Month
Job Description
At client we tackle large scale engineering challenges to provide beautiful, intuitive products to our users. To build, maintain, and extend the necessary architecture for these tasks we are looking for an excellent software engineer in test.
For us, algorithms, infrastructure, quality assurance and reporting are tightly integrated. You can expect to interact consistently with senior engineers and researchers. We are able to make reliable progress and deliver world class products because we are committed to code quality, testability and maintainability, critical skills to pick up in the early part of a software engineering career.
Key Qualifications
3+ years' experience as a Software QA Engineer
Proven hands on experience with manual testing
Strong knowledge of software development lifecycle, testing methodologies, QA terminology and processes
Familiar with Python programming, able to maintain automation script running.
Passion for quality, exceptional attention to detail
Excellent written and verbal communication skills, be able to describe and document clearly
Ability to multi-task and manage tasks with varying priorities
Ability to work cross-functionally with other teams and groups
Experience With Computer Vision/video Processing Preferred
Experience with image evaluation and performance testing preferred
Description
As a QA Engineer in this role, you will work closely with software design and development team to understand architectural diagrams, and utilize the information to develop QA strategies.
You will be responsible for designing and maintaining manual test plan used in the testing of computer vision algorithms and applications. This also includes monitoring algorithm performance & testing result analysis, tracking bug reports and driving them to resolution.
Education
BS or MS CS/CE/EE (or equivalent)
Show more
Show less"
cybersecurity operations manager,Cybersecurity Operations Manager,22,3,3,security,0.718,,1,90.9,https://www.linkedin.com/jobs/view/cybersecurity-operations-manager-at-kingland-3786133337,Kingland,"Company Summary
Kingland develops premium, innovative enterprise software for some of the world’s most integral companies. Our products and solutions enable the largest banking & capital markets and public accounting firms to use and manage data better. Our clients support the foundation of the global financial system, helping to ensure fairness, honesty, and transparency on a global stage. We help by solving their complex data problems, and connecting and protecting their critical information. We take pride in our reputation for serving our clients like no one else can.
While we work with clients from all over the world, our unique story began in Clear Lake, Iowa in 1992. To this day, we hold true to our core values of authenticity, excellence, ownership, and creativity – these have been instilled into our culture and remain a key part of how we operate and do business. We provide exceptional opportunities for each of our team members to learn and grow their skills and careers, while also offering flexibility and balance because we recognize that enjoying life and family is a priority. At Kingland we allow employees to “live locally and work globally” by offering many positions the choice of a remote, hybrid, or in-person work approach.
Kingland is growing. We continue to seek individuals with unique skill sets and the desire to work on mission-critical projects in a collaborative and rewarding environment. Explore all the ways that you can join our team of talented individuals and launch yourself into an exciting new adventure at Kingland.
POSITION SUMMARY
| Cybersecurity Operations Manager
The Cybersecurity Operations Manager is responsible for the success of the security and privacy operations activities within the Security Office. The Cybersecurity Operations Manager executes a wide range of duties in ensuring best practices related to security and data privacy are being followed at Kingland. The Cybersecurity Operations Manager is responsible for working with "
technical support manager,Technical Support Manager,22,20,19,it_support,0.698,,1,4.5,https://uk.linkedin.com/jobs/view/technical-support-manager-at-gts-international-3806872014,GTS International,"Job Title:
Manager, Technical Support
About Us: We're on the lookout for a seasoned Technical Support Manager to take the helm of our technical support operations. This pivotal role involves overseeing the entire lifecycle of helpdesk tickets, providing hands-on support to customers and internal teams, crafting technical training materials, and actively participating in the testing of our cutting-edge CCTV products. If you have a solid background in a technical field, particularly within the realms of CCTV or IT, and possess top-notch problem-solving and communication skills, we want to hear from you.
Key Responsibilities:
Helpdesk Oversight:
Steer the lifecycle of helpdesk tickets from initiation to resolution, collaborating with different departments to ensure optimal solutions.
Field calls and emails from customers, offering fault-finding assistance and general technical support. Technical Training and Onboarding:
Develop and deliver technical training programs for engineers and customers.
Provide technical onboarding and guidance to customers, ensuring their proficiency in utilizing our products. Product Evaluation and Testing:
Conduct hands-on testing of CCTV products to detect and resolve faults.
Evaluate, create, and update Field Service guides to boost first-time fix rates and enhance engineer awareness. Communication and Collaboration:
Foster effective communication with field and workshop teams, ensuring they are well-informed and supported. Ideal Candidate Profile:
Previous experience in a customer-facing technical role, preferably within the CCTV or IT industry.
Knowledge and hands-on experience with the maintenance and installation of routers, DVRs, CCTV equipment, or similar technologies.
Proficient in conducting technical conversations, effectively challenging and questioning to ensure optimal outcomes.
Exceptional communication skills, both written and verbal.
Proficiency in Microsoft Office software and the ability to quickly adapt to new software p"
analytics engineer,Analytics Engineer,22,22,22,data,0.686,138320.0,7,9.1,https://au.linkedin.com/jobs/view/senior-analytics-engineer-at-wilson-group-3803230033,Wilson Group,"We are embarking on an exciting journey of data platform modernisation as part of our Microsoft Dynamics 365 implementation. Joining our Data and Analytics team means being at the forefront of driving our business transformation agenda. The Group Data and Analytics team operate as a centralised internal centre of expertise for data and analytics. Working closely with various business units, we ensure seamless integration and effective utilization of data for strategic decision-making.
As the Senior Analytics Engineer, your purpose is to design, construct, and maintain robust data pipelines and infrastructure, enabling our organisation to harness the power of data for informed decision-making and innovation. Collaborating with cross-functional teams, you'll transform diverse data sources into actionable insights, leveraging cutting-edge tools and best practices to ensure data quality, security, and compliance. Your role is pivotal in building the future state of Wilson Group’s data platform on Microsoft Fabric.
As a senior member of the team, you will provide technical mentorship to junior team members, lead workshops, coach on engineering practices, and play a role in Engineering governance. You will play a crucial role in ensuring that our data is accessible, reliable, and usable for various business and analytical purposes. As well as maintaining detailed documentation of data engineering processes, data flows, and configurations.
Responsibilities Include
Highly fluent with SQL giving you proficiency in building data marts and data warehouses in SQL Server. Previous exposure to data cubes is desirable.
Strong understanding of Azure Data Factory, Azure Synapse, and Azure Data Lake.
Competent in SQL, Powershell, Python, pySpark, and data & analytics applications such as SQL Server Management Studio and Azure Data Studio.
Experienced in designing and implementing a cloud-based data lake/warehouse or lake house solution, including ETL/ELT pipelines from multiple sourc"
manufacturing test engineer,Manufacturing Test Engineer,22,21,19,qa,0.752,,1,0.0,https://www.linkedin.com/jobs/view/manufacturing-test-engineer-location-%E2%80%93-st-paul-mn-onsite-at-intellectt-inc-3670955731,Intellectt Inc,"Title Manufacturing Test Engineer
Location St. Paul, MN (Onsite)
Visa Any visa
Key Words
Electrical board / PCB level testing
Trouble shooting
Test fixture design and development
ICT testing
Developing testing using lab view
Develop manufacturing test requirements for new products.
Architect, specify and develop manufacturing test systems and fixtures for deployment into manufacturing for new products.
Develop, maintain, and upgrade test code and applications for automated test systems.
Oversee the design, build and debugging of test systems and fixtures.
Own Test System V&V activities and deploy validated systems to manufacturing.
Develop test system manufacturing procedures and define test limits.
Support existing manufacturing production lines.
Well versed in LabVIEW and test engineering principles.
Ability to translate electrical schematic and design specifications into test requirements, test systems and fixtures, and manufacturing test limits.
Ability to collaborate with peers and be motivated by the success of the overall team.
Ability to self-direct is essential to the success of this position.
Data communications experience with hardware and protocols, for example, UART, SPI, I2C, Ethernet, Bluetooth/BLE, WiFi, etc.
Show more
Show less"
research scientist/engineer,Research Scientist/engineer,22,20,5,ai,0.702,,14,0.0,https://www.linkedin.com/jobs/view/research-scientist-engineer-1-at-university-of-washington-3775184111,University of Washington,"Req #: 211202
Department: DEPARTMENT OF MEDICINE: NEPHROLOGY
Posting Date: 02/09/2023
Closing Info: Open Until Filled
Salary: $3887 - $7765 per month
Shift: First Shift
Notes:
As a UW employee, you will enjoy generous benefits and work/life programs. For detailed information on Benefits for this position, click here. (https://hr.uw.edu/wp-content/uploads/sites/3/2018/02/benefits-professional-staff-librarians-academic-staff-20230119_a11y.pdf)
As a UW employee, you have a unique opportunity to change lives on our campuses, in our state and around the world. UW employees offer their boundless energy, creative problem solving skills and dedication to build stronger minds and a healthier world.
UW faculty and staff also enjoy outstanding benefits, professional growth opportunities and unique resources in an environment noted for diversity, intellectual excitement, artistic pursuits and natural beauty.
The Department of Medicine: Nephrology has an outstanding opportunity for RESEARCH SCIENTIST/ENGINEER 1 to join their team.
The Freedman Lab has an excellent opportunity for a Research Scientist/Engineer I. This position will be involved in human pluripotent stem cell culture and differentiation with bioengineering, microfluidics, and pre-clinical animal models to build next-generation models of human kidney regeneration and disease.
Duties And Responsibilities
Cell culture – extensive culture of pluripotent stem cell lines and organoids.
Microscopy – immunofluorescence, confocal, wide-field, live cell.
Construction of kidney-on-a-chip devices mimicking kidney nephrons.
Genome editing – guide RNA construction, transfection, screening.
Isolation of DNA, RNA, and protein from cell lines.
Drug discovery – design and execution of high throughput screening assays.
Biochemistry and molecular biology – qPCR, electrophoresis, immunoblotting, cloning.
Computing and analysis – Illustrator, Powerpoint, Excel, Word, ImageJ, HTML.
Complex data set analysis.
Presentation and participatio"
gameplay programmer,Gameplay Programmer,22,21,15,engineering,0.757,,3,0.0,https://au.linkedin.com/jobs/view/gameplay-programmer-at-gameloft-brisbane-3797332558,Gameloft Brisbane,"Company Description
Gameloft Brisbane
, part of the global Gameloft family, opened in 2014 and since then has released Zombie Anarchy, Ballistic Baseball, My Little Pony Mane Merge, and multi-award-winning The Oregon Trail™. In 2022, Gameloft Brisbane was announced as the winner of the coveted ‘Studio of the Year’ at the Australian Game Developer Awards (AGDAs).
We believe the keys to success are a great studio culture and finding a balance in everything we do, whether it's working with great people on exciting projects or enjoying the incredible lifestyle of Queensland Australia.
We're setting our sights on an exciting new direction in game development, embracing the challenges and opportunities of cross-platform innovation. As pioneers in leading Brisbane's game development landscape, we're dedicated to crafting immersive experiences that transcend traditional boundaries and engage players across diverse platforms. As we venture into this exciting phase, we're also expanding our talented team to bring to life a range of unannounced projects.
Job Description
As a Gameplay Programmer, you will be joining a highly collaborative and talented team and be responsible for prototyping and production of new games for mobile and other platforms, and will work with well-known licences!
Responsibilities
Create gameplay features in our new and exciting projects
Work closely and collaboratively with designers to create detailed feature specifications
Take ownership of gameplay features implementation
Design and implement innovative solutions to solve creative and technical challenges
Write clean, robust and reusable code and create documentation where required; debug, diagnose and fix code issues
Rapidly prototype and write final code
Independently use documentation and guides to complete work or overcome impediments
Take active role in providing time estimates and task breakdowns
Provide feedback to other programmers and mentor junior programmers as appropriate
Qualifications
"
ui developer,UI Developer,21,21,21,engineering,0.753,,0,0.0,https://www.linkedin.com/jobs/view/ui-developer-at-lorven-technologies-inc-3758437778,Lorven Technologies Inc.,"Job Title: UI Developer
Location: New York, NY
Job Description
Primary Responsibilities:
Develop prototypes and full-featured internal and client-facing web applications using React, Bootstrap, CSS/Sass, npm, typescript, and JavaScript / ECMAScript.
Develop user interfaces from wireframes.
Work with middle-tier developers for API interactions.
Work closely with the Software Engineering managers, Project Management, and Quality Assurance staff on technical projects and assignments.
Perform coding, debugging, testing and troubleshooting throughout the application development process.
Gather and document user requirements when required.
Provide accurate estimates for the team’s requirements, design, development and testing efforts.
Adhere to the company’s SDLC policies regarding source code control, code peer reviews, sign off, and release promotions.
Requirements
Bachelor’s degree in Software Engineering, Computer Science or a related field of study.
5+ years of experience in UI software development using React.
5+ years of experience in financial services or a related field.
Nice to have technologies: Java, Spring Boot, REST API development and SQL.
Ability to work independently and in a group.
Ability to work in a fast paced environment, and manage multiple tasks.
Adaptable, willing to learn new things and take on new challenges.
Team player who will contribute to the company's culture of collaboration, accountability, and above-expectations performance.
Excellent communication skills (both verbal and written).
Note
THESE EMAILS ARE GENERATED BY KEYWORD AND I APOLOGIZE IF THESE SKILLS SETS DO NOT MATCH YOUR EXPERTISE, OR IF THE LOCATION IS OUT OF RANGE.
We do have other opportunities available. If you are interested, please send me your latest resume.
If you are not currently seeking employment, or if you would prefer, I contact you at some later date, please indicate your date of availability so that I may honor your request.
Show more
Show less"
mobile engineer,Mobile Engineer,21,19,18,engineering,0.717,,1,14.3,https://www.linkedin.com/jobs/view/mobile-engineer-at-rapid-consulting-services-3798611971,Rapid Consulting Services,"Job Description
A mid Level Mobile Engineer is engaged in the full spectrum of product development, working with a team to write great software and build engaging products.
They have 3+ years of mobile engineering in iOS or Android.
Technologies necessary include (Kotlin, Jetpack, Swift, JAVA, Redux, etc.)
senior Level Mobile Engineer
A senior Level Mobile Engineer is engaged in the full spectrum of product development, working with a team to write great software and build engaging products.
They have 5+ years of mobile engineering in iOS or Android.
Technologies necessary include Kotlin, Jetpack, Swift, JAVA, Redux, etc. They generally oversee other Mobile Engineers and development teams.
Show more
Show less"
account executive,Account Executive,21,9,7,security,0.784,,1,4.8,https://www.linkedin.com/jobs/view/account-executive-it-cyber-security-at-impact-networking-llc-3768434728,"Impact Networking, LLC","Description
Impact is hiring B2B Technology Accounts Executives for our Nationally ranked Best and Brightest Workplace!
The main responsibilities of an Account Executive will be evaluating prospective clients with discovery, analysis, and ultimately recommendations of strategic solutions. These solutions will leverage Impact’s Managed Services to address the core challenges and objectives that are uniquely identified for each customer.
The Account Executive will have the ability to solve business problems, drive innovation and consult on long-term business roadmaps for our clients by following our consultative and thorough sales process. As an Account Executive you will:
Solve Business Problems
- Conduct discovery with clients to identify business needs as is pertains to IT, Cyber Security, Digital Transformation & Marketing. Translate into a recommendation that brings together the solution and the value to the organization.
Drive Innovation
- Bring precision to a client's decision-making process by presenting and evaluating solution options and aligning decision makers.
Become a Trusted Business Advisor
- Exhibit through storytelling and our Business Transformation Assessment how addressing business challenges, providing solutions for these challenges and future proofing an organization is possible through a long-term partnership. This includes but is not limited to the delivery of executive-level presentation and demonstrations and construction of a long-term Digital Transformation business roadmap.
Responsibilities
Manage assigned territory and development of new business
Validate and work through new business needs that come through our lead generation platform, sales development team, and your own personal prospecting efforts within your territory
Conduct prospective client first-call virtual and in-person meetings.
The ability to discuss our Managed IT, Cyber Security, Digital Transformation and Marketing programs by explaining the benefits and capabilities of"
firmware design engineer,Firmware Design Engineer,21,10,8,engineering,0.766,,2,4.8,https://www.linkedin.com/jobs/view/senior-firmware-design-engineer-at-leidos-3803346147,Leidos,"Description
Dynetics, a wholly owned subsidiary of Leidos, is seeking a talented
Embedded Design Engineer with
a focus on FPGA development
to join a diverse team to create unique solutions for complex problems. With offices across the United States engaging in the defense, space, cyber and commercial fields, Dynetics provides responsive, cost-effective engineering, scientific and IT solutions.
The Product Engineering Department is a design-focused group of engineers specializing in advanced hardware-based solutions. The individual selected for this position will be an experienced FPGA firmware design engineer with varied technical interests and demonstrated engineering skills. The individual must be a self-starter with experience working with inter-disciplinary teams to solve challenging technical problems. The engineer will work closely with electronics integrated into a diverse range of aerospace and military systems including manned/unmanned ground/air vehicles, missiles, defensive radars, and space systems.
The Selected Candidate Will Be Expected To
Develop architectures from system requirements for FPGA implementation
Implement complex algorithms targeting FPGAs
Use VHDL for synthesizable logic design requiring HDL description
Provide technical oversight and mentorship to develop team members
Provide design inputs to board designers during development of custom hardware utilizing FPGAs
Actively participate in development and improvement of organizational practices for FPGA firmware development
Provide up to system-level input to program leadership during the planning and execution of engineering projects
The ideal candidate will thrive in a learning environment that encourages leadership and technical growth.
Basic Qualifications
Bachelors of Science degree in Electrical Engineering, Computer Engineering, or equivalent degree from an ABET-accredited institution with 12+ years of experience or 10+ years with MS degree
Experience in FPGA firmware development from"
robotics software engineer,Robotics Software Engineer,21,20,13,engineering,0.751,170000.0,7,4.8,https://www.linkedin.com/jobs/view/robotics-software-engineer-at-anduril-industries-3799964366,Anduril Industries,"Anduril Industries is a defense technology company with a mission to transform U.S. and allied military capabilities with advanced technology. By bringing the expertise, technology, and business model of the 21st century’s most innovative companies to the defense industry, Anduril is changing how military systems are designed, built and sold. Anduril’s family of systems is powered by Lattice OS, an AI-powered operating system that turns thousands of data streams into a realtime, 3D command and control center. As the world enters an era of strategic competition, Anduril is committed to bringing cutting-edge autonomy, AI, computer vision, sensor fusion, and networking technology to the military in months, not years.
The Vehicle Autonomy (Robotics) team at Anduril develops aerial and ground-based robotic systems. The team is responsible for taking products like Ghost, Anvil, and our Sentry Tower from paper sketches to operational systems. We work in close coordination with specialist teams like Perception, Autonomy, and Manufacturing to solve some of the hardest problems facing our customers. We are looking for software engineers and roboticists excited about creating a powerful robotics stack that includes computer vision, motion planning, SLAM, controls, estimation, and secure communications.
WHAT YOU'LL DO
Write and maintain core libraries (frame transformations, targeting and guidance, etc.) that all robotics platforms at Anduril will use
Own feature development and rollout for our products - recent examples include building a Software-in-the-Loop simulator for our Anvil product, characterizing and improving Ghost helicopter battery consumption with route planning, designing an autofocus control system for IR cameras.
Design, evaluate, and implement sensor integrations that support operation by both human and autonomous planning agents.
Work closely with our hardware and manufacturing teams during product development, providing quick feedback that contributes to th"
information security engineer,Information Security Engineer,21,21,19,security,0.78,120000.0,3,9.5,https://www.linkedin.com/jobs/view/information-security-engineer-iii-at-simmons-bank-3639999505,Simmons Bank,"It's fun to work in a company where people truly BELIEVE in what they're doing!
We're committed to bringing passion and customer focus to the business.
Position Summary
Information Security Engineers are responsible for the design, implementation and maintenance solutions that protect our customers and data. You’ll join a team of associates dedicated to keeping adversaries out of the corporate network by taking steps to ensure the confidentiality, integrity and availability of Simmons information systems.
Essential Duties And Responsibilities
Designs, implements, and monitors information security systems
Identifies and defines system security requirements
Designs computer security architecture and develops detailed cybersecurity designs
Evaluates new technologies and processes that enhance security capabilities
Prepares and documents standard operating procedures and protocols
Configures and troubleshoots security infrastructure devices
Communicates security concerns to management in a timely manner
Provides security guidance for other technology and business projects to ensure their security
Provides assistance to system users related to information systems security matters
Acts as a resource for direction, training and guidance for less experienced staff
Maintains knowledge with emerging technologies and advancements within Information Security
Takes initiative and responsibility for achieving desired results
Qualifications
To perform this job successfully, an individual must be able to perform each essential duty satisfactorily. The requirements listed below are representative of the knowledge, skill, and/or ability required.
Skills
Ability to read and interpret documents such as procedure manuals, general business correspondence and/or journals or government regulations
Ability to write simple correspondence
Ability to effectively present information in one-on-one and small group situations, to customers, clients and other employees in the organization
Must be a"
healthcare data analyst,Healthcare Data Analyst,21,21,17,data,0.738,72149.0,7,19.0,https://www.linkedin.com/jobs/view/healthcare-data-analyst-ii-at-boston-children-s-hospital-3804433400,Boston Children's Hospital,"This Healthcare Data Analyst II will be responsible for…
Researching, designing, developing, implementing, and maintaining reporting and analytical facilities in the context of the hospital's clinical and/or financial systems. Collaborating with clinical and administrative staff to ensure that reports are timely, accurate, meaningful, and interpretable. Ensures that analyses and reports provide detailed, specific data regarding performance of individuals, teams, programs, divisions, and the department as a whole.
Generating reports from a variety of internal and external sources, including benchmarking databases e.g. PHIS, PACT, and specialty-specific registries.
Performing standardized data validation activities to ensure the highest quality information for decision-making.
Using visualization tools and techniques creates dashboards and reports for decision-making.
Building new databases as needed, and maintaining a valid and accurate data repository to ensure availability of required information. Advising on the development of data collection and management systems. Defining specifications for key data elements, data collection procedures, and integrity of databases. Improving and maintaining the production environment for tasks and applications.
Providing analyses and reports of performance indicators, providing trended data using statistical process control or other appropriate epidemiological techniques.
Interpretation of data and provides team with data-driven recommendations.
To qualify you must have…
High School Diploma / GED (required)
Bachelor's Degree in Computer Science, Data Analytical field such as Economics, MPH, or Data Analytics Boot Camp (preferred)
2 years’ experience using Data Analytics tools (required)
Proficiency in Python.
Prior hands-on experience with machine learning and Natural Language Processing (NLP) is a plus.
Proficient in SQL syntax and coding practices. Experience with dimensional data modeling concepts used in data warehousing, bu"
pega developer,Pega Developer,21,16,15,engineering,0.816,107120.0,3,0.0,https://www.linkedin.com/jobs/view/senior-pega-developer-at-smart-bot-systems-llc-3766829429,Smart Bot Systems LLC,"Position Title : Senior Pega developer
Work Location : Las Vegas, NV
Summary Of Essential Job Functions
Architecture and Design of Pega CDH ( not interested in resource who only knows Pega WCM or other Pega solutions)
Expert in PegaRULES engine
Expert in Pega Financial Frameworks
Enterprise Application System Understanding
Demonstrated strong experience in Pega's Customer Decision Hub and how components such as Proposition Management, Predictive Analytics, and Interaction History are used to create next best action decision strategies.
Full life cycle application/Agile development
Lead technical design, code, and debug applications in Pega and various software languages.
Ability to optimize runtime for Pega strategies.
Support, maintain, and document software functionality.
Maintain compliance standards.
Perform other duties as assigned.
Position Requirements
At least 4+ years of experience working with Pega's Customer Decision Hub.
At least 10+ year of programming and software development life cycles (Waterfall, Agile, Scrum).
Knowledge of relational databases (SQL Server, PLSQL structure and development)
Prefer knowledge of Java, J2EE, JBoss, ADO, HTML, HTML5, JSON, JSP, JavaScript, Web services, SOAP, Rest, XML, ASP, SQL Server, Oracle, UNIX, Linux, Tomcat, OWL, AJAX, and others as defined
BA/BS in Computer Science or Software Engineering.
Certification as Certified system architect is a must.
Show more
Show less"
controls systems engineer,Controls Systems Engineer,21,13,12,devops,0.735,,2,0.0,https://au.linkedin.com/jobs/view/controls-systems-engineer-at-arctree-recruitment-3802887853,ArcTree Recruitment,"The Role
Responsibilities
Our client seeks an experienced and enthusiastic Control Systems Engineer to join their close-knit team to deliver real solutions. Your extensive control systems experience will see you design, develop, maintain, implement, and program new and existing industrial systems. Those systems are implemented into projects in a wide range of industries including oil and gas, power generation, renewables, water, building management systems, and government. You will also be responsible for:
Guiding stakeholders in providing fit-for-purpose and accurate engineering services for projects
Identifying and reporting on risks and hazards
Identifying opportunities to leverage new tools or techniques to improve the team’s efficiency and productivity
Keeping up to date with vendor technologies, maintaining currency of professional and technical knowledge
About You
Skills
You will be a highly flexible, hands-on, and results-driven professional who is dedicated to delivering work to a high-quality standard and on time. Your demonstrated background in Controls Systems Engineering and your ability to successfully meet deadlines will see you excel in this role. As a successful candidate, you will possess the following skills and attributes:
Relevant Engineering Degree
Experience in Functional Designs, Specification development
Proficient in SCADA and HMI Configuration
Knowledge of PLC platforms like Rockwell (incl View SE), Allen Bradley, Citect, Miri Telemetry, and Ignition
Knowledge of Safety Systems
Experience in Greenfield Design of Automation Systems
Experience in troubleshooting, fault finding, and commissioning of automation systems, instrumentation, and VSDs
REWARDS AND BENEFITS
Excellent salary package consisting of a Base Salary + Super
Opportunities for continuous development and growth in an industry-leading company
The opportunity to be part of exciting and diverse projects
Supportive team environment and secure employment
Our Client
Our client is a p"
full stack software engineer,Full Stack Software Engineer,21,17,14,engineering,0.692,150000.0,3,14.3,https://ca.linkedin.com/jobs/view/senior-full-stack-software-engineer-at-manulife-3803484190,Manulife,"We are a leading financial services provider committed to making decisions easier and lives better for our customers and colleagues around the world. From our environmental initiatives to our community investments, we lead with values throughout our business. To help us stand out, we help you step up, because when colleagues are healthy, respected and meaningfully challenged, we all thrive. Discover how you can grow your career, make impact and drive real change with our Winning Team today.
Working Arrangement
At Home
Job Description
Join our Group Benefits Technology Team!
About Our Team
We are building with some outstanding technology including JavaScript, React, Redux, Node, GraphQL, CosmosDB, and more.
We are looking for a Full Stack Engineer to join our team to help us with our goal of building best in class experiences for our customers. This means not just writing software with our tech stack but also collaborating with our quality and technical engineers as a team that cares about quality software. We want you to be proud of the code you are writing and proud of the team you are working with!
Responsibilities
Understand the eco-system of backend to front end and make suggestions to our technical strategy to iteratively deliver value and modernize our tech stack to take it to the next level!
Engineer and test high quality React UIs and Node APIs using a mix of internal and open-source libraries.
Pair program with other software engineers to learn, coach, and mentor.
Consume and contribute to open source and inner source projects.
Help us build up our performance and reliability story using tools like New Relic, Dynatrace and Moogsoft for performance monitoring, end-to-end logging, and other telemetry data.
Enjoy your job!
Requirements
5+ years Full Stack development experience preferred.
Lead the team in both quality and in developing standard processes
Innovate on solutions within the value stream
JavaScript, React, and Redux for application development.
Exp"
industrial security analyst,Industrial Security Analyst,21,21,4,security,0.856,,19,0.0,https://www.linkedin.com/jobs/view/principal-industrial-security-analyst-3-at-northrop-grumman-3795909315,Northrop Grumman,"At Northrop Grumman, our employees have incredible opportunities to work on revolutionary systems that impact people's lives around the world today, and for generations to come. Our pioneering and inventive spirit has enabled us to be at the forefront of many technological advancements in our nation's history - from the first flight across the Atlantic Ocean, to stealth bombers, to landing on the moon. We look for people who have bold new ideas, courage and a pioneering spirit to join forces to invent the future, and have fun along the way. Our culture thrives on intellectual curiosity, cognitive diversity and bringing your whole self to work - and we have an insatiable drive to do what others think is impossible. Our employees are not only part of history, they're making history.
Northrop Grumman Missions Systems sector is seeking a
Principal Industrial Security Analyst 3
to join our team of qualified, diverse individuals. This position will be located in San Diego, CA.
Roles and Responsibilities: Develops, and administers security programs and procedures for classified or proprietary materials, documents, and equipment. Studies and implements federal security regulations that apply to company operations. Obtains rulings, interpretations, and acceptable deviations for compliance with regulations from government agencies. Prepares manuals outlining regulations, and establishes procedures for handling, storing, and keeping records, and for granting personnel access to restricted records and materials. Conducts security education classes and security audits. Investigates security violations and prepares reports specifying preventive action to be taken. Performs classified document control. Participates in security self-inspections and U.S. Government security inspections.
Basic Qualifications
Bachelors and minimum of 6 years of Industrial Security or related experience or MS Degree and 4 years of Industrial Security or related. An additional 4 years of applicable work"
servicenow business analyst,Servicenow Business Analyst,21,19,18,product,0.785,93075.0,4,19.0,https://www.linkedin.com/jobs/view/servicenow-business-analyst-at-spectraforce-3789700457,SPECTRAFORCE,"Role:ServiceNow Business Analyst
Location: Chicago, IL (Hybrid)
Duration: 06+ Months
Project Overview
The ServiceNow Business Analyst is responsible for gathering IT and business stakeholder requirements related to ServiceNow and partnering with the ServiceNow Application Architect and development team to transform the requirements into a viable solution. This BA will be working on the following initiatives: Data Integrity, Onboarding Module implementation
QUALIFICATIONS (Must Haves)
At least 3 years in a ServiceNow business analyst role Deep knowledge of ITSM processes, including Request Management, Change Management, Configuration Management, Incident Management and Problem Management. Experience working in a global setting Excellent communication skills (both written and verbal) Strong interpersonal skills. Ability to build positive relationships with key stakeholders. Strong analytical and problem solving skills. You have a Bachelor’s Degree and bring 5+ years of experience with the ServiceNow platform
You have experience with the ServiceNow modules and capabilities including ITSM, ITAM, ITOM, CSDM, CMDB, Discovery, DevOps, APM, Vulnerability, HR, GRC and Integration HUB. Onboarding module and
You have a background working within the ITIL and IT Service Management discipline
You have demonstrated experience documenting process designs to meet organizational goals, improve efficiency and reduce risk
You are able to present and influence all levels of management and executive leadership
You have demonstrated commitment to continual learning of ServiceNow best practices and standards including actively participating in the ServiceNow community forums.
Deep knowledge and experience in understanding enterprise requirements necessary to successfully implement a complex SaaS or PaaS solution including a strong appreciation for understanding security, data, and business usage requirements
Advanced knowledge in strategic solution delivery models to ensure products and/or"
snowflake developer,Snowflake Developer,21,20,15,engineering,0.857,,0,0.0,https://www.linkedin.com/jobs/view/snowflake-developer-at-synechron-3796726695,Synechron,"Job Details:
Summary:
We are seeking a highly skilled
Snowflake Developer
to join our team. As a Snowflake Developer, you will be responsible to work independently and make sure to deliver assigned tasks within limited time frame. You should have strong experience in Payment Domain along with required skills i.e., Python, Linux, Docker etc.
Responsibilities:
Able to provide architecture, design, implementation and operationalization of large-scale data and analytics solutions on Snowflake Cloud Data Warehouse
Provide production support for Data Warehouse issues such data load problems, transformation translation problems.
Able to translate mapping specifications to data transformation design and development strategies and code, incorporating standards and best practices for optimal execution.
Able to work on data pipelines and modern ways of automating data pipeline using cloud based testing and clearly document implementations
Able to perform code reviews to ensure fit to requirements, optimal execution patterns and adherence to established standards.
Able to develop EL pipelines in and out of data warehouse using combination of Databricks, Python and SnowSQL.
Able to provide data ingestion and processing pipelines using Python, Databricks, SnowSql
Able to Establish and monitor Operational Level Agreements for the health and performance/cost of the warehouse environment (Loads, queries, data quality)
You are:
The ideal candidate will have strong Snowflake, Python and SQL.
Overall 10+ years of experience is required.
Minimum 3 years of experience in design and implementation of large-scale data solution on Azure Snowflake Data Warehouse
Hands-on experience with Snowflake utilities such as SnowSQL, SnowPipe, Python, Tasks, Streams, Time travel, Optimizer, Metadata Manager, data sharing, and stored procedures.
Good experience in Data warehousing - OLTP, OLAP, Dimensions, Facts, and Data modeling
Good knowledge of MS Azure configuration items with respect to Snowflake
"
sap abap developer,SAP Abap Developer,21,20,16,engineering,0.82,100880.0,3,4.8,https://www.linkedin.com/jobs/view/sr-sap-abap-developer-at-diverse-lynx-3764425153,Diverse Lynx,"Location : New Jersey
Years of Experience : 8 - 10 Years
Job Summary
As a SAP Technical ABAP Developer, you will be responsible for developing and implementing custom solutions in SAP using ABAP programming language. You will work closely with functional consultants and end-users to understand business requirements and translate them into technical specifications. Additionally, you will be responsible for supporting existing systems and ensuring smooth operation of SAP applications.
Key Responsibilities
Develop and maintain custom ABAP programs and reports, including enhancements, user exits, and BADI implementations.
Design, develop and maintain SAP interfaces using various technologies such as RFC, IDoc, ALE, and Web services.
Should have expertise in ABAP debugging and performance tuning .
Work on Smart Form and Adobe Forms.
Should have experience working in upgrade project and managing SPAU & SPDD activities.
Strong understanding of SAP modules such as SRM, MM, FI.
Develop and maintain custom workflow.
Collaborate with functional consultants and end-users to understand business requirements and provide technical solutions that meet their needs.
Analyze and troubleshoot technical issues, and provide resolutions to ensure systems are running smoothly.
Keep up-to-date with the latest SAP technologies and apply them to improve system performance and efficiency.
Develop and maintain technical documentation related to ABAP developments, interfaces, and data dictionaries.
Diverse Lynx LLC is an Equal Employment Opportunity employer. All qualified applicants will receive due consideration for employment without any discrimination. All applicants will be evaluated solely on the basis of their ability, competence and their proven capability to perform the functions outlined in the corresponding role. We promote and support a diverse workforce across all levels in the company.
Show more
Show less"
/ systems engineer,/ Systems Engineer,20,19,5,devops,0.818,128650.0,15,0.0,https://www.linkedin.com/jobs/view/principal-sr-principal-systems-engineer-with-security-clearance-at-clearancejobs-3805758877,ClearanceJobs,"At Northrop Grumman, our employees have incredible opportunities to work on revolutionary systems that impact people's lives around the world today, and for generations to come. Our pioneering and inventive spirit has enabled us to be at the forefront of many technological advancements in our nation's history - from the first flight across the Atlantic Ocean, to stealth bombers, to landing on the moon. We look for people who have bold new ideas, courage and a pioneering spirit to join forces to invent the future, and have fun along the way. Our culture thrives on intellectual curiosity, cognitive diversity and bringing your whole self to work - and we have an insatiable drive to do what others think is impossible. Our employees are not only part of history, they're making history. Northrop Grumman is currently seeking a Principal / Sr. Principal Systems Engineer - Requirements and System development w/ Security Clearance to work with our talented Advanced Weapons team in Northridge, CA. The ideal candidate will be supporting one of our Advanced Programs for analyzing, developing, and managing the system, subsystems, and component requirements for our missile system. This position will require close collaboration with team members of other projects to leverage on existing technology as well as working with the program team to innovate system architecture to adapt to the industry and customer's needs. In this role, the selected candidate will (but not be limited to): * Support requirements development, management, analysis, and traceability, to translate customer requirements and CONOPS into systems requirements, and further allocate to lower-level requirements (e.g., subsystem, software, hardware, programmable logic).
Perform functional analysis and systems trade studies for technical solutions with respect to concept, design, fabrication, test, installation, operation, and maintenance.
Assist with the generation of well-defined and executable system and subsystem re"
azure cloud engineer,Azure Cloud Engineer,20,20,17,devops,0.737,122720.0,4,15.0,https://www.linkedin.com/jobs/view/azure-cloud-engineer-at-motion-recruitment-3779717361,Motion Recruitment,"A Philly based software company is looking to hire an Azure Cloud Engineer to design and implement their cloud environment. This is currently a hybrid environment and they are looking for an Engineer who can migrate, upgrade, and design Azure solutions. You will be working with multiple Azure solutions including compute, network, identity management, and M365.
In this role, you will be working closely with development, database, and network teams to ensure Cloud technologies are implemented and engineered properly to better the business. The ultimate goal of this role is to design and deploy secure Cloud solutions. You will be playing a critical role within the company so they need someone who can hit the ground running and is up for a challenge. Required Skills & Experience
3-5 Years’ Azure Cloud Expertise
Experience with on prem, virtual, and Cloud servers, Windows
Azure Compute Expertise, IaaS, migrations, engineering
Azure Networking Experience, Virtual WAN, Azure Firewall
M365 Expertise, Active Directory, O365, GPOs, etc.
Scripting Experience, powershell, bash, python
Desired Skills & Experience
SaaS Exposure
Azure or VMware Certifications
What You Will Be Doing Tech Breakdown
60% Cloud
30% Virtual
10% On Prem
Daily Responsibilities
50% Engineering
40% Design
10% Administration
The Offer You will receive the following benefits
4+ Weeks PTO
401k Company Match
Full Benefits Package
Bonus Potential
Excellent Company Culture
Applicants must be currently authorized to work in the US on a full-time basis now and in the future.
Posted By:
Kayla Plasha
Show more
Show less"
manager software engineer,Manager Software Engineer,20,19,8,engineering,0.786,172200.0,16,5.0,https://www.linkedin.com/jobs/view/manager-software-engineering-3-at-northrop-grumman-3798240350,Northrop Grumman,"At Northrop Grumman, our employees have incredible opportunities to work on revolutionary systems that impact people's lives around the world today, and for generations to come. Our pioneering and inventive spirit has enabled us to be at the forefront of many technological advancements in our nation's history - from the first flight across the Atlantic Ocean, to stealth bombers, to landing on the moon. We look for people who have bold new ideas, courage and a pioneering spirit to join forces to invent the future, and have fun along the way. Our culture thrives on intellectual curiosity, cognitive diversity and bringing your whole self to work - and we have an insatiable drive to do what others think is impossible. Our employees are not only part of history, they're making history.
Northrop Grumman Aeronautics Systems has an opening for a
Manager, Software Engineering 3
, to join our team of qualified, diverse individuals. This position is located on site in
Melbourne, FL.
The successful candidate will be responsible for leading software deliverables from proposal through delivery and sustainment. Responsibilities include ensuring the deliverables meet technical quality, cost and schedule as well as managing the overall staffing for the Program Software Team.
A successful candidate will have the qualities and essential functions:
Develop plans to meet quality, cost & schedule objectives for all software deliverables.
Incorporating modern software agile methodologies to increase efficiency and quality.
Managing the software staffing profile for a software team of 50+ software engineers
Excellent communication, mentoring, interpersonal skills, and the ability to collaborate with senior management, peers, and employees.
Mentor, develop, and train team members.
Basic Qualifications
Bachelor of Science degree in a STEM (Science, Technology, Engineering, Math) discipline with 9 years of technical engineering experience, or Master of Science degree in a STEM (Science, Techn"
model based systems engineer,Model Based Systems Engineer,20,18,16,devops,0.774,,0,5.0,https://www.linkedin.com/jobs/view/sr-model-based-systems-engineer-mbse-enkg23060-at-air-combat-effectiveness-consulting-group-ace-group-llc-3782090863,"Air Combat Effectiveness Consulting Group (ACE Group), LLC","Description
POSITION DESCRIPTION AND RESPONSIBILITIES:
A Senior Model-Based System Engineer will support the execution of an advanced research and development program in system engineering/digital engineering. Support the engineering team to establish and manage digital representations of the weapon system’s technical baselines. Guide the analysis and synthesis of Requirements, Interfaces, Behavior, Structure and Parametrics (RIBS-P) across the weapon systems technical baselines utilizing Model-Based Systems Engineering (MBSE)/SysML and various modeling and simulation tools. Provide support in establishing the foundation of a digital engineering environment across various tools and classification levels in support of program priorities. Guide and manage the implementation of the necessary methods, process, tools, training, and network data transfers to establish an efficient, synchronized, and cohesive digital engineering environment across Government and Industry reconciled against the authoritative source of truth.
Perform the following using MBSE tools/methods: requirements analysis/synthesis, requirements definition and management, function analysis, performance analysis, system design and trade study analysis, system integration and verification modeling and overall model of model’s validation. Provide support in establishing a technical foundation to create on-ramps to rapidly integrate new capabilities, develop program descriptions/plans, and establish integrated roadmaps in support of program priorities. Guide the development of the necessary model views required to obtain Government SME and stakeholder concurrence on technical baseline content to place under change and version control.
Requirements
MINIMUM TANGIBLE REQUIREMENTS:
Masters or PhD in Engineering from an accredited college or university
Experience cannot be substituted for education
10+ years of experience in Digital Engineering and MBSE
Strong knowledge in system engineering and design for mili"
aem developer,Aem Developer,20,17,15,engineering,0.815,,1,5.0,https://au.linkedin.com/jobs/view/aem-developer-at-ejamerica-3797290432,eJAmerica,"Job Description:
We are seeking a skilled and experienced AEM Developer to join our dynamic team. As an AEM Developer, you will be responsible for designing and building components, templates, dialogs, and workflows using the Adobe Experience Manager (AEM) architecture, including Sling, CRX, OSGI, and JCR. Your role will also involve preparing platform setups and other project standard documents for AEM projects, as well as developing strong relationships and technical understandings with clients.
Key Responsibilities:
Design and build components, templates, dialogs, and workflows using the AEM architecture (Sling, CRX, OSGI, JCR).
Prepare platform setups and other project standard documents for AEM projects.
Develop and maintain good relations and technical understanding with clients.
Configure websites and develop various dynamic components in AEM.
Participate in software design, development, and implementation using standard WCM and/or eCommerce platforms such as Adobe AEM (CQ), SDL Tridion, Sitecore, Fatwire, CrownPeak, hybris, Oracle/ATG Demandware, Intershop, and IBM WebSphere Commerce.
Serve as a subject-matter expert and be the ""go-to"" person for key disciplines.
Demonstrate experience in large-scale applications.
Translate experience in CQ5 implementations into meaningful client insights.
Have an understanding of Java in the context of CQ5 and overall best CQ5 practices.
Collaborate with project leadership to execute implementations and provide technical guidance.
Mandatory Skills:
AEM architecture (Sling, CRX, OSGI, JCR)
Good to Have Skills:
Front-end skills (CSS, JavaScript, HTML)
Qualifications:
Bachelor's degree in Computer Science, Information Technology, or related field.
Proven experience in AEM development, with a focus on architecture and implementation.
Strong understanding of standard WCM and eCommerce platforms.
Excellent communication and collaboration skills.
Ability to work on large-scale applications and provide technical leadership.
If you "
ux developer,UX Developer,20,11,10,design_ux,0.69,,2,5.0,https://www.linkedin.com/jobs/view/ui-ux-developer-at-adame-services-llc-3665705428,Adame Services LLC,"UI/UX Developer - 8+ exp
Location: Charlotte, NC
Contract: 18 months to 2 years
Job Summary
We are looking for an UI Developer with proven interests and capabilities in development of responsive user interfaces.
The ideal candidate will thrive in a work environment that requires strong problem solving skills and independent self-direction, coupled with an aptitude for team collaboration and open communication.
A thorough understanding of contemporary user-centered design methodologies is a must.
Main Responsibilities
Overall responsibility for understanding a users brief and converting that into Intuitive user interfaces
Capable of working directly with users in an iterative/agile manner to dramatically
Improve the prototypes in a short time
Execute all visual design stages from concept to final
Present and defend designs and key milestone deliverables
Establish and promote design guidelines, best practices and standards
Conceptual understanding of User Interface Design and the Design Process.
Excellent time-management, multi-tasking, and communication skills. Capable of handling multiple projects and related complexities at the same time.
Key Skills
Desired skills and Experience:
Good knowledge in UI/UX designs
Must have knowledge in JavaScript, JQuery, CSS, Bootstrap
Expert in D3.js
Knowledge in Knockout/React/any other UI framework
Knowledge in C#,asp.net MVC and in OOPs
Basic Knowledge of TFS
Show more
Show less"
azure data engineer,Azure Data Engineer,20,20,19,data,0.792,,2,5.0,https://www.linkedin.com/jobs/view/senior-azure-data-engineer-at-wise-skulls-3793683000,Wise Skulls,"Title: Senior Azure Data Engineer
Location: Weehawken, NJ [Day 1 Onsite (Hybrid)]
Duration: 6+ Months (Possibility of Extension)
Implementation Partner: Infosys
End Client: To be Disclosed
Jd
In your role as a Senior Azure Data Engineer, you will be responsible for designing data and pipeline architectures for streaming data, and for optimizing data collection and flow
across functional teams. Your responsibilities include assisting mentoring junior data engineers, working with artificial intelligence engineers, software developers, data analysts, and data scientists with data initiatives and ensuring a consistent data delivery architecture is put in place throughout ongoing projects. Our ideal candidate for this position has expertise in designing pipelines using Data Brick, Azure Data Factory, expertise in Python, SQL and NoSQL databases. Spark-SQL.
Your Skills (Responsibilities)
Experience designing batch and streaming data processing architectures.
Create a framework for cleansing, mapping, transforming, optimizing data for storage and use according to business and technical requirements.
Solution design using Databricks, Azure Data Factory, Microsoft Azure services and other tools
Design logical and physical database structures using Microsoft SQL Server.
Design, build and deploy effective SSIS packages, Azure Data Factory.
Design a framework for loading transformed data into storage and reporting structures in destinations including data warehouse, high speed indexes, real-time reporting systems and analytics applications
Provide technical documentation, as needed.
The ability to automate tasks and deploy production standard code (with unit testing, continuous integration, versioning etc.)
Design and build data pipelines to collectively bring together data
Other responsibilities include extracting data, troubleshooting and maintaining the data warehouse
Strong SQL Skills and ability to write advanced SQL statements
Analyze existing SQL queries for performance "
golang developer,Golang Developer,20,20,19,engineering,0.785,,1,10.0,https://www.linkedin.com/jobs/view/golang-developer-at-diverse-lynx-3768057928,Diverse Lynx,"Role: Golang Developer
Experience: 7+ Year
Duration: 12+ Months
Location: San Jose, CA- 100% Remote Job
Role
A Golang developer role is to build optimized, scalable, and modular software using required technologies.
You are tasked with developing and coding back-end components and connecting applications to other web services.
Have expertise in implementing micro services (using tools and technologies for messaging, RPC, containerization, etc.)
Experience working with SQL/NoSQL databases, ability to write complex queries and optimize them
Understanding of containerization technologies (Docker, RKT, Kubernetes, etc.)
Basic experience with CI/CD systems (Jenkins, TeamCity, GoCD, Concourse, etc.)
Strong experience working with AWS/Google Cloud
Good experience in Python.
Provable proficiency in Go programming
Excellent written and verbal communication skills
Knowledge in Angular JS and React JS is add on
Portfolio of work with examples that showcase technical skill
Strong analytical skills
Time management and organizational skills
Knowledge of Go templating, common frameworks, and tools
Experience working with a team
Diverse Lynx LLC is an Equal Employment Opportunity employer. All qualified applicants will receive due consideration for employment without any discrimination. All applicants will be evaluated solely on the basis of their ability, competence and their proven capability to perform the functions outlined in the corresponding role. We promote and support a diverse workforce across all levels in the company.
Show more
Show less"
electrical test engineer,Electrical Test Engineer,20,20,20,qa,0.752,150000.0,5,0.0,https://www.linkedin.com/jobs/view/electrical-test-engineer-at-quest-global-3805080906,Quest Global,"Title: Electrical Test Engineer
Location: Houston, TX (On-site)
Duration:-12+ Month
Keywords:
Electrical Engineer, Test system Design, Test Automation, Python, NI Hardware
Required Skills:
Basic understanding of Analog and Digital Electronics including various components working principal such as batteries, inductors, capacitors, filters, amplifier topologies, A/D & D/A converters, micro-controller & processor-based architecture, various communication protocols
Experienced in Python/LabVIEW test program development with the ability to monitor and evaluate waveforms and signals in real time and perform typical signal analysis
Must have strong troubleshooting capability while verification & validation of the test system and design and capable of providing design solution for electronics.
Experienced in test plan creation, functional verification and qualification testing, system integration testing, reliability testing
Experience with automation testing, interfacing with test equipment such as oscilloscopes, power supplies, function generators, current and voltage meters using python or LabVIEW.
Skills in testing and troubleshooting power electronics circuits
Key Responsibilities:
Develop and implement automated test systems using Python or C#
Design test system for various testing needs
Support prototype building & co-ordination with cross functional team
Analyze and develop Test Plans and procedures for Qualification and Acceptance processes
Test setup preparation, System integration, design verification and validation
Technical presentation & reporting
Qualification:
Bachelor’s Degree in electrical/Electronic Engineering, Masters’ degree is plus
Minimum of 7 to 10 years of relevant work experience
Minimum of 2 to 5 Years of experience in Test automation software like Python, C#
Show more
Show less"
tableau developer,Tableau Developer,20,20,19,engineering,0.781,,2,30.0,https://www.linkedin.com/jobs/view/tableau-developer-6-months-c2h-at-psrtek-3744893343,PSRTEK,"Tableau Developer(6 Months C2H)
Remote
Key Skill /Skill Specialization
Tableau Mandatory Skills Tableau, Sisense, SQL, and AWS
Job Description
Develop, maintain, and manage advanced reporting, analytics, dashboards, and other BI solutions
Tableau Desktop Specialist / Tableau Certified Data Analyst certification would be preferred
Experience required in Tableau prep builder
Perform and document data analysis, data validation, and data mapping/design
Review and improve existing systems and collaborate with teams to integrate new systems
Conduct unit tests and develop database queries to analyze the effects and troubleshoot any issues
Create tools to store data within the organization
PSRTEK is a reputed technology recruitment and IT staffing brand with a global footprint and an admired client base. As an ideas and innovation powerhouse with a culture of excellence, we bring remarkable expertise and deliver powerfully transformative results.
Show more
Show less"
