role,role_label,job_family,postings,companies,median_salary,salary_companies,pct_senior_or_above,pct_flexible_when_stated,pct_stated_worksite,top_skills,example_title,example_company,description,summary
software engineer,Software Engineer,engineering,6201,1651,159750.0,358,86.7,76.9,30.1,"Java, Python, SQL, AWS, JavaScript, TypeScript",Senior Software Engineer,Jobs for Humanity,"Company Description
Jobs for Humanity is partnering with Capital One to build an inclusive and just employment ecosystem. Therefore, we prioritize individuals coming from the following communities: Refugee, Neurodivergent, Single Parent, Blind or Low Vision, Deaf or Hard of Hearing, Black, Hispanic, Asian, Military Veterans, the Elderly, the LGBTQ, and Justice Impacted individuals. This position is open to candidates who reside in and have the legal right to work in the country where the job is located.
Company Name: Capital One
Job Description
Job Title: Senior Software Engineer Location: McLean, Virginia, United States of America Do you have a passion for technology and solving complex problems? Capital One is looking for Back End Software Engineers who are eager to use data and emerging technologies to create innovative solutions. As a Software Engineer at Capital One, you will be at the forefront of driving a major transformation within the company. Responsibilities: - Collaborate with Agile teams to design, develop, test, implement, and support technical solutions using full-stack development tools and technologies. - Stay up to date with technology trends, experiment with new","Software Engineer postings typically ask you to: Design, code, test, debug, and document for projects and programs. Collaborate and consult with key technical experts, senior technology team, and external industry groups to resolve complex technical issues and achieve goals. Lead projects, teams, or serve as a peer mentor. Write technical specifications based on conceptual design and stated business requirements."
business analyst,Business Analyst,product,2337,1119,97735.0,173,28.0,64.5,34.9,"Excel, SQL, Data Analysis, Jira, Power BI, Tableau",Business Analyst,Diverse Lynx,"Role: Business Analyst
Mount Laurel, New Jersey
Job type: Full time
Play the role of a Business Analyst for project(s)/work stream(s) within Wealth Management
End to end delivery of book of work within the assigned project(s)/work stream(s), in agile methodology
Requirements Engineering involving analyzing problem at hand, writing user stories and other documents, walkthrough of requirements for development and testing team, assisting business in UAT and act as a single point of contact for business stakeholders
Liaise with business, other vendor teams and stakeholders
Play a key role in ensuring delivery is on time and of high quality as per agreed SLAs
Expected to be part of complex, large scale project or medium complex program
Job Details:
Domain Experience
Relevant business analysis experience within Investment Banking/ Wealth Management
Understanding of the products – Advisory, Brokerage, Banking, Credit, Insurance, Trust, etc.
KYC, AML and customer onboarding
Understanding of Trade Operations i.e. Straight through Processing, Order Management Systems etc.
Business Analysis Experience
Experience of writing user stories, business requirements, presentations to explain and disc","Business Analyst postings typically ask you to: Assist with business warehouse/intelligence support and enhancements. Lead the development of business process modelling for a diverse and complex set of business areas. Manage Stakeholder expectations, influence conflict resolution and prepare periodic reports and presentations to inform the stakeholder and improve stakeholder relations. Provide input into data capture required to enhance business intelligence reporting."
systems engineer,Systems Engineer,devops,1785,645,135000.0,119,78.5,48.5,31.7,"System Design, Windows, Cybersecurity, VMware, Linux, Active Directory",Systems Engineer Lead (Advanced Career-Level) with Security Clearance,ClearanceJobs,"Description:What We're Doing At Training and Logistics Solutions (TLS) Integrated Engineering, we are dedicated to transforming sustainment and training solutions to ensure our customers' mission success. Our focus lies in fostering a culture of speed, agility, affordability, and innovation through disruptive technologies. We are committed to building a talented team that can reimagine the future of mission readiness. The Work As a Systems Engineer Lead, you will:
Support the Program Systems Engineering Lead and sub-discipline architects in establishing a highly customized functional and physical system design and architecture
Perform system architecture analysis using tools like Rhapsody and Cameo to assess and capture system use cases, interfaces, timing, and designs.
Define the MBSE strategy to align with future business capture opportunities and will marshal resources across the program's Engineering & Technology organization to transition the product line
Support the Configuration Design Management (CDM) team in the design release streams across the product line.
Work with a team of system engineers and interdisciplinary subject matter experts to analyze and document the syste","Systems Engineer postings typically ask you to: Ensure the logical and systematic conversion of customer or product requirements into total systems solutions that acknowledge technical, schedule, and cost constraints. Manage and document system configurations. Provide technical leadership for the integration of requirements, design, and technology. Develop technical documentation."
network engineer,Network Engineer,network_infra,1579,587,124800.0,87,69.9,49.8,26.0,"Firewalls, Azure, AWS, VMware, Windows, Cybersecurity",Network Engineer,Epic,"We are looking for an exceptional Network Engineer to join our multi-tenant hosting team. You'll be instrumental in deploying, operating, and scaling a high-performance network that provides world-class availability, performance, and security. With this position comes a host (pun intended) of interesting and challenging issues that will test your technical prowess and call for clever, well-designed solutions.
You’ll provide network support within a small, collaborative team that is changing the way some of the nation’s largest healthcare organizations access our software. You’ll keep abreast of the latest technologies in a hands-on role that also provides a unique opportunity to shape the future direction and design of our systems while working directly with our customers through issues that arise. The ideal candidate is passionate about technology and the opportunity to play a foundational role in a new team, is self-motivated, and has great communication skills. Learn more about the team at https //careers.epic.com/Jobs/Hosting.
As a member of the Hosting team at Epic you'll be responsible for the confidentiality, integrity, and availability of Epic Hosting. Those responsibilitie","Network Engineer postings typically ask you to: Install, maintain and evaluate network systems and communications systems. Troubleshoot and resolve complex network issues involving various protocols, topologies, networking hardware, etc. Conduct network architecture design, feasibility and cost studies. Analyze network efficiency by conducting network tests and running diagnostics to forecast performance thresholds."
data engineer,Data Engineer,data,1170,501,150000.0,100,78.5,74.4,32.1,"Python, SQL, ETL, Java, Scala, Snowflake",Senior Data Engineer,Jobs for Humanity,"Job Description
Position: Senior Data Engineer
Location: Plano, Texas (United States of America)
Do you enjoy working in the technology space? Are you passionate about solving complex business problems in a collaborative and inclusive environment? At Capital One, we are a diverse group of makers, breakers, and disruptors who are committed to solving real problems and meeting the needs of our customers. We are currently seeking Data Engineers who are passionate about leveraging data with emerging technologies. As a Data Engineer at Capital One, you will have the opportunity to be at the forefront of driving a major transformation within our company.
What You'll Do
Collaborate with Agile teams to design, develop, test, implement, and support technical solutions using full-stack development tools and technologies.
Work with a team of developers experienced in machine learning, distributed microservices, and full-stack systems.
Utilize programming languages like Java, Scala, Python, and databases like RDBMS and NoSQL. Familiarity with cloud-based data warehousing services such as Redshift and Snowflake is a plus.
Stay up-to-date with tech trends, experiment with new technologies, parti","Data Engineer postings typically ask you to: Build processes supporting data transformation, data structures, metadata, dependency, and workload management. Build the infrastructure required for optimal extraction, transformation, and loading of data from a wide variety of data sources. Create and contribute to the automation of essential processes related to infrastructure solution deployment, creating repeatable and robust deployments. Perform advanced data transformation activities using Informatica, PL/SQL, Oracle Database tuning, SQL tuning, and Informatica Server administration."
data analyst,Data Analyst,data,812,462,115000.0,84,58.1,68.5,30.9,"SQL, Data Analysis, Tableau, Python, Excel, Data Visualization",Senior Data Analyst / Full-time (Remote),Staffinggroup,"Company Profile
Note: After Applying , Check your email Inbox or Spam Folder For Next Steps.
Important : After Applying , Check Inbox or Spam Folder For Next Steps.
The Lead Data Analyst will work with our Data Analytics & Insights team at our Corporate office located in Langley . They will be responsible for ensuring master data integrity in key business systems as well as maintaining the processes that support the data quality.
Key Responsibilities & Duties
Work with our internal data architecture team optimizing data structure and flow through reporting
Integrate disparate data sources for use in reporting
Build and structure datasets for use in analytical reports
Build analytical displays in partnership with analytics team and internal departments
Integrate analysis framework of users (or self where applicable) into reporting to improve decision making continuity and provide insights
Provide data insights and solutions to company leadership to help drive decision-making
Qualifications
Proficient in SQL and Python
Confident in business intelligence platforms such as Microsoft Power BI, Tableau, Alteryx, etc.
Capacity to multi-task in a fast-paced startup environment
Undergrad de","Data Analyst postings typically ask you to: Identify, analyze, and interpret trends or patterns in complex data sets. Support regular ad-hoc data querying and in-depth analyses to better understand customer behavior. Support teams in running growth programs and A/b tests through analyzing results and communicating insights. Conduct exploratory data analysis to answer business questions that help inform decision-making."
product manager,Product Manager,product,758,429,158080.0,107,96.8,77.9,19.1,"Segment, User Research, Machine Learning, Excel, Data Analysis, AWS",Senior Product Manager - Technical,Amazon,"Description
We are looking for technical product leaders who want to build high-quality products and services and help scale up big business segments in the security space. If you are looking for a high ownership position working on delivering a strategic new vision through software, hardware, and AI/ML, this job is for you!
Key job responsibilities
Lead the development and execution of a bold customer-focused product strategy and vision for the next generation of devices and services
Lead initiatives in various stages of the lifecycle - from ideation to development to launch
Define creative, high quality, long term product roadmaps based on team strategy and vision
Develop detailed, crisp business requirements and user stories that can be used to create product specifications and architecture
Manage prioritization and trade-offs among customer experience, performance and operational load
Proactively identify and resolve issues that may impair the team’s ability to meet strategic, financial, and technical goals
Drive decision making and product launches in partnership with Engineering, UX, Operations, Business Development, Go to Market, PR, Legal, Finance, and other cross-functiona","Product Manager postings typically ask you to: Lead development of growth strategies for Masoneilan, Becker, Mooney and Consolidated instrumentation products. Create, manage, and prioritize program backlog and plan Product Increments. Develop, implement, and maintain production timelines across multiple departments. Define, measure, and manage product risk."
systems administrator,Systems Administrator,network_infra,709,403,95819.0,75,23.4,36.4,32.2,"Windows, Active Directory, VMware, Linux, Azure, Firewalls",System Administrator,United Enertech Corp.,"Job Summary:
At United Enertech, our success depends on IT systems. We are currently seeking an experienced Systems Administrator who is driven to grow and implement systems and networks to accommodate company growth. This person will protect our critical systems and assets, build solutions, implement new software and hardware, provide training, and assist in developing the overall IT strategy. He or she will take on challenging assignments, lead initiatives, and be responsible for results. The ideal candidate is passionate about applying skills and expertise to provide cost-effect solutions to meet business requirements.
Objectives of this role:
Maintain essential IT infrastructure, including operating systems, security tools, applications, servers, email systems, laptops, desktops, software, and hardware.
Take responsibility for projects and solutions within the larger business initiative.
Handle business-critical IT tasks and systems that allow the business to operate effectively.
Enable faster and smarter business processes and develop analytics for meaningful insights.
Work with internal and external partners to communicate project status, activities, and achievements.
Accompl","Systems Administrator postings typically ask you to: Develop and maintain installation and configuration procedures in accordance with contract and DoD standards. Configure, support, and perform backup operations as needed to include the creation of backup policies and schedules. Analyze site communications requirements and recommend equipment solutions. Identify innovative techniques to enhance application security in sustaining base and tactical net-centric operational environments."
software developer,Software Developer,engineering,647,396,120360.0,56,73.9,67.7,35.9,"Java, SQL, .NET, JavaScript, Python, C++",Senior Software Developer,Tecolote Research,"Overview
We are seeking a Senior Software Developer to join our team and work with us on the systems that support our company. If you are passionate about software development and want to make a difference where you work, then this is the position for you.
Responsibilities
Own projects cross functionally/across teams
Takes on the most challenging development projects. Identifies and proactively tackles these major challenges.
Leads adoption of new tools, methodologies, and systems.
Gives guidance, unblocks others, and may function as team lead
May function as a team or segment lead
Mentors more junior developers
Follow standard software development life cycle processes
Develop, test and maintain enterprise applications
Design and implement complex enterprise applications
Continuously innovate and modernize applicable software development technologies and trends
Perform code reviews
Create and maintain appropriate documentation
Communicate effectively with operational teams with complex software concepts
Translate technical requirements, develop application interface
Manage time in a deadline-driven, team environment
May supervise staff
Perform other duties as assigned
Skills Requir",Software Developer postings typically ask you to: Work with customer to develop software requirements. Design software following defined architectures. Implement and unit test software. Build knowledge using CMake.
data scientist,Data Scientist,ai,585,361,170700.0,80,67.2,53.8,26.7,"Machine Learning, Python, SQL, Data Analysis, Statistical Analysis, Deep Learning",Sr. Data Scientist,LaSalle Network,"Job Description
Want to grow your career with one of the fastest growing industries? LaSalle Network is partnered with a top Chicago-based client looking to hire a
Sr. Data Scientist
their team.
The
Sr. Data Scientist
will be responsible for delivering strategic and tangible solutions through data. We are looking for self-starters that have the ability to work cross-functionally across various teams.
Sr. Data Scientist Responsibilities:
Build and maintain machine learning models used throughout the investment process
Leverage various datasets to deliver internal insights and feed machine learning models
Learn from a wide variety of engineers who are passionate about building great software
Shape the future of software engineering at the company by bringing your ideas on improving and automating current processes
Work with stakeholders throughout the organization to identify opportunities for leveraging company data to drive business solutions
Mine and analyze data from company databases to drive optimization and improvement of product development, marketing techniques and business strategies
Assess the effectiveness and accuracy of new data sources and data gathering techniques
Dev","Data Scientist postings typically ask you to: Develop, maintain, and utilize the firm's data, data integrations, and data science tools to help produce business insights and support project initiatives. Work leadership may be provided by assigning work and resolving problems. Work with us as we use data science for good. Prepare resulting data to facilitate analysis of results."
backend engineer,Backend Engineer,engineering,573,70,171150.0,20,97.4,98.9,82.9,"AWS, Java, Node.js, Microservices, Kubernetes, Redis","Senior Backend Engineer, Seed Stage Fintech",Recruiting from Scratch,"Who is Recruiting from Scratch :
Recruiting from Scratch is a premier talent firm that focuses on placing the best product managers, software, and hardware talent at innovative companies. Our team is 100% remote and we work with teams across the United States to help them hire. We work with companies funded by the best investors including Sequoia Capital, Lightspeed Ventures, Tiger Global Management, A16Z, Accel, DFJ, and more.
https://www.recruitingfromscratch.com/
About Our Client
We are solving some of the most challenging data integration, data management and data visualization problems in the private investment markets industry with a revolutionary product that brings together investment sourcing, deal management, portfolio management and finance capabilities in one end-to-end platform. Our backend was built by a team who have worked together at three of the most innovative, demanding, data-driven financial institutions in the world – Blackrock, Point72, and Greycroft – and we are ready to add a new backend engineer to our world-class team. If you are passionate about backend development, TypeScript, Node.js, and Cloud technologies, this is a rare opportunity to join a team wh","Backend Engineer postings typically ask you to: Build out real-time analytics and reporting dashboards that are optimized. Design and develop web applications using MVC frameworks, incorporating dependency injection for improved modularity and testability. Work closely with product managers, designers, and other engineers to develop software solutions that meet business needs. Collaborate with cross-functional teams to identify requirements and plan new features."
embedded software engineer,Embedded Software Engineer,engineering,527,209,157250.0,38,79.9,79.0,58.6,"System Design, C++, Linux, Python, MATLAB, Git",Senior Embedded Software Engineer,Recruiting from Scratch,"Who is Recruiting from Scratch :
Recruiting from Scratch is a premier talent firm that focuses on placing the best product managers, software, and hardware talent at innovative companies. Our team is 100% remote and we work with teams across the United States to help them hire. We work with companies funded by the best investors including Sequoia Capital, Lightspeed Ventures, Tiger Global Management, A16Z, Accel, DFJ, and more.
https://www.recruitingfromscratch.com/
Our Client
We are deploying software-defined, autonomous metal 3D printing factories around the world, bringing the scalability of software to physical production. Our proprietary technology stack leverages advanced sensing, real-time controls, and data-driven learning to produce digitally-verified, flawless parts at unprecedented speed and cost. Our mission is to make the transformative power of 3D printing available to all industries at scale and unlock the future of innovation.
As a Senior Embedded Software Engineer, you will be responsible for architecting and implementing critical embedded software systems that enable our advanced metal 3D printing systems to operate fully autonomously at high speeds with precision","Embedded Software Engineer postings typically ask you to: Review and provide feedback on software requirements from a verification perspective. Create kernel, bootloader, and DKM projects with Wind River Workbench using VxWorks 7.0. Work with external customers and internal team members to solve complex software and system issues. Perform revision control."
research scientist,Research Scientist,ai,513,208,119478.0,54,26.3,51.7,11.7,"Machine Learning, Data Analysis, Python, Deep Learning, C++, Workday",Research Scientist - Materials Science,QinetiQ,"Job Title: Research Scientist - Materials
Location: Farnborough
Package: Highly Competitive Salary + Benefits Package
Role Type: Full time / Permanent or Fixed Term Contract
Role ID: SF15931
Be part of the QinetiQ journey. Join us as a Research Scientist at our Farnborough site where you will have the opportunity to work with cutting-edge technology and many of the industry’s most brilliant minds.
The Role
As a research scientist, you will have a role that is out of the ordinary and will be responsible for conducting research and development on a range of synthetic biology programmes, and will use your biochemical expertise to provide theoretical and practical inputs across the whole Engineering Biology portfolio. This will offer you a variety of multidisciplinary programmes across a broad spectrum of topic areas within the Functional Materials domain.
Day To Day Responsibilities
Leading and contributing to project delivery, mainly through practical laboratory work.
Being accountable for managing your own time and progress in order to meet agreed goals and deadlines.
Supporting proposal and bid development
Interfacing with customers
Training colleagues on request
Writing risk asses","Research Scientist postings typically ask you to: Maintain accurate records of the work performed and other records required by the projects. Lead a group of Scientists by effectively mentoring, guiding, and supervising personnel. Provide sterile packaging technical assistance for quality and regulatory activities including preparation of technical documents for regulatory filings. Maintain and provide expert knowled."
retail frontend supervisor,Retail Frontend Supervisor,engineering,455,3,46800.0,1,0.0,,0.0,Spring,Retail Front End Supervisor,"Burlington Stores, Inc.","LOCATION
3102 Ross Clark Circle Dothan AL US 36303
Overview
At Burlington, we embrace the many facets of diversity that strengthen our communities where we live and work every day. If you want to grow your retail career with a caring and inclusive organization, come join us as a Burlington Stores
Full-Time
Customer Service Supervisor or Full-Time Selling Floor Supervisor!
As a Retail Front End Supervisor, you’ll be an integral part of the store leadership team, working closely with Store Management in the areas of Merchandising, Customer Service, Operations, and Human Resources. This leadership position is the stepping-stone to a management role within our expanding organization. Are you a self-starter with the ability to supervise store operations efficiently and effectively? If you are a proven leader who understands the value of building strong teams and partnerships to drive results, this is the right opportunity for you!
At Burlington, we live by our Core Values:
Drive Results
Trust & Respect Each Other
Build Teams & Partnerships
Burlington Benefits:
Growth Opportunities
Competitive Pay
Flexible Hours
15-30% Associate Discount
Medical, Dental, and Vision Coverage
Employee Assi","Retail Frontend Supervisor postings typically ask you to: Communicate in a clear, concise manner and listen attentively to others."
test engineer,Test Engineer,qa,434,267,125940.0,56,66.4,43.5,24.9,"Python, C++, Data Analysis, Linux, Excel, MATLAB",Test Engineer Sr,Jabil,"At Jabil we strive to make ANYTHING POSSIBLE and EVERYTHING BETTER. With over 250,000 diverse, talented and dedicated employees across 100 locations in 30 countries, our vision is to be the most technologically advanced and trusted manufacturing solutions provider. We combine an unmatched breadth and depth of end-market experience, technical and design capabilities, manufacturing know-how, supply chain insights and global product management expertise to enable success for the world’s leading brands. We are driven by a common purpose to make a positive impact for each other, our communities, and the environment.
Summary
Direct Test Engineers I& II in operating within area of assigned responsibilities with a high level of efficiency, integrity and enthusiasm, striving to achieve excellence in all endeavors. Designs, develops and maintains test procedures, tester hardware and software for electronic circuit board production.
ESSENTIAL DUTIES AND RESPONSIBILITIES include the following. Other duties may be assigned.
Leadership And Management Responsibilities
Recruitment and Retention:
Recruit and interview Test Engineers I& II.
Communicate criteria to recruiters for Process Technician p","Test Engineer postings typically ask you to: Manage Schedule, Cost and Quality to complete projects. Plan, Design and Supervise. Manage PJ of entire vehicle development. Build prototype parts, components, system and vehicle for evaluation."
machine learning engineer,Machine Learning Engineer,ai,397,115,178500.0,33,80.6,92.4,49.6,"Machine Learning, Python, Deep Learning, PyTorch, TensorFlow, Big Data",Senior Machine Learning Engineer - AI,Recruiting from Scratch,"Who is Recruiting from Scratch :
Recruiting from Scratch is a premier talent firm that focuses on placing the best product managers, software, and hardware talent at innovative companies. Our team is 100% remote and we work with teams across the United States to help them hire. We work with companies funded by the best investors including Sequoia Capital, Lightspeed Ventures, Tiger Global Management, A16Z, Accel, DFJ, and more.
https://www.recruitingfromscratch.com/
Job Description:
We are seeking a highly skilled and experienced Senior Machine Learning Engineer to join our dynamic team. As a Senior Machine Learning Engineer, you will play a crucial role in developing and deploying cutting-edge machine learning models and solutions to solve complex business problems. You will collaborate with cross-functional teams to drive innovation and make a significant impact on our organization.
Responsibilities:
Machine Learning Model Development: Develop, train, and optimize machine learning models using a variety of tools and frameworks.
Data Preparation: Collect, clean, and preprocess data to ensure its quality and suitability for machine learning applications.
Feature Engineering: Create","Machine Learning Engineer postings typically ask you to: Collaborate as part of a cross-functional Agile team to create and enhance software that enables state-of-the-art big data and ML applications. Work collaboratively with data scientists, machine learning engineers, program and product managers in the development of assigned components. Maintain a balanced approach with a 50/50 spli. Write and test software to Lead integration of autonomy algorithms into aircraft (such as autopilots, payloads, or other functional components) or other robotic systems."
fullstack engineer,FullStack Engineer,engineering,333,161,152500.0,30,79.3,90.2,58.3,"TypeScript, React, JavaScript, Node.js, CSS, HTML","Staff Fullstack Engineer, Startup",Recruiting from Scratch,"This role is for a client of Recruiting from Scratch.
Who is Recruiting from Scratch :
Recruiting from Scratch is a premier talent firm that focuses on placing the best product managers, software, and hardware talent at innovative companies. Our team is 100% remote and we work with teams across the United States to help them hire. We work with companies funded by the best investors including Sequoia Capital, Lightspeed Ventures, Tiger Global Management, A16Z, Accel, DFJ, and more.
Job Description:
Are you an experienced Senior Fullstack Engineer with expertise in Node.js and TypeScript, ready to take on a pivotal role in a rapidly evolving tech environment? Join our client and contribute your skills to drive our product to new heights!
As a Senior Fullstack Engineer, you will play a crucial role in the development and maintenance of their core product. You'll be responsible for designing, implementing, and maintaining complex features across both the frontend and backend, ensuring high performance, scalability, and usability.
Key Responsibilities:
Collaborate with cross-functional teams to design and develop robust, scalable, and efficient software solutions using Node.js and TypeS",FullStack Engineer postings typically ask you to: Oversee the entire spectrum of the software development process. Design flowcharts and write documentation that capture intricate system designs. Work in a collaborative environment to solve complex problems in a meaningful way. Provide thought leadership in programming and software development.
java developer,Java Developer,engineering,325,191,115000.0,17,64.3,54.4,49.2,"Java, Spring, Spring Boot, SQL, AWS, Git",Sr. Java Developer,Central Business Solutions Inc.,"Position Role/Tile: Sr. Java Developer
Location: Charlotte NC & Newark NJ.
In This Role, You Will
Ensure systems are monitored to increase operational efficiency and managed to mitigate risk
See out opportunities to maximize resource utilization and improve processes while reducing cost
Design, develop, test and implement applications and system components, tools and utilities, mdels, simulation and analytics to manage complex business functions using sophisticated technologies
Resolve coding, testing and escalated platform issues of a technically challenging nature
Partner with production support and platform engineering teams effectively
Design, develop and support regulatory platform capabilities, functions and processes
Ensure use of agreed technology/tools and interfaces to ensure smooth integration and platform availability across DEV,SIT, UAT and production
Work with cross functional teams to evaluate solution & implement high visibility business & technology initiatives
Required Qualifications:
5+ years of speciality software engineering experience, or equivalent demonstrated through one or a combination of the following work experience, training, military experience, educa","Java Developer postings typically ask you to: Develop and maintain documentation, best practices, and guidelines related to monitoring and observability for both technical and non-technical stakeholders. Build highly scalable, low latency, fault-tolerant, and high-performance architecture solutions for customer facing web and mobile applications. Design and develop high-volume low-latency applications for critical systems delivering high-availability and performance. Write well designed testable efficient code and ensure that the designs comply with specifications."
devops engineer,DevOps Engineer,devops,322,193,142000.0,33,70.2,74.5,43.8,"DevOps, CI/CD, Terraform, Kubernetes, Docker, AWS",Senior DevOps Engineer,Recruiting from Scratch,"Who is Recruiting from Scratch :
Recruiting from Scratch is a premier talent firm that focuses on placing the best product managers, software, and hardware talent at innovative companies. Our team is 100% remote and we work with teams across the United States to help them hire. We work with companies funded by the best investors including Sequoia Capital, Lightspeed Ventures, Tiger Global Management, A16Z, Accel, DFJ, and more.
https://www.recruitingfromscratch.com/
Job Description:
We are looking for an experienced Senior DevOps Engineer to join our team and lead the design, implementation, and management of our DevOps processes and infrastructure. As a Senior DevOps Engineer, you will play a critical role in automating and streamlining our software development and deployment pipelines, ensuring the reliability, scalability, and security of our systems.
Responsibilities:
Infrastructure as Code (IaC): Design and maintain infrastructure using IaC tools like Terraform or CloudFormation, ensuring infrastructure is versioned, reproducible, and scalable.
Continuous Integration/Continuous Deployment (CI/CD): Implement and enhance CI/CD pipelines, automate testing, and ensure smooth and e","DevOps Engineer postings typically ask you to: Ensure compliance with industry standards and regulations. Implement CI/CD and DevOps best practices for software application teams and assist in executing the integration and operation processes. Build proactive monitoring and alerting infrastructure services to support operations and system health. Design, build, and implement automation of provisioning, configuration, monitoring, security, and deployment of applications in the automated environments."
automation engineer,Automation Engineer,devops,302,203,123750.0,30,61.6,20.3,26.2,"SQL, Python, Java, CI/CD, System Design, Jenkins",Senior Automation Engineer,Repligen Corporation,"Overview
The Senior Automation Engineer will be responsible for the design, testing, deployment, and maintenance of Repligen’s internal automation strategy and infrastructure. She or he will be expected to lead Repligen’s automation, digitization, and digital transformation efforts at the site level. The successful candidate will actively work with all levels of personnel in Engineering, Manufacturing, Facilities, Quality Assurance, Quality Control, and R&D departments. The job is based at our Marlborough, MA facility. Minimal travel required, if any.
Responsibilities
Responsibilities
Program and troubleshoot PLCs, HMIs, and SCADA systems
Develop IIoT-centric solutions for data acquisition
Lead efforts to digitize existing manufacturing and documentation processes
Lead digital transformation of operations through leveraging of operational data
Partner with site subject matter experts (SMEs) in designing and deploying automated alternatives to manual operations
Develop, maintain, and execute design documents, technical evaluations, test plans, and validation protocols for Automation assets
Provide automation expertise and guidance to internal and external design teams
Function as au","Automation Engineer postings typically ask you to: Develop User Requirement Specifications. Develop software and hardware design specifications. Design, write, implement, test and document PLC and HMI software. Develop control system validation/testing protocols."
solutions architect,Solutions Architect,engineering,301,186,158900.0,23,31.2,62.1,28.9,"Azure, AWS, SQL, JavaScript, Java, React",Senior Solutions Architect,UST,"Job Description
Senior Solutions Architect
Architect II - Enterprise Solutions
Who We Are
Born digital, UST transforms lives through the power of technology. We walk alongside our clients and partners, embedding innovation and agility into everything they do. We help them create transformative experiences and human-centered solutions for a better world.
UST is a mission-driven group of over 39,000+ practical problem solvers and creative thinkers in over 30+ countries. Our entrepreneurial teams are empowered to innovate, act nimbly, and create a lasting and sustainable impact for our clients, their customers, and the communities in which we live.
With us, you’ll create a boundless impact that transforms your career—and the lives of people across the world.
Visit us at UST.com .
You Are
UST is searching for a Senior Solutions Architect who will review, design, and optimize applications transforming into scalable solutions in ERP/CRM systems. Select appropriate technical options for development such as reusing, improving, or reconfiguration existing components.
The Opportunity
Hybrid-In office/remote
Identify the problem patterns and improve the technical design of the application/sys","Solutions Architect postings typically ask you to: Lead efforts in defining, documenting and estimating the following for enterprise applications. Review all training requirements from the Solution Architects. Support design meetings with Software Developers, Software Engineers, Solution Architects, and UI Engineers. Work in a fast, dynamic environment."
product designer,Product Designer,design_ux,281,183,161667.0,64,87.2,87.4,33.8,"Figma, User Research, Prototyping, CSS, HTML, Datadog",Product Designer,Publishers Clearing House (PCH) Media,"WE NEED:
A motivated and proven product designer to
help refresh the legacy of a 70-year-old company. You’ll help bring the magic of what PCH offers -an incredible chance to win and change your life – to a larger, more diverse audience by creating rich, repeatable, rewarded experiences
YOU ARE:
An experienced Product Designer, well versed at delivering work that consistently meets/exceeds expectations; you embrace best-in-class UX and provide a clean, modern aesthetic that excites customers and makes them want to come back day after day.
ROLE SNAPSHOT
:
Collaborate with key stakeholders to translate business goals into unique product experiences
Define the user experience, interactions, and user interface through user flows, information architecture, sketches and wireframes and visual design
Design simple, data-driven, user-centric experiences that surprise and delight customers
Build functional prototypes to demonstrate, validate and test your designs
Present designs, prototypes and concepts to cross-functional partners and stakeholders
Provide implementation guidance to the Creative Development team and ensure new features launch at the highest quality
Stay abreast of industry tr","Product Designer postings typically ask you to: Create exceptional designs with a user-centric focus. Own the entire design cycle from ideation to implementation and iteration of the investment product. Provide and solicit feedback to continually raise our bar for quality. Collaborate closely with cross-functional teams, including product managers, engineers, and stakeholders, to define and execute design strategies."
site reliability engineer,Site Reliability Engineer,devops,273,147,160550.0,33,60.8,69.3,27.5,"Kubernetes, AWS, DevOps, Python, Linux, Terraform",Senior Site Reliability Engineer (SRE),Syrinx Consulting,"Senior Site Reliability Engineer (SRE)
This role is based in Columbus, OH with a Syrinx Educational Technology Partner
U.S. Citizens and those authorized to work in the U.S. are encouraged to apply. We are unable to sponsor at this time.
Need someone with deep understanding/experience with AWS.
Will only entertain candidates with a software development background (Java, Go C#)
The Responsibilities Will Entail These Core Functions
Hands-on design, analysis and troubleshooting of highly-distributed large-scale production systems
Ownership of reliability, uptime, capacity- and performance analysis thereof
Ensuring the repeatability, traceability, and transparency of our infrastructure automation
Identifying highest-impact opportunities to optimize existing systems
System design consulting for teams seeking to leverage or improve their production infrastructure
Anticipate, build and plan capacity for upcoming product/feature launches
Possess a strong desire to learn the environment with ability and focus to improve it
The ideal candidate shall possess (or demonstrate competencies to learn) these diverse skills:
Experience in understanding the simplest solution, and focusing on the most","Site Reliability Engineer postings typically ask you to: Partner with IT Embedded Risk Managers to identify strategic solutions for risk incidents. Ensure NFRs are raised, properly defined and prioritized as part of delivery. Review all Controls and Alerting for new delivery and ensure it meets operational standards. Test NFRs in UAT environments to validate effectiveness and completeness of operational capabilities."
firmware engineer,Firmware Engineer,engineering,273,118,139550.0,25,81.0,76.0,56.4,"System Design, C++, Linux, Python, Unit Testing, MATLAB",Principal Firmware Engineer,Recruiting from Scratch,"This role is for a client of Recruiting from Scratch.
Who is Recruiting from Scratch :
Recruiting from Scratch is a premier talent firm that focuses on placing the best product managers, software, and hardware talent at innovative companies. Our team is 100% remote and we work with teams across the United States to help them hire. We work with companies funded by the best investors including Sequoia Capital, Lightspeed Ventures, Tiger Global Management, A16Z, Accel, DFJ, and more.
https://www.recruitingfromscratch.com/
Our Client
We are deploying software-defined, autonomous metal 3D printing factories around the world, bringing the scalability of software to physical production. Our proprietary technology stack leverages advanced sensing, real-time controls, and data-driven learning to produce digitally-verified, flawless parts at unprecedented speed and cost. Our mission is to make the transformative power of 3D printing available to all industries at scale and unlock the future of innovation.
As a Senior Embedded Software Engineer, you will be responsible for architecting and implementing critical embedded software systems that enable our advanced metal 3D printing systems to op","Firmware Engineer postings typically ask you to: Collaborate with application developers to create interfaces between real-time processors and embedded Linux systems. Provide mentorship to junior developers. Develop and prototype firmware solutions and build PoC, implement and test towards productization and address bugs. Drive evidence-based decision-making that helps design a new process."
ux designer,UX Designer,design_ux,269,169,127500.0,31,65.1,84.1,39.8,"User Research, Prototyping, Figma, CSS, HTML, Jira",UX Designer (Mid-level),Global Information Technology,"Job Title: UX Designer (Mid-level)
Job Location: Remote
Job Type: Contract
Job Description:
Goal requires collaboration with teams of UX and UI designers, researchers, content strategists, engineers, and managers from product and marketing throughout the design process - from strategy to pixel-perfect design. You will advocate for our customers and ensure that the final product meets user needs.
Requirements
5+ years of UX experience (end-to-end work across mobile/web/desktop, bonus points for consumer-facing work and launching to millions of users).
Strong portfolio demonstrating creative problem solving, complexity/ambiguity wrangling, and excellent attention to detail.
Ability to communicate user needs (e.g. storytelling, leveraging data) and demonstrate how proposed designs solve those needs to internal team and senior partners
Skilled and efficient at creating sketches, wireframes, high fidelity comps, prototypes, and written documentation.
A proven ability to cultivate teamwork, cooperation, and build partnerships across product teams and organizations.
Skilled in Figma, Sketch and Rally.
Interested candidates can send their updated resumes at anupam.pal@agile-techlabs.com
Jo","UX Designer postings typically ask you to: Support Bynder site documentation and upkeep. Create authoring guides and tutorial videos for net new components and component enhancements (and then publish on Bynder). Partner with Beacon’s UX Researcher to provide any artifacts/stim needed for user testing. Create design artifacts like user flows, wireframes, visual mocks, and prototypes to communicate your ideas."
fullstack developer,FullStack Developer,engineering,264,197,135000.0,14,58.3,73.8,40.5,"JavaScript, React, Java, SQL, Angular, AWS",Full-Stack Developer,OneOrigin,"Job description
We are a fast-growing Enterprise Software headquartered in Scottsdale, AZ with offices in Dubai and Bangalore, India, delivering cutting-edge services and AI solutions to HigherEd and Enterprises in the US.
As a member of our team, you shall collaborate closely with other developers and stakeholders to create innovative solutions for our customers. Our technology stack includes Cloud platforms, Bootstrap, JavaScript, PHP, etc. We follow Agile methodologies to quickly iterate and deliver creative solutions while enhancing our core product portfolio..
We are looking for a passionate, talented, and motivated Full Stack Developer to join our team in Scottsdale, AZ - US and help deliver high-quality technical solutions. If you’re excited about working on the newest technologies and delivering value with the sense of ownership, then you should join us.
Responsibilities:
Full Stack Development
: Lead the end-to-end development of software solutions, including both frontend and backend components and also manage the software deployment life-cycle.
JavaScript
: Demonstrate proficiency in JavaScript and its associated frameworks, particularly React or Vue for the frontend and","FullStack Developer postings typically ask you to: Research, test, and implement plugins and scripts for Jira, Confluence, and Bitbucket. Develop interfaces between external tooling and Jira/Confluence infrastructure. Manage Jira workflows, screen schemes, permission schemes, and notification schemes. Document requirements, solutions, as well as user and support reference guides."
research scientist model engineer,Research Scientist Model Engineer,ai,264,1,,0,0.0,100.0,100.0,"Machine Learning, Deep Learning","Research Scientist Model Engineer, Autonomous Startup",Recruiting from Scratch,"Who is Recruiting from Scratch:
Recruiting from Scratch is a premier talent firm that focuses on placing the best product managers, software, and hardware talent at innovative companies. Our team is 100% remote and we work with teams across the United States to help them hire. We work with companies funded by the best investors including Sequoia Capital, Lightspeed Ventures, Tiger Global Management, A16Z, Accel, DFJ, and more.
https://www.recruitingfromscratch.com/
About Our Client
At our client, their mission is to make self-driving for everyone. They build autonomous driving software for automakers, based on a breakthrough in artificial intelligence that finally makes highway autonomy safe and scalable for the consumer car market.
Our client has 100+ employees across its headquarters in Mountain View and additional offices in Dallas and Sydney. They have raised $165 million from investors including Mike Speiser at Sutter Hill Ventures, Keith Rabois at Founders Fund, and Vinod Khosla at Khosla Ventures.
The Role
As a Model Engineer at our client, you will be responsible for building and testing the models that literally drive our vehicles. Operating on the noisy data of a real-wor",Postings for Research Scientist Model Engineer do not phrase their day-to-day duties consistently enough to summarise automatically.
security engineer,Security Engineer,security,258,107,152330.0,20,54.3,63.8,18.2,"Cybersecurity, Incident Response, Risk Management, Firewalls, Linux, AWS",Senior Security Engineer,Epic,"We are looking for an exceptional Security Engineer to join our multi-tenant hosting team. You'll be instrumental in deploying, operating, and scaling a high-performance network that provides world-class availability and security. This position will challenge your ability to blend new technology with industry standard security best practices to protect our network from external threats.
You’ll act as a security expert within a small, collaborative team that is changing the way some of the nation’s largest healthcare organizations access our software. You’ll keep abreast of the latest technologies in a hands-on role that also provides a unique opportunity to shape the future direction and design of our systems. The ideal candidate is passionate about technology and the opportunity to play a foundational role in a new team, is self-motivated, and has great communication skills. Learn more about the team at https //careers.epic.com/Jobs/Hosting.
Key Areas of Responsibility
Develop innovative security controls to protect assets across a large and complex environment
Administer a wide and interesting range of security applications and systems
Consult with internal teams on architecture ","Security Engineer postings typically ask you to: Ensure the monitoring and analysis of incidents to protect People, Technology and Process addressing all security incidents and ensuring timely escalation. Build and maintain scripts and automation that support the information security mission across SpaceX,. Perform code and configuration reviews spanning a wide range of digital technologies (web, mobile, embedded). Perform Cloud Infrastructure review."
technical program manager,Technical Program Manager,product,239,128,161200.0,34,99.6,74.6,26.4,"Cybersecurity, AWS, Machine Learning, Risk Management, DevOps, Jira",Technical Program Manager,UST,"Job Description
Technical Program Manager
Project Manager I
Who We Are
Born digital, UST transforms lives through the power of technology. We walk alongside our clients and partners, embedding innovation and agility into everything they do. We help them create transformative experiences and human-centered solutions for a better world.
UST is a mission-driven group of over 39,000+ practical problem solvers and creative thinkers in over 30+ countries. Our entrepreneurial teams are empowered to innovate, act nimbly, and create a lasting and sustainable impact for our clients, their customers, and the communities in which we live.
With us, you’ll create a boundless impact that transforms your career—and the lives of people across the world.
Visit us at UST.com .
You Are
UST team is looking for a technical program manager for their client. As a Junior Technical Program Manager, you will coordinate new software, embedded firmware and electronic hardware features for several concurrent programs within Core R&D. Work with Electronic Engineers, RF engineers, Systems Engineers and Embedded Software Engineers to create feature rollout plans to meet the platform deliverables within product dev","Technical Program Manager postings typically ask you to: Identify the risks, mitigations, and contingency plans for new features. Work closely with Client business units, tool owners, and other technical support groups in cross-functional teams. Work closely with colleagues in the electrical, software, mechanical, and systems engineering functions to understand and execute complex technical projects. Ensure timely delivery of materials to meet project timelines."
net developer,Net Developer,engineering,232,158,114400.0,13,62.9,53.6,47.4,".NET, SQL, JavaScript, Azure, Angular, HTML",.NET Developer,Amtex Systems Inc.,"Role: .NET Developer
Location: Tulsa, OK- hybrid- several days onsite
Duration: 6 month plus contract
The Software Developer will work on various tasks related to software development, including:
• Collaborating with the team to design, develop, and maintain applications.
• Utilizing technologies such as C#, Web API, SQL, CSS, HTML, and JavaScript.
• Potentially working with .Net Core, SSIS, Blazor, AngularJS, TypeScript, VueJS, LESS, SASS, and Azure DevOps as nice-to-haves.
Required Skills & Experience:
The ideal candidate should have:
• Proficiency in C#, Web API, SQL, CSS, HTML, and JavaScript.
• Experience in software development, particularly in backend development.
• Strong problem-solving and collaboration skills.
Preferred Skills & Experience:
Familiarity with .Net Core, SSIS, Blazor, AngularJS, TypeScript, VueJS, LESS, SASS, and Azure DevOps.
Show more
Show less","Net Developer postings typically ask you to: Write technical specifications based on conceptual design and stated business requirements. Develop new software solutions in accordance with coding standards and guidelines. Support, maintain, and document software functionality. Identify and evaluate new technologies for implementation."
it specialist,IT Specialist,it_support,230,137,64750.0,36,4.8,21.9,27.8,"Windows, Active Directory, Cybersecurity, VMware, Azure, Incident Response",IT Specialist,"The Matian Firm, APC","Job Description
Our Dallas, TX
office is looking to hire an experienced
IT Specialist
with a desire to develop a career within the legal industry. The ideal candidate is an individual who works well in a fast-paced environment. Under the supervision of the IT Director, the IT Specialist supports all computer and network-related systems with the goal of creating an efficient and secure system for all employees to use. An employee in this classification performs a large range of system administration functions.
Responsibilities:
Installing and configuring network devices
Diagnosing and resolving IP-related telephone, cellular, network, and other communications
Hardware-software-related issues
Assisting with implementing, and monitoring system security procedures
Aiding with system development
Managing multiple projects to completion
Conducting user training and product demonstrations.
Documentation of issues, solutions, and resolutions
Understand networks and troubleshoot issues
Ability to assist with technical support troubleshooting and resolution of Windows and desktop support applications either over the phone or onsite
Ability to communicate and explain issues and resolutions wi","IT Specialist postings typically ask you to: Assist employees via remote access, phone, or in person. Provide administration of network and communications systems, including, but not limited to Local Area Network (LAN) and Wide Area Network (WAN) systems. Plan and schedule the installation of new and upgraded hardware and software application. Design and oversee upgrades and new installs of IT systems and services ensuring coordination with Cyber Security Specialist."
quality assurance engineer,Quality Assurance Engineer,qa,228,176,106399.0,26,56.1,49.4,33.8,"DevOps, SQL, Azure, Java, Jira, Risk Management",Sr. Quality Assurance Engineer,SPECTRAFORCE,"Job Title: Sr. Quality Assurance Engineer
Location: Phoenix, AZ - Remote (MST hours)
Duration: 6 months (Possibility of extension)
Pay Range: $65 - $68/hr on W2
Top Skills
Expert in creating Selenium automation tests for front-end testing as well as REST Assured for automating validation of APIs
Minimum 6 years of QA Testing experience – including test case creation – and proficient knowledge of testing is required
Intermediate proficiency with unit testing frameworks like TestNG and BDD Cucumber
Position Description
The Quality Engineer participates in the development of business solutions by analyzing requirements, creating test plans, test cases, automated test cases, and testing all aspects of the completed solution. Leads, participates, or assists with all phases of testing. Creates and communicates testing results to assist with assessment of production readiness. Collaborates with developers and product owners to ensure quality is being built in as early as possible. Develops cost effective information technology solutions by analyzing, designing, programming, monitoring, and/or installing systems, software and/or hardware solutions for the use of automated testing. Mentor a","Quality Assurance Engineer postings typically ask you to: Develop and execute quality control strategies and procedures to ensure the highest standards of product quality. Design procedures for inspecting, testing, and evaluating precision in production processes and finished products. Analyze production data, identify trends, and recommend updates to quality standards and procedures. Maintain accurate records of validation activities, review and approve validation protocols and perform and/or support internal and external audits."
infrastructure engineer,Infrastructure Engineer,devops,226,116,135000.0,21,82.7,72.2,31.9,"Windows, VMware, Linux, Azure, Active Directory, Firewalls",Senior Infrastructure Engineer,Epic,"We are looking for a talented Server Infrastructure Engineer to join our multi-tenant hosting team. As a team member for our server team, you'll provide design and implementation support of our large x86 server infrastructure in the US and the UK. You'll build and manage complex data center interoperability and configuration. Additionally, you'll troubleshoot performance issues that require hands-on experience with OS Support (VMware, Windows, Linux), Servers (Blade, rack-mount), storage, and networking. Learn more about the team at https //careers.epic.com/Jobs/Hosting.
More than just important work
.
Epic is located in Madison, Wisconsin, a city regularly ranked as one of America's best places to live. Epic's environment is one of continuous learning; you'll have access to opportunities to expand your skill set and share your knowledge with others. We offer comprehensive benefits to keep you healthy and happy as you grow in your life and career, and your merit-based compensation will reflect the impact your work has on the company and our customers. You'll also be eligible for annual raises and bonuses, as well as stock grants, which give you an even greater stake in the success ","Infrastructure Engineer postings typically ask you to: Deploy and configure ESXi and vCenter, VMware ESXi with Virtual Center / Hyper-V. Work in a highly collaborative and fast-growing environment. Troubleshoot and resolve issues related to Dell EMC PowerEdge servers. Lead and participate in performance tests; identify bottlenecks, opportunities for optimization, and capacity demands."
business intelligence analyst,Business Intelligence Analyst,data,198,158,95000.0,31,22.7,78.4,25.8,"SQL, Data Analysis, Power BI, Tableau, Data Visualization, Excel",Senior Business Intelligence Analyst,In Technology Group,"Job Title:
Senior Business Intelligence Analyst
Salary:
£50,000
Location:
Birmingham (Hybrid)
About Us:
Our client is a leading software company with a strong commitment to data-driven decision-making. We are seeking a Senior Business Intelligence Analyst to join their dynamic and innovative team. This role offers the opportunity to work with cutting-edge technology, collaborate with a diverse group of professionals, and make a significant impact on their business growth and success.
Job Description:
As a Senior Business Intelligence Analyst, you will play a pivotal role in shaping this company's strategic direction through data analysis and reporting. You will work closely with cross-functional teams, providing valuable insights and actionable recommendations to drive business performance. Your expertise in data analysis, data visualization, and business intelligence tools will be crucial in ensuring their continued success.
Key Responsibilities:
Develop and maintain robust, scalable data models and dashboards.
Analyze complex data sets to identify trends, patterns, and opportunities for optimization.
Create insightful and visually appealing data visualizations and reports for bus",Business Intelligence Analyst postings typically ask you to: Perform Quality Assurance of all operational reporting. Review the accuracy of information provided and respond to escalated requests from management and vendors. Identify opportunities for large improvements among the clients and company. Work with personnel from other departments and information technology groups to facilitate successful project implementations.
information security analyst,Information Security Analyst,security,196,141,110000.0,33,30.6,50.8,32.1,"Cybersecurity, Incident Response, Risk Management, SIEM, Azure, Firewalls",Senior Information Security Analyst (3),Apex Systems,"Job#: 2003033
Job Description:
Senior Information Security Analyst
Hybrid 3x a week in Chandler, AZ
18 month W2 Contract
Day-to-day responsibilities:
Participate and identify security risks companywide and ensure that appropriate data security procedures and products are implemented. Maintain an awareness of bank security policies and government regulations pertaining to information security.
Investigate and respond to alerts from their internal systems, as well as calls and messages from internal and external parties about potential hits to the system during business hours, not “on call.”
Review the development, testing, and implementation of security plans, products, and control techniques.
Develop and implement security standards, procedures, and guidelines for multiple platforms and diverse systems environments.
Investigate and recommend appropriate corrective actions for data security incidents.
Identify regulatory changes that will affect information security policy, standards, procedures, and recommend appropriate changes.
Provide security consulting and project management services on highly complex information security projects and issues.
Collaborate and consult with peers","Information Security Analyst postings typically ask you to: Collaborate and consult with peers, colleagues, and managers to resolve issues and achieve goals. Ensure appropriate security controls are in place that will safeguard digital files and vital electronic infrastructure. Analyze suspicious email to determine threats with possible malicious intent. Monitor various cyber threat consoles, and receive threat alerts and event notifications upon detection of malicious/suspicious activity."
data architect,Data Architect,data,195,153,145000.0,19,37.4,56.4,40.0,"SQL, ETL, Data Modeling, Data Governance, AWS, Azure",Data Architect with Security Clearance,ClearanceJobs,"Job Number: R0180860 Data Architect
The Opportunity: For an organization to transform in today's digital world, it needs to properly collect, store, and organize its data. Effective data management can enable more efficient operations, yielding more growth. As a data architect, you know how to apply your creative thinking and analytical mindset to help organizations manage their data assets. We're looking for a data architecture lead like you to solve complex challenges and deliver leading-edge solution. As a data architect, you'll use your extensive technical expertise to lead the design of data architecture solutions. You'll resolve routine data architecture-related issues in collaboration with business analysts and technology teams by analyzing data architecture-related business needs and working with project staff to make decisions and recommendations on future data architecture developments. You'll lead your team as it designs, defines, develops, and tests cloud solution components, and you'll serve as a liaison between clients and developers to ensure that requirements are met and solutions are delivered. With your motivation to establish processes and facilitate technologica","Data Architect postings typically ask you to: Ensure that solutions underpin and actively support the delivery of business value from data, and identifying where additional data capture may be required. Ensure data governance is reflected in the software delivery lifecycle. Define appropriate longer-term data storage and management strategies. Design and implement data models, data warehouses, data lakes, and data integration processes to support the UHG's data needs."
database administrator,Database Administrator,database,194,143,119084.0,18,65.5,72.4,29.9,"SQL, Oracle, AWS, Linux, Windows, Azure",Database Administrator III,B.E.A.T. LLC,"Job Title:
Database Administrator III
Locations:
Multiple Locations (Rock Island IL ; Fort Huachuca, AZ ; Fort Detrick, MD ; Fort Stewart, GA ; Carlisle Barracks, PA ; Fort Dix, NJ; Ft Rucker, AL; Ft. Eisenhower, GA (Ft. Gordon))
Clearance:
Secret
Certifications:
CompTIA Security+CE
Education:
Bachelor’s degree in Engineering, Computer Science, Telecommunications or a related field
Roles And Responsibilities
Minimum six (6) year of experience in the design, development, implementation, and maintenance of data base management systems with three years of Remedy Action Request System.
Participates in/supports the identification, evaluation, and recommendation of DBMS design concepts and/or available products based on a matching of system capabilities to validated user requirements.
Determines file organization standards, table structures, indexing methods, replication schedules, and access controls for specific applications.
Develops data queries and report generation formats.
Monitors database usage, troubleshoots data compatibility and integrity issues, and makes modifications for enhanced performance.
Defines and documents database administration policies and procedures.
Show more
","Database Administrator postings typically ask you to: Install, upgrade, and manage databases. Maintain the performance of Oracle database servers. Diagnose and troubleshoot database errors. Manage database security."
network automation engineer,Network Automation Engineer,devops,188,6,,0,1.6,33.3,1.6,"Python, Ansible, Firewalls, DevOps, CI/CD, Terraform",Network Automation Engineer,Epic,"We are looking for an exceptional Network Automation Engineer to join our multi-tenant hosting team. You'll be instrumental in deploying, operating, and scaling a high-performance network that provides world-class availability, performance, and security. With this position comes a host (pun intended) of interesting and challenging issues that will test your technical prowess and call for clever, well-designed solutions.
You’ll provide network support within a small, collaborative team that is changing the way some of the nation’s largest healthcare organizations access our software. You’ll keep abreast of the latest technologies in a hands-on role that also provides a unique opportunity to shape the future direction and design of our systems while working directly with our customers through issues that arise. The ideal candidate is passionate about technology and the opportunity to play a foundational role in a new team, is self-motivated, and has great communication skills. Learn more about the team at https //careers.epic.com/Jobs/Hosting.
As a member of the Hosting team at Epic you'll be responsible for the confidentiality, integrity, and availability of Epic Hosting. Those resp",Postings for Network Automation Engineer do not phrase their day-to-day duties consistently enough to summarise automatically.
ddi network engineer,Ddi Network Engineer,network_infra,177,1,,0,100.0,,0.0,"DevOps, Windows, CI/CD, PowerShell, Python",Senior DDI Network Engineer,Epic,"We are seeking a DDI Network Engineer to design and implement DNS, DHCP, and IPAM strategies for our hosting infrastructure. You will manage, maintain, and scale DDI architecture for 85+ multi-tenant environments. You will reduce operational overhead and improve automation using DevOps methodologies and CI/CD tooling. You will provide consultation to the country's top healthcare organizations and engineer solutions. As part of Epic's Hosting team, you'll keep abreast of the latest technologies and work collaboratively with experts in a variety of knowledge areas to develop and maintain a robust, reliable, high-performance foundation for some of the largest healthcare organizations in the country to access our world-class software. Learn more about the team at https //careers.epic.com/Jobs/Hosting.
Desired Skills And Knowledge Areas
Background in networking fundamentals including TCP/IP, DNS, and DHCP
Experience investigating and diagnosing incidents and problems relating to DDI (Infoblox DNS, DHCP, IPAM) and related services
Experience with Windows DNS console, Infoblox, BIND, or other DNS/DHCP tools
Experience with automation and scripting languages such as Powershell, Python, and",Postings for Ddi Network Engineer do not phrase their day-to-day duties consistently enough to summarise automatically.
security analyst,Security Analyst,security,171,120,113350.0,17,33.3,45.3,31.0,"Incident Response, Cybersecurity, SIEM, Risk Management, Firewalls, Penetration Testing",Sr. Security Analyst,Neptune Technology Group,"Position Summary
As the Security Analyst, you will be responsible for ensuring the organization is effectively designing, developing, and implementing security compliance controls and solutions. You will engage with stakeholders throughout the organization, and throughout the Product Lifecycle to ensure that standard security practices are followed and implementing risk mitigations where required. The position will work closely with IT Operations, Information Technology, Commercial Software, and Engineering, along with the business to ensure there is a consistent and common approach to implementation of security and compliance management activities.
Responsibilities
Security Operations and Risk Management
Collaborate with cross-functional teams to implement compliance initiatives and security controls
Lead Security projects from ideation through deployment/delivery, while supporting day to day Security Operations
Support Neptune’s Security Operations Center (24x7x365) on overall event and incident management activities
Ensure security requirements are implemented within various stages of the Software/System/Product lifecycle process
Working with various product management teams fro","Security Analyst postings typically ask you to: Provide technical expertise regarding security-related concepts to operational teams within the department and the business. Review, investigate, and respond to real-time alerts within the environment. Review real-time and historical reports for security and/or compliance violations. Monitor online security-related resources for new and emerging cyber threats."
jde business analyst,Jde Business Analyst,product,166,3,,0,0.0,0.0,6.0,,JDE Business Analyst (Supply Chain),LATICRETE International,"Classification:
Salary
Job Description:
Are you looking for a new challenge? Passionate about innovation? Want to work for a company that values integrity, teamwork and loyalty?
At
LATICRETE International
we are driven to be a top ten construction chemical company that still values family, diversity, collaboration and invention. We’ve been in business for over 65 years, family owned/operated for three generations and are available in 100 countries.
In 2017, The Hartford Business Journal named us one of Connecticut’s Top Family Owned Companies!
We don't just make innovative, industry-leading products. We strive to connect with, engage with and improve the lives of our employees, our customers, our partners, and the global communities in which we operate.
We are seeking passionate and ambitious employees who want to make a difference not just within our organization, but within their communities and the world. If that sounds like you, then what are you waiting for? Join the family and expand your horizons!
Just some of our benefits:
Medical
Dental
Vision
401k
Tuition reimbursement
13 paid holidays in addition to paid vacation and sick time
Flexible spending
Life Insurance, AD&D and S",Postings for Jde Business Analyst do not phrase their day-to-day duties consistently enough to summarise automatically.
founding fullstack engineer,Founding FullStack Engineer,engineering,162,13,175000.0,3,0.6,100.0,95.1,"React, Python, TypeScript, Next.js, Node.js, AWS","Founding Fullstack Engineer, Seed",Recruiting from Scratch,"Who is Recruiting from Scratch :
Recruiting from Scratch is a premier talent firm that focuses on placing the best product managers, software, and hardware talent at innovative companies. Our team is 100% remote and we work with teams across the United States to help them hire. We work with companies funded by the best investors including Sequoia Capital, Lightspeed Ventures, Tiger Global Management, A16Z, Accel, DFJ, and more.
https://www.recruitingfromscratch.com/
Our Client
It has never been more expensive to acquire customers or challenging to retain them.
Our client is revolutionizing customer and community engagement through no-code Interactive Loyalty tools – helping brands, sports teams, creators tackle the challenges of customer acquisition and retention, trusted by GODIVA, BLONDISH, Market, Les Benjamins and more..
Responsibilities
Build autonomously and lead their vertical of feature and product in a fast pace over time in collaboration with the CEO, engineers, and design team
Develop, end to end lead new customer-facing features across our web apps and backends.
Scale our backend systems and build automation tools for our next million users
Configure monitoring, deploym","Founding FullStack Engineer postings typically ask you to: Design, implement, and manage robust APIs to facilitate access to fine-tuned language models, ensuring scalability and security for high-stakes applications. Build and grow our engineering organisation, setting a high bar of excellence that propels atla forward. Collaborate with other engineers and designers to build a user-friendly and intuitive platform that meets our customers' needs. Write pipelines to ingest and transform business data from dozens of sources using Python and SQL."
software architect,Software Architect,engineering,161,90,156500.0,21,45.3,78.4,31.7,"Software Architecture, Java, SQL, .NET, DevOps, CI/CD",Software Architect,"DATAMARK, Inc.","Description
Position Overview:
The Software Architect is responsible for the design, implementation, security and performance of a company’s software. The Software Architect will collaborate with members of the Software Development team and other key departments to determine functional and non-functional requirements for a new software or applications.
Primary Responsibilities:
Participate in the evaluation, selection, implementation and support of off-shelf tools to improve operational productivity and efficiency.
Promote the use of Open Source Software for areas that show it to be the best alternative.
Analyze system solution requirements in order to aid in the design of software systems.
Create comprehensive designs for systems that implement required business solution.
Define alternative solutions to current problems related to existing software systems.
Ensure that system designs are consistent and user-friendly.
Create/maintain comprehensive design documentation for assigned product(s).
Participate in establishing and pursuing the long-term technology vision for the team
Qualifications
Minimum Qualifications:
Education Requirement:
Bachelor’s degree in technical area, or equi",Software Architect postings typically ask you to: Identify and establish various architecture patterns within the application. Work with stakeholders to provide various architecture options with pros and cons. Own solution and define the architecture of the application with the impact of the application in the grand scheme of things. Provide a point of view in selecting the right set of tools and technology for the project including buy v/s build options.
network architect,Network Architect,network_infra,158,102,146800.0,14,37.3,42.2,40.5,"Firewalls, Azure, AWS, Ansible, Python, VMware",Senior Network Architect,Abidi Solutions,"Please share senior profiles for the below requirement with 14+ years of experience as Network Architect.
Its an Onsite role - NY
Job Title:
Network Architect
Location:
Brooklyn, NY
Duration:
Long Term (up to 12 Months)
Mode of Interview:
Zoom/ Microsoft Teams
Mode Working:
100% On Site at Client Location
Visa Status:
Citizen/ Green Card/ H1B
POSITION – Network Architect
Responsibilities
Asses the current data center networks supported by the DOE/DIIT
Designing and architecting enterprise data center network solutions
Designing and architecting load balancing solutions
Designing and implementing enterprise solutions involving NGFW technologies
Manage migration events to support the decommissioning of legacy equipment
Coordinate post-deployment escalations and collaborate with the DIIT teams to ensure timely resolution
Mandatory Qualifications
The successful candidate must have minimally achieved the following level of experience:
12+ years’ experience planning, designing, configuring and implementing enterprise networks (Wide Area and Data Center) using technology products such as such Cisco ASR, Cisco 9k/7k/5k, Cisco ACI, and VMware NSX.
In-depth knowledge of IP networking and web","Network Architect postings typically ask you to: Support a Cisco centric WAN, LAN, and WLAN environment. Implement networking solution to meet the business requirements and at the same time meet OTI’s Best practices guidelines. Collaborate with OTI’s Architect teams for developing operable solutions for Citywide requirements. Lead build for installing new network devices."
information technology specialist,Information Technology Specialist,security,156,6,,0,1.3,0.7,95.5,"Cybersecurity, Unix, Windows, SIEM, Risk Management, ServiceNow",Information Technology (IT) Specialist (Security - INFOSEC),Indian Health Service,"Summary
The IT Specialist (INFOSEC) will work in the Office of Information Technology, Division of Information Security located at the Headquarters of the Indian Health Service in Rockville, MD. The incumbent of this position will serve as an IT Specialist responsible for planning, developing, organizing, and coordinating IT security projects, which at times involve exceptional controversy, intensive outside interest, and significant long-range effects.
Drafting Policies And Related Standards
Provides audit liaison support to IT operations, such as the Federal Information Security Act (FISMA), Chief Financial Officer, and others as directed.
Assisting with Development of Program:
Assists in developing procedures, awareness programs, and supporting templates to aid stakeholders in developing their IHS certification and accreditation.
Participation in Surveys:
Individually or as a team member, participates in surveys, studies and other investigations of management practices and administrative operations to determine the adequacy of present systems and to improve organizational operations.
Division Support for Requirements:
Supports the division with FISMA and NIST framework requireme",Postings for Information Technology Specialist do not phrase their day-to-day duties consistently enough to summarise automatically.
platform engineer,Platform Engineer,devops,156,50,172000.0,12,91.7,79.6,34.6,"DevOps, AWS, Python, Terraform, Kubernetes, Docker",Senior Lead Platform Engineer (IAM),Jobs for Humanity,"Company Description
Jobs for Humanity is partnering with Capital One to build an inclusive and just employment ecosystem. Therefore, we prioritize individuals coming from the following communities: Refugee, Neurodivergent, Single Parent, Blind or Low Vision, Deaf or Hard of Hearing, Black, Hispanic, Asian, Military Veterans, the Elderly, the LGBTQ, and Justice Impacted individuals. This position is open to candidates who reside in and have the legal right to work in the country where the job is located.
Company Name: Capital One
Job Description
West Creek 4 (12074), United States of America, Richmond, Virginia
Senior Lead Platform Engineer (IAM)
Do you love building and pioneering in the technology space? Do you enjoy solving complex technical problems in a fast-paced, collaborative, inclusive, and iterative delivery environment? At Capital One, you'll be part of a big group of makers, breakers, doers and disruptors, who love to solve real problems and meet real customer needs. We are seeking Platform Engineers who are passionate about creating and supporting DevOps tools with emerging technologies to join our team. As a Platform Engineer, you’ll have the opportunity to be on the f","Platform Engineer postings typically ask you to: Develop quality software and web applications. Design and implement highly scalable code. Work with a diverse team of government and contractor personnel. Design sophisticated software components, services, and platforms."
application developer,Application Developer,engineering,156,105,102855.0,14,72.4,64.3,35.9,"SQL, .NET, JavaScript, HTML, AWS, Java",Sr Application Developer,Bayforce,"Role Title:
Sr. Application Developer
**NO Sponsorship or 3rd Parties for this role.
Duration:
6 month+ CTH
Location:
5 days / week on site - East Chicago, IN
Role Description:
A client in the manufacturing industry is looking for a skilled Application Developer to develop and maintain planning, quality, and logistics applications using the Microsoft web developer toolset. This person will be working directly with business management and staff to gather requirements, perform analysis and create Functional & Technical specifications. They will provide support to the business users, a team player mentality is essential to succeed in this role.
Requirements:
Experience programming in the Microsoft tech stack (.NET core, C#, ASP.net, MVC, entity framework, JS, JQuery, Angular JS, SQL Server, etc.)
8+ years' IT experience
Prior experience working directly with the business in a Systems Analyst role or similar
Plusses:
Oracle development background
Experience in any of the following:
SSIS
Power BI
Vb.net
AJAX
Bootstrap
GIT
Show more
Show less","Application Developer postings typically ask you to: Review, define, design, program and implement solutions for our core systems using third and fourth generation programming languages. Work with other technical staff and business partners to understand platforms, integration points (APIs, services) and database structures. Perform object-oriented and structured programming, depending on business need. Research, analyze, design, document, and create test plans and prototype host applications and solutions that integrate with third-party systems."
salesforce developer,Salesforce Developer,engineering,155,110,145500.0,9,61.9,65.3,46.5,"Salesforce, JavaScript, CSS, HTML, Java, SQL",Salesforce Developer,TECHOHANA,"Job Title: Salesforce Developer
About Us:
Our client is dedicated to bettering the world and is trying to improve the world. With this, our client is a non profit organization.
Role Overview:
We are seeking a skilled Salesforce Developer to join our dynamic team. As a Salesforce Developer at our client, you'll be instrumental in building and optimizing our Salesforce platform. Your expertise will contribute to the success of our business operations and enhance the experience for our customers and internal stakeholders.
Responsibilities:
Design and develop customized Salesforce solutions using Apex, Visualforce, and Lightning components to meet business requirements.
Collaborate closely with stakeholders to understand needs, propose solutions, and implement scalable Salesforce applications.
Integrate Salesforce with other systems and platforms, ensuring seamless data flow and functionality.
Maintain and enhance existing Salesforce functionalities, troubleshoot issues, and provide ongoing support.
Keep abreast of Salesforce updates, best practices, and industry trends to suggest improvements and optimizations.
Requirements:
Bachelor's degree in Computer Science, Engineering, or a rel","Salesforce Developer postings typically ask you to: Design and develop customized Salesforce solutions using Apex, Visualforce, Lightning Components, and other relevant technologies. Perform code reviews and ensure adherence to best practices, coding standards, and quality guidelines. Collaborate with other developers, architects, and administrators to integrate Salesforce with external systems, third-party applications, and data sources. Lead and contribute to the implementation of complex Salesforce projects, from design to deployment, ensuring scalability, performance, and security."
virtualization engineer,Virtualization Engineer,network_infra,153,4,,0,0.7,,0.0,"VMware, DevOps, PowerShell, Python, Windows",Virtualization Engineer,Epic,"We are looking for a VMware Engineer to join our multi-tenant, industry-leading, hosting team managing an environment of over 6000 hosts and over 65,000 virtual machines. You’ll apply your technical prowess and problem-solving skills to develop and maintain a robust, reliable, high-performance foundation for some of the largest healthcare organizations in the country to access our world-class software. Our multi-tenant, ever-growing environment scales through our code-first, DevOps focused culture. Spend more time automating and orchestrating and less time performing point-and-click tasks.
As part of Epic's hosting team, you'll enjoy opportunities to keep abreast of the latest technologies. You'll collaborate with infrastructure teams from traditional networking to storage administration to influence the design of our high-performance systems that ultimately allow healthcare providers to better do what they do best - take great care of patients. Shifted hours available. Learn more about the team at https //careers.epic.com/Jobs/Hosting.
As an Epic employee, you'll get to experience our state-of-the-art campus, eat delicious food, and improve healthcare for the world. We don't belie","Virtualization Engineer postings typically ask you to: Develop and implement virtualization strategies to optimize system performance and resource utilization. Collaborate with other engineering teams to integrate virtualized environments with existing systems. Perform routine maintenance tasks, updates, and patches to ensure system stability. Provide on-call support for critical incidents and participate in a rotation schedule."
it business analyst,IT Business Analyst,product,145,118,86528.0,15,22.8,70.8,44.8,"SQL, Excel, Jira, Data Analysis, Salesforce, Agile / Scrum",IT Business Analyst,Mallinckrodt Pharmaceuticals,"Job Title
IT Business Analyst
Requisition
JR000013790 IT Business Analyst (Open)
Location
US Specialty Brand Headquarters - USA501
Additional Locations
Bridgewater, NJ, St. Louis, MO
Summary
Job Description
The IT Business Analyst role will identify, define and document business processes and software requirements to be developed as software. They serve as a liaison between business and IT teams by facilitating communication and determining software objectives that align with stated and unstated business needs. This person will be responsible for overseeing requirements gathering, which includes eliciting, validating, and verifying the business needs and supporting system enhancements thru to production implementation. This person should be able to quickly learn new business processes and applications to support the business. Participates both hands-on and guiding 3rd parties / managed services through the software development lifecycle, including generation of functional and technical specifications, documentation of processes, generation and execution of test scripts and management of the change control process. This position may also support daily operational responsibilities fo",IT Business Analyst postings typically ask you to: Manage requirements changes through the lifecycle of product development ensuring development teams comprehend new functionalities. Partner with various regional and global functions to identify. Document and track current and future state business processes and requirements within one or more functional business areas. Create functional specifications based on business requirements.
frontend developer,Frontend Developer,engineering,143,123,125000.0,6,61.5,70.4,49.7,"JavaScript, React, CSS, HTML, Angular, TypeScript",FRONT-END DEVELOPER,S M Software Solutions Inc,"Job Title - FRONT-END DEVELOPER
Hybrid. 2-3 days to office in Downtown, Toronto.
End client: Intuit
Qualifications
BS/MS in Computer Science or related area or equivalent experience.
10+ years experience in developing front end applications and frameworks using Javascript, including concepts like asynchronous programming, module system, bundling, closures, types, and ES6.
Solid understanding of fundamental web technologies such as HTTP, REST, AJAX and JSON
Strong proficiency in HTML, CSS and JavaScript(ES6+), TypeScript and React.
Thorough understanding of REST principles and best practices of building and using RESTful APIs.
Thorough understanding of core design principles and common design patterns of JavaScript.
Familiarity and experience with common web compilation and bundling frameworks, including Webpack/Rollup/BaBel.
Familiarity with test automation frameworks like Playwright and Cypress.
Working knowledge of agile practices and principles.
Working knowledge of cloud technologies (AWS).
Powered by JazzHR
LCseSHf6V8
Show more
Show less",Frontend Developer postings typically ask you to: Assist in strategically assigning work to help meet business timelines and provide opportunities to developers to strengthen their skills. Maintain and update existing websites using common Adobe CS products and other web packages and applications. Maintain client-side HTML \ JavaScript \ JQUERY (legacy sites only) \ CSS. Work in a hands-on principal role.
jd edwards business analyst,Jd Edwards Business Analyst,product,142,3,,0,0.0,,0.0,SQL,JD Edwards Business Analyst,LATICRETE International,"Classification:
Salary
Job Description:
Are you looking for a new challenge? Passionate about innovation? Want to work for a company that values integrity, teamwork and loyalty?
At
LATICRETE International
we are driven to be a top ten construction chemical company that still values family, diversity, collaboration and invention. We’ve been in business for over 65 years, family owned/operated for three generations and are available in 100 countries.
In 2017, The Hartford Business Journal named us one of Connecticut’s Top Family Owned Companies!
We don't just make innovative, industry-leading products. We strive to connect with, engage with and improve the lives of our employees, our customers, our partners, and the global communities in which we operate.
We are seeking passionate and ambitious employees who want to make a difference not just within our organization, but within their communities and the world. If that sounds like you, then what are you waiting for? Join the family and expand your horizons!
Position Summary
This role will be responsible for analyzing/supporting JD Edwards based solutions. Facilitates the integration of technology into business operations with the goal",Postings for Jd Edwards Business Analyst do not phrase their day-to-day duties consistently enough to summarise automatically.
php developer,Php Developer,engineering,140,41,114400.0,3,84.3,69.0,20.7,"PHP, JavaScript, MySQL, HTML, CSS, Git",Senior PHP Developer,MindPal,"We are looking for
Senior PHP Developer
Responsibilities
Creation, development and maintenance of advanced web applications in PHP language
Design and implementation of back-end solutions, including integration with databases, external services and other system components
Optimising and monitoring application performance and troubleshooting application issues
Collaborate with the development team, architects and other stakeholders to understand business and technical requirements and deliver the highest quality solutions
Ensuring high quality code, adhering to best programming practices and ensuring security compliance
Requirements
Minimum 4 years of experience in PHP programming and web application development
Knowledge of advanced PHP technologies such as Laravel, Symfony, or Zend Framework
Experience working with databases such as MySQL, PostgreSQL, or MongoDB
Knowledge of front-end technologies such as HTML, CSS, JavaScript and frameworks such as Vue.js or React
Knowledge of version control tools such as Git
Ability to troubleshoot, analyse code and optimise performance
Good knowledge of spoken and written English
We Offer
Type of contract B2B
Full-time job
Remote and flexible ","Php Developer postings typically ask you to: Collaborate with multiple teams to provide technical knowhow, solutions to complex business problems. Collaborate with design and development teams to escalate unresolved issues when necessary. Collaborate with Product, Engineering, and Operational Teams to create efficient and effective software products used by millions. Work on problem-solving and mentor new team members to ensure clean code is produced."
control systems engineer,Control Systems Engineer,devops,136,65,127726.0,8,66.2,17.2,21.3,"System Design, Cybersecurity, MATLAB, VMware, C++, Data Analysis",Control Systems Engineer,"Liberty Personnel Services, Inc.","Job Details:
Control Systems Engineer
Renowned Automation Systems Integrator seeks intermediate or senior level Electrical Controls Engineer with ability to program, implement & develop PLC, HMI & SCADA systems.
BS degree in Electrical Engineering
Allen Bradley PLC, HMI programming, development
HMI/SCADA: FactoryTalk & Wonderware background
Industrial control systems design, programming, testing, commissioning and start up experience
VT SCADA experience preferred
PlantPAx
Oil & Gas/Energy, Water/Wastewater, Mission Critical, Data Center, Food & Bev and similar process controls industries
Ability to travel
I/O's
P&ID's
VFD's
Fisher ROC, ABB Totalflow
Client interaction skills
Fantastic opportunity to work for a top systems integration firm!
FT, permanent, direct hire!
Contact: Patrick Del Gaone, Liberty Personnel: PD@LibertyJobs.com
Keywords:
ControlLogix, RSLogix, SLC-500, CompactLogix,
FactoryTalk View SE, RSView, Intellution iFix, VTScada, Wonderware InTouch & ArchestrA,
Proficy Historian, iHistorian, Midstream Oil & Gas, Water/Wastewater, Energy, DeltaV, Siemens, Schneider Electric, GE Fanuc, Modicon
#Controls
#Midsenior
Show more
Show less","Control Systems Engineer postings typically ask you to: Work collaboratively with project technical leads to identify work/task brea. Create and maintain technical documentation, including design specifications, test plans, and user manuals. Troubleshoot and debug control systems, including PLCs, HMIs, and SCADA systems. Provide technical support to clients and end-users, including training and troubleshooting."
business intelligence developer,Business Intelligence Developer,data,131,94,103550.0,20,36.6,48.8,31.3,"SQL, Tableau, Power BI, ETL, Data Analysis, SSIS",Business Intelligence Developer,Insight Global,"Day to Day
We are looking for a Senior Business Intelligence Engineer with broad technical skills to dive deep into complex data projects. Reporting into the Lead BI Engineer, you collaborate with central analytic and data engineering teams that consist of Analysts, Data Engineers, and Data Architects, to support end-to-end pipelines and Business Intelligence frameworks. You will have experience developing and establishing scalable, efficient, automated processes for large-scale data analyses and have an excellent ability dealing with huge volumes of data. You will also stay informed of the latest trends and research on all aspects of BI and Analytics and will have experience delivering complex projects with broad decision-making on technical decisions and implementation.
Key Responsibilities
● You will develop automated reporting to promote data-driven decisions across our team and with partner teams.
● You will be involved in the entire development life cycle from brainstorming ideas to implementing elegant solutions to derive data insights.
● You will gather requirements, model and design solutions to support reporting analytics.
● You will work with analysts, understand require","Business Intelligence Developer postings typically ask you to: Work with a team of business stakeholders, junior Tableau developer(s), BA and PO in developing wireframes and other dashboard mockups. Provide guidance and experience to best practice in designing BI visualization. Develop design specifications when necessary. Provide education and guidance to junior BI Developer(s) in effective Tableau dashboard development."
frontend engineer,Frontend Engineer,engineering,130,73,205000.0,11,81.5,84.4,49.2,"React, JavaScript, TypeScript, CSS, HTML, GraphQL",Senior Frontend Engineer,Recruiting from Scratch,"Who is Recruiting from Scratch :
Recruiting from Scratch is a premier talent firm that focuses on placing the best product managers, software, and hardware talent at innovative companies. Our team is 100% remote and we work with teams across the United States to help them hire. We work with companies funded by the best investors including Sequoia Capital, Lightspeed Ventures, Tiger Global Management, A16Z, Accel, DFJ, and more.
https://www.recruitingfromscratch.com/
Our Client
As a Frontend engineer, you will play a key role in building software that empowers users to create secure multi-cloud resources. You will work closely with a talented team of developers, devops, and security professionals to reimagine how cloud resources are owned, managed, and secured.
We are looking for an entrepreneurial individual with a growth mindset and a passion for building fast, scalable, and reliable software. You should have experience in building resilient and beautiful UI and applications using technologies such as React, Javascript/Typescript, and build tools such as Vite/Webpack.
As an early stage startup backed by top investors, this is an exciting opportunity to have a significant impact an",Frontend Engineer postings typically ask you to: Collaborate closely with our backend developers to integrate UI components with backend APIs and databases. Build engaging UIs and write testab. Build the future of data. Build for scale and high performance.
c# net developer,C# Net Developer,engineering,130,12,,0,8.5,97.5,93.8,".NET, SQL, Jira, DevOps, Git, AWS",C#/.Net Developer,"Syms Strategic Group, LLC (SSG)","Syms Strategic Group (SSG)
is seeking a talented .
Net/C# Developer
Department:
Veterans Affairs
Type:
Full Time
Min. Experience:
Experienced
Security Clearance Level:
Public Trust (MBI)
Military Veterans are highly encouraged to apply!
Essential Duties And Responsibilities
.Net and/or C# experience required.
Performs code reviews.
Performs system maintenance and enhancements.
Designs and develops computer systems or programs, including prototypes, based on user defined requirements.
Writes code, programs, tests, and analyzes new application software.
Works more independently with IT functional units and business units.
Required Skills and Experience
8+ years’ .Net experience and/or
8+ years’ C# experience
SQL DB
GIT
AWS experience
JIRA Experience
Experience in a high paced DevOps environment
Experience in large scale Enterprise environments
U.S. Citizenship required for this position.
Professional Certifications
None required however AWS Cloud Certification is a plus
Years of Professional Experience
8+ years of C# development experience
8+ years of .NET development experience
AWS
GIT
Experience in large scale Enterprise environments
Desired experience
Electronic Data Interchange X","C# Net Developer postings typically ask you to: Ensure proper use of code analysis tools and assess automated security scans of code. Collaborate with cross-functional teams to design, develop, and deploy impactful products. Collaborate with stakeholders to gather and analyze business requirements, translating them into technical specifications. Implement and maintain Azure cloud services, ensuring scalability, availability, and reliability."
cloud engineer,Cloud Engineer,devops,127,96,137300.0,18,63.8,83.7,33.9,"Azure, AWS, DevOps, Terraform, Kubernetes, CI/CD",Sr Cloud Engineer II,Pacific Life,"Job Description
Pacific Life is maturing its cloud platforms to support its digital transformation journey. We are looking for a senior level cloud engineer that will help us build the capabilities for the organization to leverage cloud services safely, securely, and efficiently at scale. This individual will be part of a team of highly skilled cloud engineers who will help in building the next generation of cloud platforms at Pacific Life. They will be integral to the design and implementation of core cloud infrastructure, CI/CD pipelines for build and deploy, cloud governance platforms and controls, and the necessary automation and best-in-class tooling to support it. The individual will provide expert consultation and guidance to these key areas and help us build a world-class suite of cloud-enabled capabilities. The successful candidate will have proven experience in achieving these goals in a large and highly distributed enterprise organization. They should be a team player, great communicator, insatiable learner, and business-value oriented.
Essential Duties & Responsibilities
Deliver software programs, scripts, configuration files, and other programming artifacts as needed t","Cloud Engineer postings typically ask you to: Manage security and access controls of cloud-based solutions. Support cloud adoption of applications as they are being transformed and/or modernized. Configure and customize features to the infrastructure using Kubernetes, Docker, Jenkins, and other cloud-based tools. Perform systems management and integration functions."
technical support specialist,Technical Support Specialist,it_support,126,86,59750.0,13,26.2,32.7,38.9,"Windows, Active Directory, Excel, Salesforce, VMware, Firewalls",Technical Support Specialist,Motion Recruitment,"Technical Support Specialist
Onsite Logan, UT
12-Month Contract with The Opportunity for Extension or Conversion
Our client is looking for a Technical Support Specialist who will play a key role in the customer support function. As Technical Support you are expected to demonstrate strong technical knowledge and a customer service focus for a wide variety of technologies and applications.
What You Will Be Doing
A Technical Support Tier 1 employee responds to and resolves customer tickets that include questions, requests for services and technical troubleshooting.
Be the Hands and feet for the team- anything plugged into the network - contractor will be working on. Infrastructure – provide hands and feet to understand basics in the onsite environments.
Managing and troubleshooting Windows OS / Server environments
Managing, troubleshooting, and deploying printers
Required Skills & Experience
Some college-level training with specialized course work in computer science, personal computer operations or related subject; and A+ and one other technical certification
2-3+ years’ work experience involving computer hardware/software at a technical level.
Demonstrated proficiency with operating","Technical Support Specialist postings typically ask you to: Create service cases and work orders. Assist with product installation and initial troubleshooting, including software, network, and hardware issues. Provide Tier 2 technical product support, involving network switches. Research and provide accurate and complete information by using the provided methods/tools."
fullstack software engineer,FullStack Software Engineer,engineering,116,72,149700.0,29,75.0,64.5,26.7,"React, Java, JavaScript, AWS, Angular, TypeScript","Full Stack Software Engineer, Senior with Security Clearance",ClearanceJobs,"Job Number: R0183948 Full Stack Software Engineer, Senior
The Opportunity: As a full stack developer, you can resolve a problem with a complete end-to-end solution in a fast, gile environment. If you're looking for the chance to not just develop software, but to create a system that will make a difference, we need you on our team. We're looking for an experienced developer like you with the skills needed to develop software and systems from vision to production-ready. This role is more than just coding. As a senior full stack developer at Booz Allen, you'll use your passion to master new tools and techniques and identify needed system improvements. You'll help clients overcome their most difficult challenges using the latest architectural approaches, tools, and technologies. You'll make sure the solution developed by the team considers the current architecture and operating environment, as well as future functionality and enhancements. Work with us as we shape systems for the better. Join us. The world can't wait. You Have: * 5+ years of experience designing, modifying, developing, writing, and implementing software programming applications using Agile methods * 5+ years of experie","FullStack Software Engineer postings typically ask you to: Work with us as we shape systems for the better. Collaborate closely with cross-functional teams to integrate SCADA solutions seamlessly. Collaborate with cross-functional teams to understand requirements and translate them into robust, maintainable code. Lead the implementation of features across the entire softwar."
founding software engineer,Founding Software Engineer,engineering,113,19,150000.0,3,0.9,100.0,83.2,"React, Python, AWS, TypeScript, JavaScript, Machine Learning","Founding Software Engineer, Seed Stage",Recruiting from Scratch,"Who is Recruiting from Scratch :
Recruiting from Scratch is a premier talent firm that focuses on placing the best product managers, software, and hardware talent at innovative companies. Our team is 100% remote and we work with teams across the United States to help them hire. We work with companies funded by the best investors including Sequoia Capital, Lightspeed Ventures, Tiger Global Management, A16Z, Accel, DFJ, and more.
https://www.recruitingfromscratch.com/
About Our Client
Our client is on a mission to modernize the $220B+ Metal Service Center (MSC) industry – the backbone of America's industrial economy. Through our platform, we aim to transform the $1T metal value chain and digitize metal distribution throughout North America.
Metal Service Centers hold a pivotal position in the metal supply chain, processing and distributing half of the 88M tons of steel produced in the US annually. Essential industries depend on MSCs for everything from aircraft and skyscrapers to automobiles and medical devices. Despite their critical role, MSCs are held back by legacy software from the '70s and '80s, costing the industry over $10B in unrealized earnings each year.
Driven by their cu","Founding Software Engineer postings typically ask you to: Support for your personal and profes. Build and maintain technical documentation and diagrams for the codebase, APIs, and infrastructure. Provide mentorship, guidance, and technical leadership to other engineers on the team. Work with the co-founders to hire, manage, and grow the engineering team as the company scales."
software engineer manager,Software Engineer Manager,engineering,102,67,161650.0,20,100.0,72.4,28.4,"DevOps, Microservices, Distributed Systems, AWS, SQL, C++",Software Engineering Manager with Security Clearance,ClearanceJobs,"Job Description At Boeing, we innovate and collaborate to make the world a better place. From the seabed to outer space, you can contribute to work that matters with a company where diversity, equity and inclusion are shared values. We're committed to fostering an environment for every teammate that's welcoming, respectful and inclusive, with great opportunity for professional growth. Find your future with us. The Boeing Company is looking for a Software Engineering Manager to join our growing team in Kent, WA. This position will work within the Boeing Defense, Space, & Security (BDS) business unit and will lead software engineers within the Rapid Space Capabilities (RSC) software team. The charter of the RSC team is to rapidly develop and deploy innovative, experimental products requiring highly advanced and novel approaches to achieve never-before-attempted missions. We work with a variety of customers to develop next-generation technologies in space. Our group works all facets of engineering from technology investment, concept development, proposal writing, requirements, design, build, integration, test, and demonstration of products in their relevant environments. Position Resp","Software Engineer Manager postings typically ask you to: Work Planning: Set and achieve objectives in alignment with the Director of Engineering, managing personal work plans effectively. Provide engineering staffing to programs. Ensure adherence to established engineering processes. Manage workload forecasting, hire/develop new engineering talent."
desktop support technician,Desktop Support Technician,it_support,100,57,53820.0,12,18.0,2.2,45.0,"Windows, Active Directory, ServiceNow, Excel, Cybersecurity, Linux",Senior Desktop Support Technician,Latitude Inc,"New Job Opportunity - Senior Desktop Support Technician
New job opportunity with a client based out of
Bethesda, MD.
Looking to hire an experienced Desktop Support technician with at least five years of related work experience. We are trying to fill this role within the next 2 weeks.
Logistics of the Role:
6 Month Contract to Hire
On Site
Day to Day Activities:
Your primary responsibility will be to provide first contact resolution for account administration, desktop, laptop, mobile devices, applications, and network connectivity problems remotely in a call center or walkup desk;
Installing/configuring Windows and Mac operating systems.
Troubleshoot computer problems, perform hardware and software diagnostics, coordinate needed repairs, resolve computer system problems, including coordination between users and components of a local area network, and participate in the evaluation of system configuration and software.
Responding to service requests and incidents via ticketing system, ensuring timely resolution and maintaining accurate records of all support activities
Qualifications:
Bachelor's degree in a relevant field or equivalent work experience.
Proven experience in desktop sup","Desktop Support Technician postings typically ask you to: Provide support including resolution of incidents, problems and mitigation actions within the defined Tech Ops support processes. Provide support for request provisioning including MACD (Moves, Adds, Changes, and Deletes) within the defined TECH OPS processes. Analyze, troubleshoot and re. Troubleshoot and resolve hardware and software issues related to RF scanners."
programmer analyst,Programmer Analyst,engineering,98,58,98700.0,7,66.3,79.3,29.6,"SQL, Oracle, .NET, Java, JavaScript, Excel",Programmer Analyst IV,GlobalPoint Inc,"Job Posting Title: Programmer Analyst IV-
Duration: 12 Months+
Site: Berkeley Heights, NJ-07922-Onsite
Visa Required: USC OR Green Card only
No C2C and No visa Candidates.
Description
A Programmer Analyst consults with users, to determine hardware, software or system functional specifications. Designs and develops computer systems or programs, including prototypes, based on user defined requirements. Writes code, programs, tests, and analyzes new application software. May formulates management policies for user rights and security. Advise IT management about IT issues within the Company.
Enhance and Support
- Internal custom built application
Specific technologies include:
Java/JEE, Spring, RESTful Microservices, Active MQ, Maven, GitLab, Harness, Splunk, Shell scripts and database PL/SQL
Show more
Show less",Programmer Analyst postings typically ask you to: Perform business requirements analysis conduct gap analysis and develop well defined detailed functional requirements. Execute full software development life cycle (SDLC) including experience in gathering requirements and writing functional/technical specifi. Work at this level requires full proficiency in more than one testing tool. Work at this level requires full proficiency in GIS software tools and supervisory skills.
network administrator,Network Administrator,network_infra,97,82,117198.0,17,58.8,24.2,34.0,"Firewalls, Windows, Cybersecurity, Active Directory, VMware, Linux",Senior Network Administrator with Security Clearance,ClearanceJobs,"Job Details Job Description Computer World Services, Corporation (CWS) is seeking a highly skilled and experienced Network Administrator to provide comprehensive systems of systems administration support for the current Continental United States (CONUS), Outside of Continental United States (OCONUS), Korea, Japan, European, Southwest Asia, and Pacific Theater architectures. The Network Administrator will work with a team to provide support on a 24/7/365 basis to ensure the Army Enterprise systems of systems operate efficiently, securely, and effectively. The candidate will be responsible for network configuration, security, and overall network administration in collaboration with our team. Key Tasks and Responsibilities
Provide network administration support for the Army Enterprise across multiple geographic locations, including Fort Huachuca and various worldwide sites as required.
Offer technical advice and support services for network planning, validation, implementation, and management based on government-determined priorities.
Keep the Contracting Officer's Representative (COR) informed of any cost, schedule, or performance impacts as they occur.
Configure and maintain network","Network Administrator postings typically ask you to: Manage networks using Palo Alto and Fortinet firewalls; Cisco & Fortinet routers, switches, wireless access points, Cisco Meraki solutions. Lead and execute migration projects from Cisco to Fortinet environments with minimal disruption. Conduct regular maintenance, updates, and health checks of all network components. Provide on-call support on a rotational basis, resolving network issues efficiently."
quality assurance analyst,Quality Assurance Analyst,qa,97,85,82500.0,11,46.4,60.5,39.2,"SQL, Jira, Java, Agile / Scrum, Excel, DevOps","Senior Quality Assurance Analyst | Brooklyn, NY | Contract",Spanco Solutions,"Title
: Senior Quality Assurance Analyst
Start Date
: 11/30/2023
End Date
: 11/30/2026
Position Type
: Contract
Location
: Brooklyn, NY, United States
Description
MANDATORY SKILLS/EXPERIENCE
Note: candidates who do not have the mandatory skills will not be considered.
Minimum of 10 years of QA Analyst experience with at least 4 years of recent experience as a Senior QA Analyst.
Proficiency in analyzing business and functional documents.
Experience in STLC and Defect Life Cycle. Candidate will be required to prepare effort estimation and conduct all aspects of testing.
The candidate must have a certain level of business acumen coupled with technical knowledge.
Experience working with test automation tools.
Proven ability to simulate and execute integrated and isolated tests to analyze results, leveraging CRUD operations on large volumes of raw data using SQL.
Experience identifying and defining project scope, understand technical specifications and setup test environment, set clear goals and expectations, manage multiple priorities, prioritize activities, facilitate the collection of technical, operational or business requirements, set milestones and follow through to successful com","Quality Assurance Analyst postings typically ask you to: Maintain library of test scripts, both manual and automated. Assist developers in learning what tests need to be covered by unit tests. Work with team members to estimate project QA tasks. Partner with the best in the heavy-duty industry and apply today!."
python developer,Python Developer,engineering,96,77,145250.0,7,42.7,63.2,39.6,"Python, SQL, Django, AWS, Flask, Git",Python Developer,Cititec Talent,"🚀
Python Application Engineer
🚀 Commodities and Energy
🚀 New York, NY (hybrid)
Are you a strong Python developer, or do you have a background as an Application Developer? Join our client's global technology team and play a crucial role in shaping the future of application development. We are seeking a talented individual with strong programming skills, emphasizing Python development and a proven track record in risk-related roles.
Responsibilities:
Design and develop cutting-edge systems for application development in collaboration with diverse business functions.
Develop, test, and maintain high-quality Python applications for various projects.
Write clean, maintainable, and efficient code adhering to best practices and coding standards.
Contribute to the strategic global data platform.
Optimize application performance and scalability to meet project requirements.
Showcase expertise in Pricing and Risk, complemented by Market Data experience.
Qualifications:
Bachelor's degree in Computer Science, Engineering, or a related field.
3-5 years of strong programming skills with Python
Solid understanding of object-oriented programming principles and design patterns.
Good AWS experience.","Python Developer postings typically ask you to: Design, Develop, and Implement processes that intake multiple file types (Excel, Text, JSON, HTML, etc.) through ETL processes to store in existing SQL Server instances. Develop automated processes to increase efficiency in ingesting, consolidating, normalizing, and analysing data. Own algorithm development projects from start-to-end: design, development, Quality Assurance (QA), deployment, experiment, analysis. Work on the model team to build Python-based tools/ML Pipelines, enhancing data scientist productivity."
software test engineer,Software Test Engineer,qa,95,69,131966.0,14,65.3,41.7,25.3,"Python, Jira, C++, Confluence, Linux, Java",Sr. Software Test Engineer,UST,"Job Description
Sr. Software Test Engineer
Lead II - Software Testing
Who We Are
Born digital, UST transforms lives through the power of technology. We walk alongside our clients and partners, embedding innovation and agility into everything they do. We help them create transformative experiences and human-centered solutions for a better world.
UST is a mission-driven group of over 39,000+ practical problem solvers and creative thinkers in over 30+ countries. Our entrepreneurial teams are empowered to innovate, act nimbly, and create a lasting and sustainable impact for our clients, their customers, and the communities in which we live.
With us, you’ll create a boundless impact that transforms your career—and the lives of people across the world.
Visit us at UST.com .
You Are
As a Sr. Software Test Engineer, you work with Product Managers, Developers, Analysts, and cross-functional global teams in a fast-paced and ever-changing environment to understand features and technical implementation. You are responsible for using cases, creating test cases, automating and executing test cases, and generating reports in order to report to stakeholders on the quality and reliability of multip","Software Test Engineer postings typically ask you to: Support Minuteman III and/or Sentinel developmental test efforts to assess performance against stated program requirements. Work as part of a multi-disciplinary government and contractor team to plan, test, analyze, and report through multiple program acquisition phases. Provide test & evaluation expertise and technical guidance and information to the government. Support reviews and testing of ICBM Launch Control Center (LCC) Console Operations Program (COP) and Minuteman III Operational Targeting Program (MOTP) software programs."
technical business analyst,Technical Business Analyst,product,94,81,108680.0,6,20.2,60.5,40.4,"SQL, Jira, Data Analysis, Azure, DevOps, Agile / Scrum",Technical Business Analyst,Korn Ferry,"We have partnered with our client in their search for a Technical Business Analyst.
Responsibilities:
Analyze, define and document requirements and business processes.
Develop systems specifications, process flow and conversion strategies.
Create technical and functional user documentation.
Contribute to the development of new tools, processes and solutions to meet desired product needs.
Follow established business processes, protocols and quality standards in the development and deployment of complex solutions.
Gather business requirements and translate them into user stories/functional specifications.
Performs product user acceptance testing to ensure it functionally meets the requirements.
Identifies and documents process improvements and functional specifications based on research of best practices and analysis of work group data.
Perform analysis on existing systems; identifying options for potential solutions and assessing both technical and business suitability.
Work between remote development teams, internal IT and business to ensure requirements are being met.
All other duties as assigned.
Skills Required:
Strong Data Analysis, documentation, writing and power point presen","Technical Business Analyst postings typically ask you to: Conduct various levels of testing, including manual, regression, and exploratory. Provide end user support for production technology solutions. Work with developers and quality assurance analysts to identify and isolate issues. Ensure alignment of Key Performance Indicators (KPIs) with governance frameworks and organizational objectives."
business data analyst,Business Data Analyst,data,93,56,80000.0,13,39.8,86.4,23.7,"SQL, Excel, Data Analysis, Tableau, Data Visualization, Python",BUSINESS DATA ANALYST,Carter Machinery,"Job Details
Description
Carter Machinery Company, the authorized Caterpillar dealer serving Virginia, West Virginia, Maryland, Delaware and Washington D.C. is hiring a Business Data Analyst. The Business Data Analyst job is responsible for analyzing business problems and issues using data from internal and external sources to provide insight to analysts and decision makers. Additional responsibilities include identifying and interpreting trends and patterns in datasets to locate influences, creating specifications for reports and analysis based on business needs and required or available data elements. The Business Data Analyst may participate in cross functional teams to address business issues. Seeking candidates with three years of practical experience delivering production deployed solutions. Previous project management portfolio experience. Bachelor’s degree in a quantitative field, such as computer science, business, mathematics, economics, statistics, or engineering preferred.
Requirements For The Business Data Analyst Position Include
Self-starter and driven while working in team environment.
Thorough understanding of analytical methods and business acumen to guide cross fu","Business Data Analyst postings typically ask you to: Manage creation and distribution process to ensure all contractual obligations are met with regard to data content and timeliness constraints. Assist with any ad hoc requests or special projects that require data analysis. Analyze financial data, including payment terms, pricing structures,. Analyze financial data, including payment terms, pricing structures, discounts, and contract terms."
it technician,IT Technician,it_support,92,80,70000.0,9,44.6,31.1,48.9,"Windows, Active Directory, VMware, Azure, Linux, SQL",Senior IT Technician,"Canyon State Wireless, Inc.","Up to £35,000 + early finish on a Friday
Full Time, Permanent
My client based near Neath are seeking a
Senior IT Technician
to join their well-established successful business in the manufacturing industry.
The primary role of the Senior IT Technician is to provide general IT support across site, administering and installing hardware/software and undertaking fault diagnosis and project work.
As a Senior IT Technician you will be required to:
Ensure IT targets are met within KPI deadlines, without compromising quality or control of costs.
Maintain Excel/Macro's/XMS/Access Databases.
Set up and install any new equipment.
Perform Software/Hardware installations and computer moves where required, logging faulty equipment with third parties when necessary.
Perform file recoveries.
Update and maintain IT Hardware/Software register.
Provide first and second line support PC Hardware and Software queries, logging all queries through the IT Helpdesk System.
Ensure awareness of how to access and execute the disaster recovery plans.
A passion for Information Technology and desire to provide management with quality reports.
Promoting the helpdesk as the primary contact point between the IT depar","IT Technician postings typically ask you to: Maintain Excel/Macro's/XMS/Access Databases. Perform Software/Hardware installations and computer moves where required, logging faulty equipment with third parties when necessary. Provide first and second line support PC Hardware and Software queries, logging all queries through the IT Helpdesk System. Ensure awareness of how to access and execute the disaster recovery plans."
web developer,Web Developer,engineering,91,79,95660.0,8,52.7,50.0,41.8,"JavaScript, HTML, CSS, React, Angular, SQL",Web Developer (NodeJS/ReactJS),Innovative Metrics,"*** WE DO NOT ACCEPT REMOTE CANDIDATES FOR THIS POSITION ***
Innovative Metrics is looking for an experienced Web Developer to join our team in our Beverly Hills office. This role is responsible for coding, planning and collaborating on a variety of online apps and websites.
The ideal candidate takes pride in writing clean, effective and well structured code; and must have the ability to solve business problems and implement new features quickly and efficiently.
Salary Range: $80,000 - $155,000 a year
Responsibilities:
Plan – Collaborate with product owners and developers to understand business needs/features and put develop a plan to implement.
Code - Write clean well structured code adhering to team framework and convention.
Implement - QA and fix potential bugs to have ready to production release.
Requirements:
Back-End: NodeJS, Express, SQL/noSQL and third party APIS
Front-End: ReactJS, Redux, ES6, HTML/CSS
Experience with HTTP APIs and RESTful web services
General understanding of UI/UX best practices
Docker, Kubernetes and AWS Lambda experience a plus
Bachelor’s degree or equivalent practical experience
3+ years of experience in frontend / backend development
Benefits:
Medica","Web Developer postings typically ask you to: Maintain configuration management. Analyze user needs to implement Web site content, graphics, performance, and capacity. Analyze requirements to determine the most effective web technologies to satisfy their needs. Coordinate the creation and collection of necessary technology components and integrate them into a coherent site design."
power bi developer,Power BI Developer,data,86,55,109200.0,5,17.4,68.6,59.3,"Power BI, SQL, Azure, Data Modeling, Data Analysis, Machine Learning",Power BI Developer,ADLIB Recruitment | B Corp™,"Exciting and Innovative Work Environment
Career Growth and Stability
Attractive Compensation Package And Employee Ownership
Power BI Developer – 12 Month FTC
I am currently working with an innovative consultancy and technology company poised for significant growth.
Centred around accelerating technical capabilities, they take on bespoke projects, creating innovative solutions and driving maximum digital value.
They are seeking a talented Power BI Developer to join their ambitious team for a 12-month fixed-term contract with a view to making it permanent. This role is crucial for their ongoing and future projects, particularly their large-scale undertaking with 2 UK FS firms.
Key Responsibilities:
Develop and maintain advanced reports, analytics, and dashboards using Power BI.
Perform data analysis, create data models, and design data integrations for BI reporting.
Collaborate with stakeholders to understand needs and provide data-driven insights.
Integrate systems and data for effective business intelligence solutions.
Test and troubleshoot BI tools and systems, ensuring data accuracy and integrity.
Document BI processes, architecture, and standards
Qualifications and Skills:
Bache","Power BI Developer postings typically ask you to: Lead the end-to-end implementation of Power BI solutions, from data acquisition and transformation to the creation of dynamic and impactful dashboards. Design and optimize DAX expressions for calculated columns, measures, and calculated tables to ensure efficient and accurate data modeling. Implement caching strategies and other performance-enhancing techniques to ensure a seamless user experience. Implement and enforce data governance policies specific to Power BI solutions."
customer service representative/data analyst/data entry clerk,Customer Service Representative/data Analyst/data Entry Clerk,data,86,23,,0,0.0,,0.0,"SQL, Tableau, ETL, Data Visualization, Power BI, Python",Customer Service Representative/Data Analyst/Data Entry Clerk,Newyorkuniversity,"Summary:
The Data Analyst will be responsible for analyzing and interpreting large datasets to provide valuable insights and recommendations to the business. They will work closely with cross-functional teams to gather and analyze data, develop reports, and provide customized solutions to help the organization gain a competitive edge.
Responsibilities:
Analyze large data sets using advanced statistical techniques and tools to uncover trends, opportunities, and insights.
Develop, maintain and analyze performance metrics and reports that support data-driven decision-making processes.
Collaborate with stakeholders to identify business questions and translate them into data and analysis requirements.
Develop models and algorithms to help optimize business processes and drive efficiencies.
Design and execute A/B tests and experiments to identify opportunities for optimization.
Identify data quality issues and help to develop solutions to improve data integrity, accuracy, and completeness.
Manage data collection, cleansing, and manipulation processes to ensure data is readily accessible and easy to work with.
Prepare and present data-driven reports and insights to stakeholders, highlight","Customer Service Representative/data Analyst/data Entry Clerk postings typically ask you to: Develop, maintain and analyze performance metrics and reports that support data-driven decision-making processes. Collaborate with stakeholders to identify business questions and translate them into data and analysis requirements. Develop models and algorithms to help optimize business processes and drive efficiencies. Design and execute A/B tests and experiments to identify opportunities for optimization."
java software engineer,Java Software Engineer,engineering,86,50,122370.0,6,68.6,21.2,60.5,"Java, DevOps, Linux, Spring, AWS, Spring Boot",Senior Java Software Engineer (Onsite),Raytheon,"Date Posted:
2024-01-09
Country:
United States of America
Location:
PA602: 302 Science Park Road, Bldg 5C 302 Science Park Road Building 5C, State College, PA, 16803-2214 USA
Position Role Type:
Onsite
**This position is eligible for a Sign-On Bonus**
**Sign-on bonuses are not permitted for internal applicants**
About Us:
At Raytheon, the foundation of everything we do is rooted in our values and a higher calling – to help our nation and allies defend freedoms and deter aggression. We bring the strength of more than 100 years of experience and renowned engineering expertise to meet the needs of today’s mission and stay ahead of tomorrow’s threat. Our team solves tough, meaningful problems that create a safer, more secure world.
Job Summary:
In the Senior Java Software Engineering role, you will design, develop, and test Java code in a Linux, Agile, DevOps environment. We are at the forefront of aerospace and defense technology. Our Satellite Ground Systems Team plays a pivotal role in ensuring communication, surveillance, and defense capabilities through cutting-edge satellite systems. We invite you to be part of a team that pushes the boundaries of what's possible.
Location:
This ","Java Software Engineer postings typically ask you to: Collaborate with cross-functional teams to define software requirements and specifications. Work with previously written code and make modifications as necessary. Ensure software performance, reliability, and scalability. Conduct code reviews, debugging, and troubleshooting to ensure high code quality."
mainframe developer,Mainframe Developer,engineering,84,52,,0,17.9,33.3,42.9,"SQL, SAS, Unix, DevOps, Java, Excel",Mainframe Developer,Advanced Knowledge Tech LLC,"Essential Skills
A minimum of 6+ years of experience engineering exciting solutions
6+ years of experience in developing applications using mainframe technologies
Hands-on experience on mainframe technologies such as:
COBOL, DB2, SAS, JCL, IMS, CICS, REXX, VSAM, z/OS, TSO, ISPF, SYNCSORT, Mainframe utilities, Jobtrac- job scheduler, ISPW- change management tool
Relational databases (Sybase, DB2, SQL Server, Oracle, PostgreSQL)
Good communication skills. The incumbent will be responsible for interfacing and influencing with the business lines as well as others across IT.
Willing to work in production support activities on rotation basis
Experienced in training junior staff and leading initiatives (Application Development and Production Support)
Mortgage industry experience
Experience in Mainframe integration with APIs, IT modernization efforts a plus
Encouraging a Continuous Exploration process and likes to take on challenges with calculated risk.
Passion for driving value to customers and excitement for modern delivery (CI/CD) process.
Ability to work quickly on delivery and able to apply risk-based approach to prioritize work
Ability to quickly comprehend the functions and capabil","Mainframe Developer postings typically ask you to: Work independently with little supervision or guidance. Provide support controlling, diagnosing, and resolving difficult problems that arise due to incorrect ECL coding/programming techniques. Provide real-time accurate monitoring and troubleshooting of multiple mainframe systems and applications. Analyze business functions and data discrepancies in new integrations."
cloud architect,Cloud Architect,network_infra,82,64,165900.0,5,30.5,84.1,53.7,"Azure, AWS, GCP, DevOps, Kubernetes, CI/CD",Sr. Cloud Architect,Digital Janet,"Role: Sr. Cloud Architect
Location: Augusta ME (Day one on-site)
Duration: Contract
Skill 1 Cloud Architecture
Skill 2 Communication - Oral and Written
Skill 3 Cloud Security and Networking knowledge
Assist with definition of cloud strategies, including guiding principles and
future state vision, ensuring that the strategic objectives are aligned with
business goals.
Develop and implement cloud policies and standards in alignment with
industry best practices, state and federal regulations, and emerging cloud
technologies.
Collaborate with internal and external stakeholders, including IT teams,
vendors, and State agencies, to ensure that solutions are architected
based on existing operational support models.
Provide technical guidance and expertise to IT teams and other
stakeholders on cloud-related issues.
Work closely with customer stakeholders to identify and mitigate risks,
perform reviews, design top tier best practices, and deliver strategic,
innovative cloud-based offerings.
Leading the Cloud Infrastructure Design and Architecture on client
engagements.
Stay up to date on the latest cloud trends, and technologies, and
recommend solutions to meet State of Maine Requirements.
R","Cloud Architect postings typically ask you to: Lead technical planning, high-level design, and development of analytics applications, ensuring they align with the company's strategic direction. Oversee the application integration process, ensuring compatibility and efficiency across different systems and platforms. Collaborate with stakeholders to understand their needs and translate them into technical requirements. Develop and maintain a comprehensive architecture for software development that incorporates cloud services, HPC, and application integration."
cyber security analyst,Cyber Security Analyst,security,80,64,132080.0,7,37.5,57.1,17.5,"Cybersecurity, Incident Response, Windows, Linux, Risk Management, SIEM",Cyber Security Analyst - NOT REMOTE,Sportsman's Warehouse,"THIS IS NOT A REMOTE POSITION!
Purpose of Position:
We are seeking a talented and motivated Cyber Security Analyst to join our Information Security team. The ideal candidate will play a crucial role in safeguarding our organization's digital assets, systems, and sensitive information. The Cyber Security Analyst will be responsible for monitoring security alerts, threat hunting, and responding to security incidents. This position requires a strong understanding of cyber threats, excellent analytical skills, and the ability to proactively identify and address potential security risks.
Essential Duties and Responsibilities:
Monitor security alerts and incidents to identify potential threats.
Investigate and respond to security incidents in a timely and effective manner.
Collaborate with cross-functional teams to mitigate security risks.
Stay informed about the latest cybersecurity threats, vulnerabilities, and industry trends.
Use threat intelligence to proactively adjust security measures to mitigate emerging risks.
Maintain detailed records of security incidents, investigations, and resolutions.
Prepare and present regular reports on the organization's security status to management.","Cyber Security Analyst postings typically ask you to: Identify, assess, and measure risks in systems, applications, technical environments, networks, and workflows. Prepare detailed risk assessment reports to guide management actions on identified risks. Collaborate with stakeholders to develop mitigation plans to reduce risks to acceptable levels. Provide consultative advice for the development and implementation of risk response plans."
user experience designer,User Experience Designer,design_ux,78,58,141330.0,10,44.9,76.9,33.3,"Figma, Prototyping, User Research, CSS, HTML, JavaScript",User Experience Designer,Golden Compass,"Job Description
Focus:
Reporting to the UI Design Manager of User Experience & Digital Strategy, we are seeking an energetic User Experience Designer to join our Technologies team. You need to be a UX guru who is able to look at the big picture (from a UX, technology, and business perspective) to create compelling user experiences for our campus community.
You should have experience designing interfaces, and validating designs through user research. You should possess strong strategic, creative and planning skills that enable you to effectively communicate, facilitate and drive solutions. You should be an innovative thinker, knowledgeable about UX methodologies and their application, and passionate about evidence-based design.
Skills & Abilities:
Required Skill/Ability 1
:
Demonstrated experience creating user-focused interface design solutions for the web, desktop applications and/or mobile and hand-held devices. Experience in conducting user research to refine solutions at all phases of the design cycle. Ability to balance the needs of the user with technical and budgetary constraints.
Required Skill/Ability 2:
Excellent skill in creating wireframes and interactive prototypes usi","User Experience Designer postings typically ask you to: Design/Develop wireframes, prototypes, and high-fidelity designs that translate user needs into intuitive and visually appealing interfaces. Ensure consistency across all digital platforms, considering responsive design principles. Implement accessibility standards (e.g., WCAG) to ensure inclusive design practices. Conduct audits and make recommendations for improving accessibility in digital interfaces."
servicenow developer,Servicenow Developer,engineering,77,42,128342.0,4,54.5,87.5,20.8,"ServiceNow, JavaScript, HTML, CSS, JSON, Unit Testing",ServiceNow Developer,Vectorsoft,"Position:
ServiceNow Developer.
Location:
Preferred, TX, did not disclose the actual location.
Contract:
12+ Months.
!!W2 requirement!!
""""OPT Accepted""""
Qualifications:
• A bachelor's or master’s degree is required from an accredited institution.
• At least 2–3 years of working experience in information technology.
• Good understanding of key ITIL or functional domain concepts and their business applicability.
• Strong communication skills and experience managing IT and business stakeholders.
• Experience working in a global delivery model as part of a large deployment or support engagement and be able to fulfill the following:.
• Experience working with any Service Management tools like Remedy, CA Service Desk, etc.
• Any industry-leading service management or domain certification.
Responsibilities:
• Provide support to implement ServiceNow projects.
• Advocate the use of agile implementation to simplify the delivery of ServiceNow projects to different clients.
• Develop charts, tables, graphs, and diagrams that identify trends to assist in the analysis of capability problems.
• Strong understanding of ServiceNow platform components, including ITSM, ITOM, ITBM, HRSD, CSM, and othe","Servicenow Developer postings typically ask you to: Partner with external vendors, and internal teams to manage implementations and ongoing support. Support the development of technical so. Drive automation initiatives within the ServiceNow ecosystem to reduce manual work and improve operational efficiency. Implement ServiceNow workflows and automation scripts to enhance overall system functionality."
desktop support specialist,Desktop Support Specialist,it_support,76,52,55952.0,7,6.6,10.9,60.5,"Windows, Active Directory, ServiceNow, Excel, Jira, Firewalls",Desktop Support Specialist,Adams and Reese LLP,"Job Summary:
The primary function of the Desktop Support position is to provide support to local and remote users and maintain equipment used to provide services.
Responsibilities:
Provide phone, remote access, and desktop support of Intel based hardware and software systems.
Track assigned tasks throughout problem solving life cycle using the firm’s Service Desk ticketing system. Must maintain accurate and timely service tickets.
Perform basic printer services.
Deploy PC hardware and software.
Assist in new hire computer setup, configuration and authentication.
Serve as communications focal point between users and second level engineers.
Follow up with users to ensure appropriate satisfaction levels and escalate problems as needed.
Setup technical aspects of conferences and meetings, operating media display equipment and Microsoft Teams based video systems.
Provide paid on-call support to the firm on a rotation basis.
Maintain licensing compliance and asset tracking databases of hardware and software.
Reset security passwords.
Serve as local data recovery expert of failed hard drives and PC based systems.
Assist users in managing approved wireless devices.
Monitor local network se","Desktop Support Specialist postings typically ask you to: Assist with the deployment and maintenance of service level agreements with appropriate reporting and documentation. Analyze and diagnose problems, identifying root causes and symptoms to propose solutions. Maintain up-to-date and accurate hardware inventory lists for IT equipment and provide recommendations to Managers in case of issues. Develop in-depth technical knowledge of each system within the company's portfolio and acquire specialized experti."
frontend assoc,Frontend Assoc,engineering,75,1,,0,100.0,,0.0,,FRONT END LEAD ASSOC - DG MKT,Dollar General,"Dollar General Corporation has been delivering value to shoppers for more than 80 years. Dollar General helps shoppers Save time. Save money. Every day.® by offering products that are frequently used and replenished, such as food, snacks, health and beauty aids, cleaning supplies, basic apparel, housewares and seasonal items at everyday low prices in convenient neighborhood locations. Dollar General operates more than 18,000 stores in 47 states, and we’re still growing. Learn more about Dollar General at www.dollargeneral.com.
GENERAL SUMMARY
Under general supervision, lead front-end sales associates in the replenishment of front end impulse fixtures and ensure exceptional service is provided to each customer. Provides support to other managers as requested.
DUTIES and RESPONSIBILITIES
Lead the work of sales associates serving as cashiers including six to eight active registers.
Operate cash register and flatbed scanner as needed to provide great customer service.
Authorize voids and overrides; count register; make bank deposits.
Assist in maintaining strict cash accountability, key control, and adherence to company security practices and cash control procedures.
Monitor cash level","Frontend Assoc postings typically ask you to: Assist in maintaining strict cash accountability, key control, and adherence to company security practices and cash control procedures. Monitor cash levels and make appropriate drawer pulls as directed by the Store Manager. Monitor cameras for unusual activities (customers and employees), if applicable."
cnc programmer,Cnc Programmer,engineering,75,48,76688.0,14,22.7,12.5,10.7,"Windows, Linear, Angular, Fine-tuning, Prototyping, Rust",CNC Programmer,"CIRCOR International, Inc.","CNC Programmer
ORGANIZATIONAL STRUCTURE
Business:
Aerospace & Defense
Location:
Warren, MA
Direct reporting:
Manufacturing Engineering Manager
We are seeking a skilled and experienced CNC Programmer to join our dynamic manufacturing team. The ideal candidate will be responsible for programming and supporting the set up and operation of computer numerical control (CNC) machines to produce precision components according to engineering drawings and specifications.
You Will:
Interpret engineering drawings, blueprints, and specifications to determine programming requirements.
Develop CNC programs using CAM software to ensure accurate and efficient machining processes.
Set up and configure CNC machines, including tooling, fixtures, and programs.
Troubleshoot and resolve machining issues to optimize production processes.
Collaborate with engineering and production teams to streamline manufacturing processes.
Maintain documentation and records of programs, setups, and machine maintenance.
You Have:
Knowledge & Abilities
Proficiency in CAM software such as Mastercam or Esprit.
Familiarity with Renishaw probe software, Macro programming, and Applicon language-based programming software is de","Cnc Programmer postings typically ask you to: Prepare the geometric layout of designs using the proper software. Develop and refine CNC programs using industry-standard software, with an emphasis on precision and quality. Perform machine setups and test runs, fine-tuning for accuracy and efficiency. Collaborate with the production team, machine operators, and quality control to ensure smooth CNC machine operation and strict adherence to specifications."
customer service supervisor,Customer Service Supervisor,engineering,73,1,41574.0,1,0.0,,0.0,,Customer Service Supervisor (Front End Support),Whole Foods Market,"Assists with scheduling and supervision of Store Support Team Members as well with the as day-to-day flow of the department. Supports the Store Support Team Leader and Associate Team Leader(s) to ensure smooth operation of the Store Support Team. All Whole Foods Market Retail jobs require ensuring a positive company image by providing courteous, friendly, and efficient service to customers and Team Members at all times. All positions must be performed in accordance with team and store Standard Operating Procedures. Further, Team Members must be prepared and able to perform the duties inherent in other Team Member job descriptions. All positions must strive to support WFM core values and goals, promote national, regional, and store programs and initiatives, and ensure adherence to all applicable health and safety regulations including Food Safety and regulatory duties required in the department.
Job Responsibilities
Supervises and delegates tasks to Team Members.
Works with Team Trainer to train Team Members in a manner that builds and sustains a high-performance team and minimizes turnover.
Assists in training of new Team Members, utilizing learning checklists and training material",Postings for Customer Service Supervisor do not phrase their day-to-day duties consistently enough to summarise automatically.
bi developer,BI Developer,data,73,56,96950.0,9,27.4,69.0,39.7,"SQL, ETL, Power BI, Azure, Tableau, Data Warehousing",Senior BI Developer,Oscar Technology,"Role - Senior BI Developer
Skills - SQL / SSIS / PowerBI / DAX
Location - Sheffield
Salary - Up to 58,000 + 4,000 Car allowance + Bonus
Work Pattern - 2/3 days a week in the office
The Company
This Company are based in the construction sector, with operations across the UK they have continued their impressive growth throughout 2023 and continue to operate with Data as a big part of their business.
They promote positive values and due to the inclusive working culture, it is a great place to work and throughout our partnership, we have heard positive things from people working there.
They are an MS BI Technology Stack business; use PowerBI / Dax for reporting and Data Modelling. We are looking for skills in this field alongside SQL and ETL and/or data integration tools. Azure is certainly not an essential for this role, but is definitely a bonus
Ideally the successful candidate will also be open to mentoring and training more junior members of the team.
The Role
We are just kicking off the search for a BI Developer located near to Doncaster. The role will provide the opportunity to work closely with the BI Manager to deliver data strategy and produce future data plans. The role will ","BI Developer postings typically ask you to: Optimize and fine-tune SQL queries and data models for optimal performance and responsiveness. Develop and maintain data pipelines, data integration processes, and data cleansing procedures. Implement data governance practices, ensuring data quality, security, and compliance with relevant regulations. Design, develop, and maintain BI reports, dashboards, automated alerts, and data visualizations using industry-leading tools and technologies (e.g."
computer vision engineer,Computer Vision Engineer,ai,72,15,160000.0,4,93.1,95.1,84.7,"Deep Learning, Python, C++, Machine Learning, PyTorch, TensorFlow",Senior Computer Vision Engineer,Recruiting from Scratch,"Who is Recruiting from Scratch :
Recruiting from Scratch is a premier talent firm that focuses on placing the best product managers, software, and hardware talent at innovative companies. Our team is 100% remote and we work with teams across the United States to help them hire. We work with companies funded by the best investors including Sequoia Capital, Lightspeed Ventures, Tiger Global Management, A16Z, Accel, DFJ, and more.
https://www.recruitingfromscratch.com/
Job Description:
We are searching for an accomplished Senior Computer Vision Engineer to join our team and lead the development of cutting-edge computer vision solutions. As a Senior Computer Vision Engineer, you will have a pivotal role in designing, implementing, and deploying computer vision algorithms and systems that will drive innovation within our organization.
Responsibilities:
Computer Vision Algorithm Development: Design, develop, and optimize computer vision algorithms for various applications, including object detection, image segmentation, and image recognition.
Deep Learning: Apply deep learning techniques, including convolutional neural networks (CNNs) and recurrent neural networks (RNNs), to solve comple","Computer Vision Engineer postings typically ask you to: Develop standards and guidelines to guide the use and acquisition of software and to protect vulnerable information. Collaborate closely with algorithm developers, system architects and designers to support the creation of innovative and impactful experiences. Analyze and improve efficiency of algorithms. Plan, coordinate, and implement security measures to safeguard information in computer files against accidental or unauthorized damage, modification, or disclosure."
it support specialist,IT Support Specialist,it_support,71,57,58412.0,13,16.9,16.2,52.1,"Windows, Active Directory, Azure, ServiceNow, Firewalls, Cybersecurity",IT Support Specialist,Latitude Inc,"Job Summary: We are currently seeking a skilled and customer-oriented IT Support Specialist to join our dynamic team. As an IT Support Specialist, you will play a vital role in providing technical assistance and support to our employees, ensuring their smooth and efficient use of technology. Your strong problem-solving skills, excellent communication, and dedication to customer satisfaction will contribute to the overall success of our IT department.
Responsibilities:
Provide timely technical support and assistance to employees via various channels, including in-person, phone, email, and remote tools.
Diagnose and troubleshoot hardware and software issues, including desktops, laptops, printers, peripherals, and mobile devices.
Install, configure, and maintain software applications and operating systems.
Set up and maintain user accounts and permissions in various systems.
Assist with network connectivity and resolve network-related problems.
Collaborate with team members to identify and implement process improvements to enhance efficiency and user experience.
Create and maintain technical documentation and knowledge base articles.
Stay updated with the latest technology trends and ","IT Support Specialist postings typically ask you to: Document issues/problems and solutions for both IT team members and end users. Work closely with other IT departments or vendors to escalate and resolve issues. Provide support for all Service Desk requests for both office and remote employees in a timely fashion. Perform troubleshooting, problem solving and assis."
cybersecurity engineer,Cybersecurity Engineer,security,70,39,125000.0,9,77.1,70.6,48.6,"Cybersecurity, Risk Management, SIEM, Firewalls, System Design, Linux",Cybersecurity Engineer III,SimVentions,"Location:
Fredericksburg, Virginia, USA
Telework:
Hybrid telework (mix between on site and telework)
Clearance
: Active Secret (US Citizenship Required)
Experience
: 5 Years professional work experience + minimum IAT Level II
Number of Openings:
1
Funding Status:
Funded
Salary Range:
$110,000 - $145,000 (Please see below for more info on salary)
Your Title Here
SimVentions is a 100% employee-owned business and has consistently been voted one of Virginia's Best Places to Work. We are looking for a Cybersecurity Engineer to join our team! The right candidate will perform cybersecurity related analysis of connectivity relationships between the subject US Naval warfare system and the equipment to which it interfaces.
Responsibilities
Perform element analysis and risk analysis for combat system element integration
Support the System/Software Review Board (SRB), Local Configuration Control Board (LCCB), Systems Engineering Team, and Integrated Product Team (IPT)
Support development of Element Interconnection Security Agreement (ISA)
Generate and collect artifacts
Perform cyber trouble report analysis and generate reports
Review and analysis of Software Implementation Requests (SIRs)
Revi","Cybersecurity Engineer postings typically ask you to: Perform analysis, design, and development of security features for system architectures. Analyze and define security requirements for computer systems. Coordinate the successful delivery of cyber and information security related projects, manage risks, issues, schedules, and dependencies. Review new software and system proposals from the viewpoint of Cybersecurity and infrastructure compatibility then provide advice regarding their implementation."
backend developer,Backend Developer,engineering,69,56,128800.0,5,68.1,83.3,34.8,"Java, AWS, Microservices, Python, Git, CI/CD",Back End Developer,TALENT Software Services,"Are you an experienced Back End Developer with a desire to excel? If so, then Talent Software Services may have the job for you! Our client is seeking an experienced Back End Developer to work at their company in Richfield, MN.
Position Summary:
We are building a modernization platform to replace our legacy systems. This includes building cloud-native systems that will replace and/or enhance existing systems to a modern and modular system that can are built to scale. This is an opportunity to take your engineering talent and work with a myriad of teams, drive a passionate group of developers, and deliver end-end customer-centric solutions.
Primary Responsibilities/Accountabilities:
Provide hands-on contributions in all phases of the project lifecycle architecture, design, development, MVP, and Dev Ops of key technology initiatives.
Work closely with product owners, engineers, and business stakeholders to lead feature implementation on multi-sprint initiatives.
Work with modern engineering concepts including Microservices, agile development methodology, test-driven development, continuous integration, and deployment practices.
Bring a creative and innovation-driven mindset with the ","Backend Developer postings typically ask you to: Work closely with product owners, engineers, and business stakeholders to lead feature implementation on multi-sprint initiatives. Work with modern engineering concepts including Microservices, agile development methodology, test-driven development, continuous integration, and deployment practices. Build high-performance, highly available and scalable distributed systems. Work closely with test engineers to help build test automation frameworks and CI/CD pipelines."
android developer,Android Developer,engineering,69,57,140000.0,4,62.3,50.0,49.3,"Kotlin, Java, Git, JSON, Jira, Unit Testing",Android Developer,Motion Recruitment,"Our client is looking for an Android Developer for a 6-month contract in Irving, TX.
Contract Duration: 6 Months
Required Skills & Experience
8+ years of experience in Android App Development using Java, Kotlin.
7+ years of experience integrating RESTful APIs.
7+ years of experience writing unit and instrumented tests using Robolectric, Mockito AndroidX.
Expertise in Android applications development.
Expertise in RESTful APIs integration, Mockito.
Expertise in Instrumentation and debugging post production deployment issues.
Attention to detail.
Proficient with Android SDK.
Experience with Kotlin for Android development.
Expertise in MVVM Architecture.
Expertise in Dependency injection, Annotations, Gradle.
Experience with offline storage, threading, performance tuning and optimization.
Experience with localization/internationalization of the applications.
Experience with security protocols in the mobile applications eco system.
Solid understanding of object oriented and functional programming.
Good understanding of Google's Android design principles and interface guidelines.
A team player with a start-up/intrapreneur mindset.
Experience with CICD pipelines and deploying apps to Goo","Android Developer postings typically ask you to: Identify and correct bottlenecks and fix bugs. Research, identify, and recommend industry best practices for solving technical problems. Work very closely with architecture groups and deliver solutions. Build reusable components, frameworks and libraries which can be leveraged across departments."
scrum master,Scrum Master,product,68,56,109200.0,9,11.8,73.9,33.8,"Jira, Kanban, Agile / Scrum, Confluence, DevOps, ServiceNow","Scrum Master - Raleigh, NC 27610",Avani Tech Solutions Private Limited,"Job Title: Scrum Master
Location: Raleigh, NC 27610
Duration: 6+ Months
Description
SAFe (Scaled Agile Framework) experience is a must as our teams are doing team agile as well as team-of-teams. Jira knowledge also a must to be able to help them orient their dashboards, etc.
Role Overview
The scrum master facilitates and champions the agile delivery process by coaching and mentoring teams, identifying and eliminating impediments, and promoting the use of standards and best practices. The scrum master ensures smooth operation of agile processes and activities and is responsible for facilitating key ceremonies in the lifecycle of the team.
Key Responsibilities
Champion and facilitate adoption of agile standards, tools, and best practices in this transitional environment
Organize and facilitate agile activities and ceremonies including daily stand-up meetings, sprint reviews, retrospectives, sprint and release planning, and product backlog refinement sessions.
Coordinate and facilitate coordination with other SMs, teams, etc. for shared ceremonies (e.g., Scrum of Scrums, PI Planning).
Facilitate meetings that are productive, on topic, and within the timebox.
Collaborate closely with t",Scrum Master postings typically ask you to: Work with business stakeholders to drive decision making and timely responses to development and testing questions during the increments. Monitor progress of Agile Teams and ensure that retrospective feedback is presented to management and adopted by Agile Teams. Ensure that planned cross-domain work is visible to product owners and product management. Ensure that dependencies and enablers that block prioritized work is delivered to architecture team.
automation tester,Automation Tester,qa,67,42,83200.0,1,20.9,69.6,34.3,"Java, Jenkins, Jira, Python, SQL, DevOps",Automation Tester,"Sunrise Systems, Inc.","Job Title: Automation Tester
Location: Norfolk/Richmond, VA
Duration: 6 Months contract with possible extension
Job Description
Our client is looking for Automation Tester to work with one of the leading healthcare providers in US. The ideal candidate must possess excellent background on JAVA and Selenium tools. The candidate must possess excellent written and verbal communication skills with the ability and collaborate effectively with domain and technical experts in the organization.
Must Have Skills
Skill 1 – Automation Yrs of Exp – 5+
Skill 2 – Java Yrs of Exp – 3+
Skill 3 – Manual Testing Yrs of Exp – 5+
Skill 4 - SQL Yrs of Exp – 3+
Responsibilities
As an automation tester, you will
Own the overall technical roadmap of automation solutions in collaboration with development and QA teams.
Should be able to Establish, build, and maintain test architecture framework.
Maintain active relationships with project stakeholders to understand business requirements.
Implement continuous integrations processes to fit within a DevOps environment.
Identify and implement best practices.
Create technical documentation and maintain the knowledge repositories for test automation.
Adjust quickly","Automation Tester postings typically ask you to: Manage the execution of various tests on new processes/products to ensure that functionality satisfy all requirements. Work closely with business lines to recognize the potential for any operational issues, assess risks, and resolve issues before the new functionality is implemented. Develop robust testing procedures against business requirement documents to ensure all functions of a new/enhanced product is being examined. Analyze the underlying causes of perfor."
java fullstack developer,Java FullStack Developer,engineering,62,47,212500.0,1,58.1,23.8,33.9,"Java, Spring, Angular, JavaScript, Microservices, SQL",Java Full Stack Developer,CoreTek Labs,"Role: : Java Full Stack Developer
Location: Houston, TX & Jersey City, NJ (Day 1 Onsite)
Experience: 10+ years
Job Description:
8 years of experience in Java based technologies, Micro-services architecture, CI/CD pipeline.
Expertise in Java 8, Spring, Hibernate, REST APIs, Junit, Oracle/SQL/ PL SQL, Linux, Shell Script, JMS, MQ
Proficient in Angular, HTML, JavaScript, TypeScript, CSS
Should be able to lead the discussion related to Event based frameworks, Spring Boot, Apache camel, Kafka, NoSQL (PostgreS , couchbase, cassandra, Oracle NoSQL), Public cloud (AWS/GCP/Azure), Docker, Kubernetes, Openshift
Should have worked on Jira, Confluence, Git, Maven, Teamcity/Jenkins, Artifactory
Experience working in an Agile/DevOps environment
Strong Team management, analytical and design skills
Well versed with DevOps CI/CD concepts and implementation
Experience with TDD, BDD methodology
Show more
Show less","Java FullStack Developer postings typically ask you to: Collaborate with cross-functional teams to define, design, and ship new features. Review the code modules developed by other juniors. Implement GraphQL APIs for enhanced data querying capabilities. Implement best practices for security and scalability in cloud en."
security architect,Security Architect,security,62,52,161818.0,8,27.4,73.9,37.1,"Cybersecurity, Risk Management, Firewalls, Linux, SIEM, Windows",Security Architect,Marc Jehotte sprl,"Job Description
Wed all like amazing work to do, and real work-life balance. Thats waiting for you at Sainsburys. Think about the scale it takes for us to feed the nation. The level of data, transactions and variety it involves. Then youll realise that ours is a modern software engineering environment because it has to be. Weve made serious investment into a Tech Academy and into setting standards and principles. We iterate, learn, experiment and push ways of working such as Agile, Scrum and XP. So you can look forward to awesome opportunities in everything from AI to reusable tech.
What You Need To Do
We are seeking an experienced Security Architect to join our Information Security team to develop and maintain security architectures which support business as usual and project activity.
As a Security Architect, You Will Support In The Definition And Creation Of Security Architecture Across The Enterprise With Artefacts Including
Security related standards and design principles
Creation and maintenance of design patterns
Architectural designs for strategic initiatives and products
Work closely with Information Security Product owners, Engineering Managers, partners, and vendors with","Security Architect postings typically ask you to: Provide hands-on engagement with traditional network, firewall and VMWare suite of NSX networking and security solutions. Develop recommendations for network security policies and procedures. Develop load balancing strategies to optimize system performance and implement load balancing strategies to ensure system availability and resilience. Implement visibility integration strategies to improve system monitoring and troubleshooting."
quality assurance automation engineer,Quality Assurance Automation Engineer,devops,60,45,134400.0,2,68.3,56.0,41.7,"Java, JavaScript, SQL, Azure, Jira, .NET",Senior Quality Assurance Automation Engineer,Photon,"Dear ,
I hope you are staying safe. We are hiring a
QA - Web Automation
to join our Digital Engineering team.
Who are we?
For the past 20 years, we have powered many Digital Experiences for the Fortune 500. Since 1999, we have grown from a few people to more than 4000 team members across the globe that are engaged in various Digital Modernization. For a brief 1 minute video about us, you can check
https://youtu.be/uJWBWQZEA6o.
Job Role: QA - Web Automation
Location: Louisville, KT
Job Type: Full-Time/ Contract
REQUIREMENTS FOR WEB AUTOMATION
TestComplete
Selenium Web Driver
Javascript
Experience working with BDD style of test frameworks
JOB RESPONSIBILITES:
Test Planning
Work with the product development and design teams to determine test plans for future releases.
Maintain library of test scripts, both manual and automated.
Assist developers in learning what tests need to be covered by unit tests.
Participate in project meetings, daily scrums and planning sessions.
Work with team members to estimate project QA tasks.
Participate in the full software development life cycle from analysis, design, implementation, and quality assurance through delivery and support.
Proactively determi","Quality Assurance Automation Engineer postings typically ask you to: Develop and maintain robust and scalable automated test frameworks and test suites from the ground up. Design, implement, and execute automated test cases to ensure reliability, stability, and performance of our software applications. Collaborate with project managers and software developers to understand application requirements and provide input on testability. Design, develop and implement ETL testing scripts that are consistent with the solutions for data ingestion, cleansing, business rules execution and Data Distribution."
help desk technician,Help Desk Technician,it_support,60,43,60200.0,8,18.3,6.9,48.3,"Windows, Active Directory, Excel, Azure, AWS, Linux",Help Desk Technician - Tier 3,Solvere One,"About The Company
Solvere One
has established a top-level Managed Service Provider (MSP) brand that focuses on network security and proactive management solutions as a chosen IT services and consulting provider.
Solvere One
focuses on corporate partnerships, proactively managing technology that proves vital for business security, productivity, and growth while reducing the cost of IT ownership. We provide executive-level, white-glove support.
Opening
Solvere One
has an open position for a Help Desk Technician, Tier 3, to provide support from our Dulles, Virginia headquarters. The duties of this position include fielding requests escalated from Tier 2 technicians. Help Desk Technician Tier 3 are the highest escalation level on the Service Desk and are expected to be able to resolve complex technical issues. This role requires the candidate to be able constantly learn new technologies and reverse engineer challenging technical issues.
Employees will be expected to interact with clients daily in various capacities. Professionalism and courteousness are required. Excellent verbal and written communication skills are also required.
Highly qualified candidates will be self-starters, high","Help Desk Technician postings typically ask you to: Monitor tickets for trends and patterns indicating a significant outage or event and ensure affected customers are notified early and are updated regularly. Implement client workstation software patches, security fixes, and service releases according to local instructions. Install, test and document necessary software and hardware. Ensure all computers receive required updates on a timely basis."
technical product manager,Technical Product Manager,product,58,51,153000.0,13,96.6,73.9,39.7,"AWS, Azure, Microservices, Machine Learning, React, Java",Technical Product Manager,Dice,"Dice is the leading career destination for tech experts at every stage of their careers. Our client, Skill Quotient, is seeking the following. Apply via Dice today!
Company Description
Skill Quotient Technologies is a CMMI level 3 & ISO 27001:2013 certified innovative IT company headquartered in Malaysia, working on cutting-edge technologies such as Cyber Security, Robotic Process Automation, Data Analytics, SAP, Software Development and software Testing. With offices in the USA, Malaysia, Singapore, and India, we have a strong team of 800+ employees and deliver innovative solutions for businesses worldwide.
Summary:
We are looking for a
Technical Product Manager in Portland, OR (Onsite)
for the below-mentioned job description.
Lead the execution of an end-to-end product/platform vision and multi-year roadmap for a function in partnership with Engineering teams and the Finance business.
Responsibilities
Partner with all stakeholders to understand Business needs, outcomes and value and ensure roadmaps are aligned to those needs
Ensure roadmaps account for and integrate dependencies across functional areas within Domains
Ensuring Tech Team roadmaps account for and integrate dependenc","Technical Product Manager postings typically ask you to: Manage KPIs, monitoring, and user feedback for AI/ML projects. Collaborate with business partners to integrate AI/ML solutions into business processes. Write MRD/PRD requirements documents. Own the cross functional roadmap delivery schedule across R&D, Marketing, Delivery and Field Services."
it systems engineer,IT Systems Engineer,devops,57,44,124800.0,17,68.4,32.0,43.9,"Windows, VMware, Linux, Active Directory, PowerShell, Excel",Senior IT Systems Engineer,Motive Workforce,"We are hiring a Senior IT Systems Engineer at a renewable energy and ocean technology startup committed to rapidly developing and deploying technologies that will ensure a sustainable future for the earth by unlocking the vast energy potential of its oceans.
Our client is developing technology that will operate in the worst conditions the world's oceans have to offer for years at a time without human maintenance or intervention. Building this technology requires collaboration across teams and tools. Our internal computing infrastructure and software applications are fundamental to the operation of our overall business and our technology systems in the field.
You will take shared responsibility for building and operating our internal computing infrastructure platforms and the many business-critical applications that run upon them. The ideal candidate will understand performance, availability, and security requirements for the company's infrastructure, networks, and applications. You will architect and develop technology solutions to business problems and directly implement and operate them. You should have extensive experience with Windows and Linux systems administration, operating","IT Systems Engineer postings typically ask you to: Manage and administer storage systems, specifically Pure Storage, ensuring optimal performance and data integrity. Implement and maintain Rubrik backup solutions to ensure data protection and disaster recovery readiness. Configure and manage Linux and Windows operating systems, ensuring security, stability, and efficiency. Administer and support Active Directory services, including user management, group policies, and access control."
backend software engineer,Backend Software Engineer,engineering,57,35,179250.0,10,77.2,78.3,40.4,"AWS, Java, Python, Data Analysis, Spring, Kubernetes",Senior Backend Software Engineer,Global Information Technology,"Job Title: Senior Backend Software Engineer
Job Location: Remote
Job Type: Full Time
Job Description:
This Software engineer will provide data for a data management function within a portfolio analysis framework. Candidate will have over 7+ years of development with active hands on development roles on medium scale production deployments of front and back ends.
Skills
Proven ability of simplifying design through data simplicity.
Solid knowledge of database implementations (Data Vault, SQL server, MongoDB, Data Warehouse)
Detailed working knowledge of SQL on Snowflake, AWS RDS
Working knowledge of API design
Working knowledge of using REST APIs
Working knowledge of generating a json structures.
Working knowledge of aggregation with overlapping time series is a plus
Working knowledge of nested aggregation structures
Proven working experience with API design working closely business analysts
Working knowledge of web applications using RestAPI.
Message Driven Design
Domain Driven Design
Strong knowledge of CI/CD deployment pipelines
Proven ability with independent server-side architecture design, implementation and deployment.
Proven ability with long term server design, deployment and","Backend Software Engineer postings typically ask you to: Write clean, maintainable, and well-documented code, adhering to coding standards and quality guidelines. Collaborate with product managers and other engineers. Work in a fast-paced AGILE environment. Identify and resolve performance and scalability issues."
business developer,Business Developer,engineering,56,28,75000.0,3,7.1,55.6,16.1,"Excel, Segment, Salesforce, AWS, Distributed Systems",Business Developer,BrightView Landscapes,"Description
Position at BrightView Landscapes, LLC- DE
Looking for an opportunity where success comes naturally? Then you may have found your crew. We’re looking for a Business Developer to join our team.
Here’s What You’d Do
You’d aggressively grow our landscape maintenance business in a defined territory, actively selling to many different customer segments. You’d thrive in our fast-paced environment, closing deals with your resilience and persistence.
You’d Be Responsible For
Building and maintaining trusted relationships with key decision makers, discovering their pain points, and developing value-based solutions
Effectively qualifying opportunities to gain valuable intelligence
Building and presenting compelling customer-centric proposals
Working well with operations team members and leveraging their expertise with yours
Hitting specific activity benchmarks and closing business
You Might Be a Good Fit If
You have extensive Face-to-Face B2B sales experience
You have a Bachelor’s Degree or equivalent work experience
You’re driven, disciplined, focused and enjoy prospecting
You like working in a team-selling environment
You love to work in a service industry with a beautiful prod","Business Developer postings typically ask you to: Coordinate with Worksite Supervisor to develop schedule for sheltered workforce. Develop content to build accurate business cases and presentations to senior management. Identify and develop suitable external business relationships to help accelerate the global deployment of the business opportunity. Identify and participate in community events, health fairs, and programs related to target population."
systems test engineer,Systems Test Engineer,qa,56,39,147100.0,9,64.3,10.0,35.7,"Python, Linux, Data Analysis, Jira, C++, SAP",Systems Test Engineer,Reliable Staffing Team,"We are seeking a Systems Test Engineer with relevant experience to join the U.S. tech team for our client. The position will report to the Lead Applications Engineer. It represents an exceptional opportunity for a result-driven individual in a new niche but exploding market.
This role is primarily focused on thorough system testing of our client's products from requirements gathering through test plan creation, execution, and delivery of results. You are a lifelong learner. You are self-taught and continuously learning. You are interested in keeping up with current best practices in your areas of expertise. Push yourself and have fun in a well-supported team environment, with a high degree of autonomy, and competitive remuneration.
Our clients Work with cutting-edge technology, making the world a safer and more secure place. Our client offers an opportunity to solve some of the world’s most challenging technical problems in Electronic Warfare, Artificial Intelligence and Machine Learning, RF sensing, Sensor Fusion, and distributed systems. Working with high-profile customers across militaries, government agencies, airports, critical infrastructure, law enforcement, and many others,","Systems Test Engineer postings typically ask you to: Analyze data obtained during the testing phase and evaluate if it conforms to test requirements. Support to test planning and documentation (generation of test procedures, work orders, results reports, etc). Work checked through consultation and agreement with others rather than by formal review of superior. Define test strategy to creatively and efficiently stress the system based on the intended device application and hardware or mobile combinations."
cyber security engineer,Cyber Security Engineer,security,54,37,127400.0,8,72.2,38.1,38.9,"Cybersecurity, Risk Management, Incident Response, CISSP, Linux, Windows",Cyber Security Engineer – Journeyman (Top Secret Clearance),BGSF,"Cyber Security Engineer – Journeyman
Langley Air Force Base, VA (100% on-site)
TS with SCI Eligibility
Required Skills:
BA/BS or MA/MS with 3-10 years of experience.
Security+ certification required.
Top Secret Clearance.
Maintains cybersecurity architecture and design.
Works with the Enterprise Architect, service leads, engineers, developers, and stakeholders to maintain the highest level of security defense and readiness with minimized impact on mission performance.
Understanding of current cyber technologies, trends within cyberspace, and current DoD policy guidance.
Performs initiative-taking and active security vulnerability assessment, implementation, and monitoring of all AF DCGS products and applications in sustainment.
Probes network defenses to identify vulnerabilities and administer network scans.
Notes about the job:
This will be a 5-year contract.
Job will be 100% onsite at Langley AFB in VA.
Show more
Show less","Cyber Security Engineer postings typically ask you to: Conduct cyber risk assessment activities including threat modeling, vulnerability analysis and analysis of mitigation solutions. Analyze site communications requirements and recommend equipment solutions. Identify innovative techniques to enhance application security in sustaining base and tactical net-centric operational environments. Conduct threat assessments and analyze system vulnerabilities in hardware, software, and network components."
database engineer,Database Engineer,database,54,44,133493.0,8,66.7,53.3,27.8,"SQL, AWS, Oracle, ETL, Linux, Python",Database Engineer 3,Raytheon,"Date Posted:
2023-08-14
Country:
United States of America
Location:
MD233: 420 National Business Parkway 420 National Business Parkway Suite 400, Annapolis Junction, MD, 20701 USA
Position Role Type:
Onsite
At Raytheon, the foundation of everything we do is rooted in our values and a higher calling – to help our nation and allies defend freedoms and deter aggression. We bring the strength of more than 100 years of experience and renowned engineering expertise to meet the needs of today’s mission and stay ahead of tomorrow’s threat. Our team solves tough, meaningful problems that create a safer, more secure world.
Job Summary
The Database Engineer provides technical expertise for database design, development, implementation, information storage and retrieval, data flow and analysis. Develops relational and/or Object-Oriented databases, database parser software, and database loading software. Projects long range requirements for database administration and design. Responsible for developing a database structure that fits into the overall architecture of the system under development and has to make trades among data volumes, number of users, logical and physical distribution, response","Database Engineer postings typically ask you to: Assist with recommendations for, and analysis and evaluation of systems improvements, optimization, development, and/or maintenance efforts. Administer and design databases. Conduct data analysis, conduct development activities, complete database conversions/migrations, and instantiation of database. Manage compliance for database administration procedures, standards, and guidelines."
mobile application developer,Mobile Application Developer,engineering,53,12,118850.0,2,7.5,66.7,11.3,"JavaScript, React, Angular, Java, TypeScript, Kotlin",Mobile Application Developer,HDR,"About Us
At HDR, we specialize in engineering, architecture, environmental and construction services. While we are most well-known for adding beauty and structure to communities through high-performance buildings and smart infrastructure, we provide much more than that. We create an unshakable foundation for progress because our multidisciplinary teams also include scientists, economists, builders, analysts and artists. That's why we believe diversity is our greatest strength. HDR is proud to be an equal opportunity workplace and an affirmative action employer.
Watch Our Story:' https://www.hdrinc.com/our-story'
We believe that the way we work can add meaning and value to the world. That ideas inspire positive change. That coloring outside the lines can illuminate fresh perspectives. And that small details yield important realizations. Above all, we believe that collaboration is the best way forward.
Primary Responsibilities
HDR is looking for a Mobile Application Developer, driven by innovation and a desire to make a difference. We are seeking clever, dedicated developers who enjoy what they do, like working with teams, and searching for new ideas; someone who can appropriately ap","Mobile Application Developer postings typically ask you to: Perform benchmark testing, as well as debugging and documentation of programs, code, and data flow. Implement and support top programming practices and standards to deliver quality products predictably and consistently. Work with Java/Spring ecosystem and Microservice design principles. Design and develop reusable software modules that meet customer requirements while upholding high standards of reliability, security, maintainability, and performance."
systems software engineer,Systems Software Engineer,engineering,52,25,136500.0,9,80.8,50.0,15.4,"Linux, C++, Python, Windows, Deep Learning, Software Architecture",Senior System Software Engineer - Autonomous Vehicles,NVIDIA,"Our ""Autonomous Vehicle Platform team"" builds the NVIDIA DriveWorks SDK with the goal to provide a scalable software stack and framework to build autonomous vehicles. We are seeking a highly motivated senior system software engineer with interests on designing, developing and maintaining many aspects of the core technology such as sensor interfaces, data streaming, threading, memory management and lower level platform specific technology.
What You Will Be Doing
Designing and developing core components of NVIDIA DriveWorks SDK
Developing and optimizing ADAS software architecture and frameworks
Working on areas such as sensor abstraction layers, data processing components, process scheduling, data serialization and inter-process communications
Performing in-vehicle tests, collecting data and completing autonomous drive missions.
Establish unit tests, documentation for features, evaluating quality and proposing corrective actions.
Developing highly efficient product code in C++, finding system performance bottlenecks and making use of high algorithmic parallelism offered by GPGPU programming
What We Need To See
BS/MS or higher in computer engineering, computer science or related engin","Systems Software Engineer postings typically ask you to: Lead cross functional system design discussions on how the various safety systems are developed, integrated, and implemented. Develop software work products in compliance with ISO-26262 and ASPICE standards. Review architectural performance bottlenecks for various system wide workloads. Identify HW/SW policies to maximize performance and performance/watt."
dotnet developer,.NET Developer,engineering,52,44,107500.0,2,44.2,40.0,48.1,".NET, SQL, JavaScript, Azure, HTML, CSS",Dotnet Developer,The Hirexpress LLC,"Role: Dot Net Developer + C# + SQL + Azure
Location: Weehawken NJ - 3 Days Hybrid from Day 1
Fulltime
Total Experience: 8+ Years
Role Description
Trading System (Good to have)
Software Engineer with the .Net, SQL, Python, and Trading system knowledge skills.
To perform analysis of apps / EUCs (End User Computing) for Munis (Municipal bonds) Business Line and development of onboarding preliminary work such as Secure build chain, access database, etc.
Show more
Show less",".NET Developer postings typically ask you to: Collaborate with cross-functional teams to understand project requirements and translate them into well-designed and efficient code. Write clean, maintainable, and efficient code in C# and other .NET languages. Work with relational databases such as SQL Server to design and optimize database queries and ensure seamless data integration. Implement data models, stored procedures, and other database-related tasks."
bi analyst,BI Analyst,data,51,34,124750.0,4,56.9,77.8,35.3,"SQL, Data Analysis, Power BI, Excel, Python, Data Visualization",BI Analyst,TechTammina LLC,"Role: BI Analyst
Location: Auburn Hills or Farmington Hills, MI
Duration: 6 Month Contract to Hire
Rate: Market
Initiative Summary
This role will help Open Blue teams and leaders with critical reports and metrics needed to run our business.
This person is a strong communicator, who can guide a requirements giver to describing what they want and need in a metric and dashboard.
They can also ask thoughtful questions of the datasets, investigate their fit for purpose and use good judgement.
Lastly, they are able to use a variety of technologies from simple to complex, to create and iterate on the reports and visuals via user feedback.
Technical Skills: BI Analyst, Power BI, MS Office Suite, and Snowflake
Required Skills
Minimum of 5-8 years of experienced and demonstrated maturity in leading projects
Business acumen, proven in any other industry and aptitude to learn the digital space. Software as a Service would be preferred but not required.
Ability to define metrics.
Attention to detail when identifying data and building calculations.
Data Visualization including metric display, trending and charting, and varying levels of granularity
Ability to directly communicate with the dashbo","BI Analyst postings typically ask you to: Provide essential support for critical strategic projects and initiatives. Collaborate with cross-functional teams to understand their business needs and develop effective data solutions. Collaborate with internal users, support clients, and assist in onboarding. Develop and maintain data models, reports, and dashboards."
technical support analyst,Technical Support Analyst,it_support,51,36,68800.0,6,29.4,28.6,41.2,"Windows, Active Directory, Firewalls, Linux, Azure, SQL",Technical Support Analyst 2,Qodoro,"Job Title:
Technical Support Analyst 2
Job Duration:
10+ Months with the possibility of an extension
Job Location:
Norfolk, VA
Job Summary
The Technical Support Analyst maintains, analyzes, troubleshoots, and repairs computer systems, hardware, and computer peripherals. Documents, maintains, upgrades, or replaces hardware and software systems. Supports and maintains user account information including rights, security, and systems groups. Performs basic operation, monitoring, installation, troubleshooting, relocations, or maintenance of communications equipment. Identifies and resolves basic communications problems. Prepares or assists in the preparation of service record documentation. Shows awareness of standards and regulatory requirements related to assigned tasks. Provides technical assistance and support for applications and hardware problems. Installs, maintains, moves, and assists in testing and upgrading new and existing hardware/software. Reviews and recommends procurement of information technology equipment. Maintains the necessary security controls over software. Makes presentations and briefings for training sessions.
Required Skills
Experience using imaging software to","Technical Support Analyst postings typically ask you to: Own the management of one or more critical business applications through their life cycle, co-ordinating and managing upgrades for these. Troubleshoot and resolve user issues with software or hardware. Maintain concise procedures to support the organization. Maintain streamlined change logs for audit purposes."
network security engineer,Network Security Engineer,security,50,27,139500.0,5,72.0,87.5,64.0,"Firewalls, Cybersecurity, Azure, Linux, Windows, AWS",Network Security Engineer / Senior Network Security Engineer,WPS Health Solutions,"U.S. citizenship is required for this position due to Department of Defense restrictions.
Who We Are
WPS Health Solutions is a leading not-for-profit health insurer and federal government contractor headquartered in Wisconsin. WPS offers health insurance plans for individuals, families, seniors, and group health plans for small to large businesses. We process claims and provide customer support for beneficiaries of the Medicare program and manage benefits for millions of active-duty and retired military personnel across the U.S. and abroad. WPS Health Solutions has been making health care easier for the people we serve for more than 75 years. Proud to be military and veteran ready.
Culture Drives Our Success
WPS’ Performance-Based Culture is where the great work and innovations of our people are seen, fueled, and rewarded. We accomplish this by creating an inclusive and empowering employee experience. We recognize the benefits of Diversity, Equity, and Inclusion as an investment in our workforce—both current and future—to effectively seek, leverage, and include diverse perspectives that fuel agility and innovation on high-performing teams. This results in people bringing their auth",Network Security Engineer postings typically ask you to: Manage Nessus Tenable server and regular vulnerability scanning and remediation. Oversee the security posture of the company and proactively take measures to safeguard the network. Maintain company security scorecard and remediate vulnerabilities and risks reported by the scorecard. Implement and test patches for operating systems that support the infrastructure.
cloud security architect,Cloud Security Architect,security,49,14,158200.0,4,12.2,100.0,10.2,"AWS, Azure, GCP, Cybersecurity, CISSP, Risk Management",Cloud Security Architect,Transaction Network Services,"An extraordinarily talented group of individuals work together every day to drive TNS' success, from both professional and personal perspectives. Come join the excellence!
Overview
The security engineer will be responsible for all risk assessment, recommending changes, and implementation of those recommendations. They will also be required to provide training to operational staff in all security matters pertaining to the operations area. Planning, implementation, upgrading, and monitor of all information security aspects for the protection of computer networks, application, basic infrastructure, and information systems. Ensure appropriate security controls are in place that will safeguard digital files, code, and vital electronic infrastructure. May respond to computer security breaches and viruses.
Responsibilities
Development and adoption of cloud security standards, best practices, and technologies within Enterprise IT infrastructure at TNS.
Liaising and communicating security-related issues with internal business stakeholders.
Developing, enhancing, and documenting security architecture, security policies, patterns, procedures, guidelines, and standards requiring cloud-based so","Cloud Security Architect postings typically ask you to: Provide technical guidance and mentorship to other security architects and engineers. Ensure appropriate security controls are in place that will safeguard digital files, code, and vital electronic infrastructure. Create and maintain security reference architectures, patterns, and guidelines for cloud deployments. Ensure data leakage prevention (DLP) measures are in place to protect sensitive information."
technical support engineer,Technical Support Engineer,it_support,49,40,87500.0,6,34.7,45.8,49.0,"Windows, Azure, Linux, AWS, HTML, JavaScript",Technical Support Engineer - Tier 2,VIR Consultant LLC,"Title: Technical Support Engineer - Tier 2
Location: London
Duration: Fulltime
Job Responsibilities
Working directly with customers via phone and email to respond to technical issues
Providing escalated technical and triage support for other team members
Actively contributing to our online community and knowledge database for up-to-date customer information and solutions
Working closely with our Engineering, Product Management and QA teams to increase customer satisfaction by providing critical feedback and assistance for product enhancements
Be a part of a global team interacting closely with Support offices in the US, Mexico, Europe, Australia, Singapore, Korea, and Japan, as well as with customers around the world
Qualifications/Experience
College degree (CS degree preferred)
3+ years work experience in online technical problem solving.
3+ years work experience in online technical problem solving.
Proven analytical / problem solving ability.
Ability to communicate technical concepts clearly and effectively, both written and oral.
Demonstrated ability to lead and manage initiatives to completion.
Proven ability to work with the team to quickly and calmly resolve technical issues.","Technical Support Engineer postings typically ask you to: Conduct root cause analysis for product quality issues detected, define containment action when applicable and follow-up solution effectiveness. Identify, diagnose and repair problems with systems providing Internet, Email, Hosted Wi-Fi, and Video services. Identify, diagnose and repair problems with Telecom services, including POTS, PRI, VoIP Phones, IADs, and SIP Trunks. Communicate with other departments and customers regarding disposition and status of trouble."
engineer generative ai engineer,Engineer Generative AI Engineer,ai,49,3,246400.0,3,100.0,100.0,100.0,"Machine Learning, Fine-tuning, Python, Scala, Java",Senior Lead Engineer- Generative AI Engineering (Remote-Eligible),Jobs for Humanity,"Job Description
Center 3 (19075), United States of America, McLean, Virginia
Senior Lead Engineer- Generative AI Engineering (Remote-Eligible)
Our mission at Capital One is to create trustworthy, reliable and human-in-the-loop AI systems, changing banking for good. For years, Capital One has been leading the industry in using machine learning to create real-time, intelligent, automated customer experiences. From informing customers about unusual charges to answering their questions in real time, our applications of AI & ML are bringing humanity and simplicity to banking. Because of our investments in public cloud infrastructure and machine learning platforms, we are now uniquely positioned to harness the power of AI. We are committed to building world-class applied science and engineering teams and continue our industry leading capabilities with breakthrough product experiences and scalable, high-performance AI infrastructure. At Capital One, you will help bring the transformative power of emerging AI capabilities, to reimagine how we serve our customers and businesses who have come to love the products and services we build.
We Are Looking For An Experienced Sr. Lead Engineer To H","Engineer Generative AI Engineer postings typically ask you to: Lead Engineer to help build and maintain APIs and SDKs to train, fine-tune and access AI models at scale. Lead Engineer to help build and maintain APIs and SDKs for training, fine-tuning, and accessing AI models at scale. Design APIs for performance, real-time applications, scale, ease of use. Design APIs for performance, real-time applications, sca."
manager of software engineer,Manager Of Software Engineer,engineering,48,6,159600.0,2,100.0,50.0,8.3,"CI/CD, AWS, Java, ServiceNow, Data Modeling, Cassandra",Manager of Software Engineering - JAVA/AWS,ClickJobs.io,"JOB DESCRIPTION This is your chance to change the path of your career and guide multiple teams to success at one of the world's leading financial institutions. As a Manager of Software Engineering at JPMorgan Chase within the Consumer & Community Banking - Technology team, you lead multiple teams and manage day-to-day implementation activities by identifying and escalating issues and ensuring your team’s work adheres to compliance standards, business requirements, and tactical best practices. Job responsibilities Provides guidance to immediate team of software engineers on daily tasks and activities Sets the overall guidance and expectations for team output, practices, and collaboration Anticipates dependencies with other teams to deliver products and applications in line with business requirements Manages stakeholder relationships and the team’s work in accordance with compliance standards, service level agreements, and business requirements Creates a culture of diversity, equity, inclusion, and respect for the team members and prioritizes diverse representation Required qualifications, capabilities, and skills Formal training, or certification on software engineering concepts and","Manager Of Software Engineer postings typically ask you to: Create durable, reusable API solutions that are leveraged across teams and functions."
sdet,Sdet,qa,48,36,135720.0,6,64.6,72.7,45.8,"Java, Jenkins, SQL, Python, CI/CD, DevOps",Sr. SDET,Zortech Solutions,"Position: Sr. SDET
Location: Atlanta, GA (Day 1 onsite - Hybrid)
Qualifications
At least 8 years of experience in IT.
Expertise in test automation of applications from UI and API layer.
Candidate should have hands on experience of writing, maintaining automated UI and APIs tests written in Java, JavaScript, C#, Python using various open-source testing libraries like Selenium, Cypress, REST Assured, etc.
Hands on experience in OOPs languages like Java, C# and scripting languages like Python, Perl, Shell, Bash etc.
Experience with API and Microservices testing and automation
Knowledge and experience with Test Driven Development(TDD),Behavior Driven Development(BDD) with a testing framework like Cucumber, JBehave
Hands on experience with one or more querying languages such SQL (preferred), Oracle, MySQL and/or No SQL databases (Cassandra, MongoDB etc)
Experience deploying applications in AWS or OpenShift (Kubernetes)
Hands on experience in automating backend REST services including writing custom functions using tools such as Postman, REST Assured, Karate, Cypress, Ready API etc.
Hands on experience of building test automation framework from ground up using modular framework and desig","Sdet postings typically ask you to: Assist in driving quality and excellence through a detailed approach to automation. Communicate and evaluate results via e-mail, bug reports, and status reports. Troubleshoot and isolate faults in the assigned technical area. Assist defining strategies for load and performance testing."
service desk analyst,Service Desk Analyst,it_support,47,40,54231.0,3,12.8,30.0,42.6,"Windows, Active Directory, Azure, ServiceNow, Excel, Firewalls",Service Desk Analyst,JoCo,"What is the position:
The Service Desk Analyst will provide support for internal users in the company using excellent customer service skills.
What will you do:
Receive and record customer problems/requests/issues and capture necessary documentation
Perform problem identification and attempt to resolve, then assign to next level as necessary
Monitor and track incident queue with the goal of timely addressing customer requests (ServiceNow)
Perform follow up on incidents with customer to ensure customer satisfaction
Maintain current knowledge of end-user computing hardware and software
Utilize Active Directory to unlock accounts, add security/distribution groups, and updating personal information.
Serve as a liaison between the business and technical support staff
What are the requirements:
Associates Degree in Management Information Systems or related degrees or related years of experience
Experience with MS Office and Office365
Experience with Active Directory
Experience with HP Laptops, HP desktops, and MS Surface Pro
Experience troubleshooting printers
Experience troubleshooting iOS/Android wireless devices
Experience with ServiceNow or related ticketing systems
Strong analytical","Service Desk Analyst postings typically ask you to: Provide excellent solution-focused service for clients on site. Communicate professionally both in person and via email, as well as general administrative duties. Build and maintain trusted relationships with clients, they know you're the go-to for essential daily support and advice. Support from an expert leadership team."
c++ software engineer,C++ Software Engineer,engineering,47,29,176500.0,5,61.7,56.2,34.0,"C++, Linux, Python, Java, Windows, SQL",Senior C++ Software Engineer - Charleston,Quantitative Talent,"Our client is a global leader in quantitative trading. They are seeking experienced Senior C++ Software Engineers to join their team, to build and maintain their high-performance trading and research systems.
Responsibilities
Designing and implementing a high-performance, stable, and robust trading platform and/or data research platform
Optimising the trading platform using advanced techniques such as system and network programming
Building tools for risk management, performance tracking, and data analysis
Requirements- C++ experience is required, daily use (of most recent standards) preferred, at least 5 years in a professional (ie non-academic) setting
Recent (within the past 3 years) experience as a trading system developer within a quantitative trading firm
A bachelors degree or higher in Computer Science or similar
Excellent design, debugging, troubleshooting and problem solving skills and attention to detail
Proficiency with Python, Bash shell scripting, SQL, Java and/or Perl is a plus
Experience with latency optimization
Deep knowledge of the Linux operating system, system/processor performance, and network communication
Strong English communication skills (both written and ","C++ Software Engineer postings typically ask you to: Lead large teams, guides software engineering across multiple Agile teams. Develop and expand features and products using C++. Collaborate with cross-functional teams to define software requirements and specifications. Conduct thorough testing, debugging, and troubleshooting to ensure software reliability and performance."
authentication services platform engineer,Authentication Services Platform Engineer,devops,47,2,171500.0,1,100.0,100.0,91.5,"AWS, Active Directory, Azure, Windows","Authentication Services Lead Platform Engineer (Active Directory, SSO, AWS)",Jobs for Humanity,"Job Description
Job Title: Authentication Services Lead Platform Engineer (Active Directory, SSO, AWS)
Location: McLean, Virginia, United States of America
About The Company
Do you want to work for a technology company that develops its own software and products? At Capital One, we innovate using the latest technologies to create simple and customer-friendly banking experiences. Our work makes a difference for 65 million customers. We are a diverse team of problem solvers who love to learn and work on new technologies, especially in the field of identity and directory services. If you have a curiosity for technology and love to ask ""what if?"", then this opportunity might be for you.
Job Summary
We are looking for an experienced Authentication Services Lead Platform Engineer to join our Identity and Access Management organization. In this role, you will be responsible for developing, engineering, deploying, and supporting comprehensive solutions for our enterprise directory strategy. You will also have the opportunity to automate tasks and contribute to continuous improvement initiatives.
Responsibilities
Analyze, design, and support complex enterprise-level Active Directory and Sin","Authentication Services Platform Engineer postings typically ask you to: Manage enterprise identity cloud directories including Microsoft Azure AD, AWS Microsoft AD, and Google Cloud Domain Directory. Manage enterprise cloud infrastructures in AWS, Azure, and Google cloud platforms. Develop automated solutions using scripts, pipelines, and cloud-based server-less computing platforms. Develop detailed architecture, standards, design, and implementation documentation."
vulnerability researcher,Vulnerability Researcher,security,46,17,159750.0,1,30.4,55.6,39.1,"Python, C++, Cybersecurity, Git, Windows, Prototyping",Vulnerability Researcher,Kudu Dynamics LLC,"Vulnerability Researcher - Job Description
Who We Are:
Kudu Dynamics is a 100% employee-owned company, forged out of a decade of experience in computer networks and staffed with talent who have built, overseen, and enhanced capabilities throughout the entire USG arsenal. Our team of hackers, engineers, makers, and shakers have experience spanning centuries of research, development, and missions - across desktop, mobile, IoT, and embedded platforms. Kudu Dynamics is uniquely qualified to anticipate tomorrow’s threats and build the next generation of capabilities.
Job Description
Our team is currently developing a framework to analyze the security of commonly-used software build and test systems. This role has a broad scope, from understanding the interoperability of multiple server products, to observing and analyzing data flows, to discovering and proving software vulnerabilities. The candidate will be part of a small, agile team that quickly adapts and applies VR knowledge to demonstrate capabilities, from initial analysis of target systems up to developing tools to demonstrate the discoveries of the investigation.
Required Qualifications:
US citizenship and an active Top Secret s","Vulnerability Researcher postings typically ask you to: Develop models, tools and data sets that can be used to characterize the threats to, and vulnerabilities in, software systems, and publish those results. Research Innovations, Inc. Work with a team of driven, supportive, and highly skilled professionals."
it security analyst,IT Security Analyst,security,45,44,99500.0,5,20.0,60.0,33.3,"Incident Response, Cybersecurity, SIEM, Firewalls, Penetration Testing, Risk Management",IT Security Analyst,Capleo Global,"Job Title:
IT Security Analyst
Location: Charlotte, MI 48813 (100% Onsite -
This position is onsite 5 days a week from day 1
)
Duration: 12 Months (with a possible extension)
Job Description
Monitor and advise on information security issues related to the systems and workflow at an agency to ensure the internal IT security controls for an agency are appropriate and operating as intended. Coordinate and execute IT security related projects for the agency.
Coordinate response to information security incidents.
Develop and publish Information Security policies, procedures, standards, and guidelines based on knowledge of best practices and compliance with State IT Security policies, standards, and guidelines.
Conduct campus-wide data classification assessment and security audits and manage remediation plans. Collaborate with IT management, Internal Audit, and SOM to manage security vulnerabilities.
Create, manage, and maintain user security awareness.
Conduct security research and keep abreast of latest security issues.
Prepares IT security documentation, including department policies and procedures, agency notifications, Web content, and alerts.
1 to 3 years of experience in the field","IT Security Analyst postings typically ask you to: Coordinate and execute IT security related projects for the agency. Coordinate response to information security incidents. Provide the organization with guidance on strategies going forward. Conduct thorough investigations of security events generated by detection mechanisms such as SIEM, IDS/IPS, AV, etc."
product analyst,Product Analyst,product,45,43,87360.0,10,24.4,70.0,44.4,"SQL, Data Analysis, Jira, Tableau, Salesforce, Data Visualization",Product Analyst,NAVEX,"It's fun to work in a company where people truly BELIEVE in what they're doing!
We're committed to bringing passion and customer focus to the business.
Position Summary
Are you looking for a fast-paced, creative and innovative work environment in a market segment that makes an impact? We are seeking talented, passionate and dedicated team members to join our expanding Customer Support team to be part of our rapidly growing operations in the risk and compliance management space.
As a Product Analyst, you will be responsible for managing, documenting and tracking Customer Support inquiries along with utilizing C# knowledge and SQL SSMS skills to provide powerful solutions and advanced troubleshooting resolutions. This role will engage with customers and internal NAVEX technical, implementation and consulting resources to ensure a seamless migration and integration into our application(s). Additionally, you will complete deadline-driven project deliverables to ensure customer expectations and satisfaction are exceeded while innovating processes, documentation and tools to provide efficiencies to all teams.
We Offer You
An Inspiring Culture. Invested teammates, belonging groups, and a ","Product Analyst postings typically ask you to: Work closely with the technical lead to define, refine the product. Create, manage, release (production & ITE), and discontinue corporate forms. Maintain forms, related database and SVN repository. Monitor development to ensure standards are followed and ease of maintenance."
embedded systems engineer,Embedded Systems Engineer,devops,45,40,129000.0,4,57.8,17.6,37.8,"C++, Linux, Python, Cybersecurity, Jira, Workday",Embedded System Engineer,General Dynamics Mission Systems,"As an
Embedded Systems Engineer
, working with custom Hardware built in-house, for our Cyber group, you’ll be a member of a cross functional team responsible for developing mission critical NSA-certified Cybersecurity devices in a rapidly growing product line. You’ll be working at the cutting edge of Cybersecurity and high-speed data.
We also have a
Sr. Level Embedded System Engineer
position available as well.
We encourage you to apply if you have any of these preferred skills or experiences:
Real-Time multi-threaded Embedded System architecture and development
Model-based Systems Engineering (MBSE)
Extensive experience with DOORs
Long development lifecycle and product lifespans, requiring maintenance and regular technology refresh
Requirements Analysis and Management
Functional Analysis, performance analysis, and Systems design
Trade Studies
System integration and testing
Nice to have:
Hypervisor Technology
Linux
Networking experience including Layer 2 and Layer 3
Experience working in a fast-paced product development environment
What sets you apart:
Passion for designing complicated systems and working on problems of diverse scope.
Ability to define the scope, schedule, and expe","Embedded Systems Engineer postings typically ask you to: Analyze and evaluate electronic hardware including discrete (analog/digital), mixed signal circuits and embedded processors. Collaborate with hardware engineers and other technical professionals to ensure seamless integration of software and hardware components. Develop and maintain documentation of software and hardware designs, including source code, schematics, and user manuals. Troubleshoot and diagnose issues with embedded systems, including hardware and software problems."
splunk infrastructure engineer,Splunk Infrastructure Engineer,devops,45,2,,0,2.2,,0.0,"Splunk, CI/CD, GitLab, Terraform, Python, Linux",Splunk Infrastructure Engineer,Epic,"We are looking for a Splunk Engineer to join our multi-tenant hosting team. As a Splunk Engineer, you will flex your creativity and engineering skills to support and improve our Splunk installation. Our Splunk deployment serves IT operations, security, and business intelligence purposes. As part of Epic's hosting team, you'll enjoy opportunities to keep abreast of the latest technologies and work collaboratively with experts in a variety of knowledge areas to ensure a robust and secure environment that forms the foundation of our hosting service. Learn more about the team here.
More than just important work
.
Epic is located in Madison, Wisconsin, a city regularly ranked as one of America's best places to live. Epic's environment is one of continuous learning; you'll have access to opportunities to expand your skill set and share your knowledge with others. We offer comprehensive benefits to keep you healthy and happy as you grow in your life and career, and your merit-based compensation will reflect the impact your work has on the company and our customers. You'll also be eligible for annual raises and bonuses, as well as stock grants, which give you an even greater stake in the s",Postings for Splunk Infrastructure Engineer do not phrase their day-to-day duties consistently enough to summarise automatically.
frontend manager,Frontend Manager,engineering,44,15,40560.0,2,100.0,0.0,15.9,Excel,Front End Manager,Food City / KVAT Foods Inc.,"Essential Job Functions: Promote and maintain efficient and courteous service to customers at all times to ensure that “No more than two customers waiting in line” policy is always followed. Supervise and monitor the total functions of the front end. Supervise and monitor all cashiers, courtesy clerks, and fuel associates. Supervise and monitor the computer room operator and coordinate lane pick-ups. Maintain security of safe and change funds. Count safe during scheduled shifts. Know and enforce security policies and procedures for store safes. Keep safes locked at all times. Accountable for security of all safe combinations, keys, and numbers entrusted to you at all times. See that all cash, deposits and pick-ups are properly handled. Cash and approve checks and monitor check cashing and tendering procedure making sure they are correctly followed. Promote use of ValuCard. Monitor and enforce coupon handling procedures. Monitor supply usage. Promote and maintain good housekeeping on the front end including: Clean check stands Clean store fronts (inside and out) Keep shopping carts clean and litter free Keep parking lot free of debris and stray shopping carts Keep adequate number of","Frontend Manager postings typically ask you to: Prepare all bank deposits and record all data appropriately, and verify all returned bank slips. Prepare all items for the armored car service. Maintain and enforce the company shoplifting policy. Maintain and enforce the emergency code system."
founding embedded systems engineer,Founding Embedded Systems Engineer,devops,44,2,,0,0.0,100.0,97.7,C++,Founding Embedded Systems Engineer,Recruiting from Scratch,"Who is Recruiting from Scratch :
Recruiting from Scratch is a premier talent firm that focuses on placing the best product managers, software, and hardware talent at innovative companies. Our team is 100% remote and we work with teams across the United States to help them hire. We work with companies funded by the best investors including Sequoia Capital, Lightspeed Ventures, Tiger Global Management, A16Z, Accel, DFJ, and more.
https://www.recruitingfromscratch.com/
Company background
We are a low-cost, swarm robotics company for industry and defense. We see a world of ubiquitous low-cost robots transforming almost all aspects of society, but we see an urgent need in the defense industry. We focus on building swarms of robots that incorporate a low-cost BOM, an autonomous stack optimized for off the shelf components, and a global planner that enables swarm capabilities for groups of robots to accomplish sophisticated tasks.
Our first product is a defense application building Unmanned Ground Vehicles (UGVs), collectively termed - Attritable, Networked, Tactical Swarm (ANTS). Each UGV in ANTS is an independently-tasked, attritable robot designed for on-demand and autonomous mobility.",Postings for Founding Embedded Systems Engineer do not phrase their day-to-day duties consistently enough to summarise automatically.
financial business analyst,Financial Business Analyst,product,44,20,100825.0,4,65.9,100.0,18.2,"Data Analysis, Excel, SQL, ETL, Oracle, NetSuite",Senior Financial Business Analyst - Tax Technology,EY,"EY focuses on high-ethical standards and integrity among its employees and expects all candidates to demonstrate these qualities. At EY, you’ll have the chance to build a career as unique as you are, with the global scale, support, inclusive culture and technology to become the best version of you. And we’re counting on your unique voice and perspective to help EY become even better, too. Join us and build an exceptional experience for yourself, and a better working world for all.
As part of our Americas Tax Technology Group (ATTG) you will be part of a technology organization that develops and maintains innovative solutions for our client-serving Tax professionals. ATTG professionals will partner with our Tax professionals to develop supporting technology such as digital/mobile tools to improve internal operations, application of Robotics Process Automation (RPA) to collect and calculate financial data, development of advanced financial dashboards, visualization, analytics, and reports.
Position Summary:
The Financial Business Analyst role is in the Solutions Delivery pillar. The main function of this pillar is to ensure that projects and programs forming part of specific portfoli","Financial Business Analyst postings typically ask you to: Perform exploratory and descriptive data analysis to understand trends, patterns, and outliers. Collaborate with cross functional teams to improve processes. Create and maintain dashboards and reports to communicate data findings and insights to stakeholders. Review, document and recommend improvements to streamline business processes."
help desk analyst,Help Desk Analyst,it_support,43,25,58500.0,3,4.7,52.6,44.2,"Active Directory, Windows, ServiceNow, Excel, VMware, SQL",Help Desk Analyst,Robert Half,"Robert Half is seeking a skilled Help Desk Analyst to join our client’s dynamic team. We have several opportunities with different clients all within the Greater Boston area.
Responsibilities:
Provide first-level technical support to end-users via phone, email, or in-person.
Diagnose and resolve hardware, software, and network issues.
Collaborate with other IT team members to escalate and resolve complex technical problems.
Install, configure, and maintain desktops, laptops, and peripherals.
Assist in managing user accounts, permissions, and access rights.
Ensure timely and accurate documentation of all support interactions in the ticketing system.
Train end-users on basic troubleshooting and self-help techniques.
Requirements:
Proven experience as a Help Desk Analyst or similar role.
Strong proficiency in troubleshooting and supporting both Windows and Mac operating systems.
Experience supporting current versions of Windows, Mac OS, and Office 365 in a networked environment as well as a working knowledge of PC hardware and configuration issues.
Excellent communication and customer service skills.
Ability to work independently and collaboratively in a fast-paced environment.
Basic ","Help Desk Analyst postings typically ask you to: Troubleshoot and resolve hardware, software, and network-related issues for desktops, laptops, and mobile devices. Manage user accounts and permissions within Active Directory and Microsoft 365 to ensure secure and appropriate access to resources. Assist in the deployment, configuration, and maintenance of desktops, laptops, and software applications. Collaborate with other IT teams to escalate and resolve complex technical issues."
test automation engineer,Test Automation Engineer,devops,43,31,128860.0,4,37.2,25.0,27.9,"Python, Java, CI/CD, Azure, Zero Trust, Jenkins",Senior Test Automation Engineer,NTT DATA Services,"Req ID:
266708
NTT DATA Services strives to hire exceptional, innovative and passionate individuals who want to grow with us. If you want to be part of an inclusive, adaptable, and forward-thinking organization, apply now.
We are currently seeking a Senior Test Automation Engineer to join our team in Arlington, Texas (US-TX), United States (US).
This is a hybrid position so would require 3 days on-site in Arlington, TX and 2 days remote.
Responsibilities:
Conducting tool assessments and evaluations
Independently manage Automation teams
Architect, customize/develop automation framework works for customer/project needs
Build a pilot, build prototypes, and provide business analysis
Test and write test scripts
Work with QA engineering to convert manual tests into automated tests
Conduct testing, maintenance, and validation on all software products
Analyze and document test results and create detailed defect reports
Be an advocate for help and rethink, and improve shift left strategies
Write technical documentation/defects and issues
Work with continuous integration tools
Provide Automation Commercial and Open-source tools standards with a clear understanding of the Software Test Automa","Test Automation Engineer postings typically ask you to: Perform various types (UI, API, regression) of manual software testing. Execute test scripts and fully document all defects during the test execution. Support our customer’s mission to feed people and improve the procurement, distribution, and tracking of food commodities!. Develop a strategy to continue automating scripts to increase test efficiency, reduce manual testing, and decrease manual testing costs."
database developer,Database Developer,database,42,37,130000.0,7,66.7,84.2,45.2,"SQL, ETL, Python, Oracle, Java, Data Modeling",Database Developer,Btechnical Group,"Our client is a well-established family office investing for a prestigious Dallas family. They need a Database Developer to help develop a new data warehouse while maintaining and enhancing their existing data products. The ideal candidate is a strong team player who can innovate, think critically, and multi-task as necessary. The chosen individual will play an integral part in this digital transformation that is underway and will be a key player in future design and development opportunities. Given this role's impact, it will be aggressively compensated with bonuses and benefits.
**This is not a remote position. You will be in their beautiful office in the Turtle Creek area just north of downtown Dallas on a daily basis**
Responsibilities
:
Analytical solutions development, including data design and integration
Data visualization and report development
Serve as Tier 1/2 Level Support for Investments and Accounting departments for application-related issues
Required Skills/Abilities:
Strong SQL Development Skills
Tableau (or PowerBi) Development and Administration Skills
Data Integration experience
Comfort/Working Knowledge Of:
Azure data environments
Excel automation
Source Contro","Database Developer postings typically ask you to: Ensure that the system is scalable, responsive, available, secure, maintainable, and easy to administer. Create software development solutions for Web-based software applications and information systems. Work with confidence knowing your ideas are heard and backed by one of the world's top professional services firms. Work closely with other engineers to develop new products."
flight test engineer,Flight Test Engineer,qa,42,30,180400.0,18,78.6,11.1,21.4,"Data Analysis, System Design, MATLAB, Risk Management, Prototyping, C++",Senior Flight Test Engineer,iLocatum,"Category: Flight Operations
Location: Mojave, CA
Citizenship Required: United States Citizenship
Clearance Type: Secret
Schedule: 9/80 Work Schedule
Relocation Assistance: Relocation assistance may be available
Benefits: 100% Paid Benefits and 401k Matching
Summary:
Our Client is a fast-paced aerospace research company located in Mojave, CA. We are known for generating one-of-a-kind,
proof-of-concept, and record setting aircraft. We look for self-starters who strive to understand the company as a whole, take
ownership of their tasking, and are idea generators to progress efficiency for the overall sake of the company. This research and
development environment focuses on good judgement, quick thinking, and forward progression in a short timeframe.
Our Client's Senior Flight Test Engineer (FTE) will act as a project test lead. The FTE will work with the project technical
leadership and test pilots to design and generate test plans. The FTE will coordinate schedules and logistics with other internal and
external organizations. Like every job at at our company, the job is to do anything that needs to be done to help each program succeed.
FTEs will be assigned to assist one or more prog","Flight Test Engineer postings typically ask you to: Support variety of Scaled flight test programs, including chase support and general FTE activities. Work closely with Engineering to develop requirements, discuss test results, to include collected. Work closely with Engineering to discuss tes. Review and prepare engineering and technical analyses, reports, change proposals, and other technical documentation."
frontend software engineer,Frontend Software Engineer,engineering,42,27,172050.0,15,73.8,81.2,38.1,"React, JavaScript, Machine Learning, TypeScript, CSS, AWS",Sr. Frontend Software Engineer,Pinecone,"About Pinecone
Pinecone is pioneering a vector database to power modern AI/ML applications. We provide customers with capabilities that until now have only been in the hands of a few tech giants - such Google’s Search and Facebook’s feed ranking. Our team consists of multiple startups founders, including the core team that created Amazon SageMaker, and is backed by some of Silicon Valley’s prominent investors.
We value integrity, passion, pushing boundaries, real-world problem solving, and a sense of humor. We work in collaboration, and encourage new ideas and initiatives.
About The Role
As a frontend engineer, you will build the UI/UX of Pinecone’s management console. You will build web applications with a delightful, intuitive and frictionless user experience, for ML engineers and data scientists. Example projects include maintaining, extending and improving our management console. Responsibilities will include making recommendations for the tech strategy for that code base, and raising the bar for our frontend craft at Pinecone.
If this sounds exciting, we want to hear from you!
Pinecone is a distributed team with clusters in New York, San Francisco, and Tel Aviv. You will be pa","Frontend Software Engineer postings typically ask you to: Provide guidance on improving the user experience of our front-end applications through design and performance optimizations. Collaborate with a cross-functional team to solve real-world problems that cannot be solved with software alone. Collaborate with Product Managers, UX, and Software Engineers to design, develop, and deliver compelling user-facing products. Build the future of data."
power systems engineer,Power Systems Engineer,devops,42,26,157500.0,8,73.8,71.4,33.3,"System Design, Risk Management, MATLAB, SQL, Data Analysis, Python",Principal Power Systems Engineer,D'Arcy Weil,"Join our client, a leading transmission network service provider, as a Principal Power Systems Engineer.
Our client is a leading transmission network service provider in Australia, ensuring the safe and reliable delivery of electricity to communities. Committed to innovation and sustainability, they play a vital role in shaping the future of the energy sector. Join their dedicated team as a Principal Power Systems Engineer and contribute to the advancement of power systems engineering for a more resilient and efficient electrical grid.
As the Principal Power Systems Engineer, you will be at the forefront of power systems design, analysis, and optimization. Leading a team of skilled engineers, you will collaborate with internal and external stakeholders to enhance the performance and reliability of the transmission network. This is an exciting opportunity to apply your technical expertise, drive innovation, and shape the future of power systems engineering in Australia.
Key Responsibilities
Lead and oversee power systems engineering activities, including planning, design, and optimization of the transmission network.
Provide technical guidance and mentorship to a team of power syste",Power Systems Engineer postings typically ask you to: Provide technical guidance to Development and Finance teams to ensure optimised project configurations. Manage the Connection Application Process (R0) for multiple projects across several NEM jurisdictions and ensure that projects are progressed in a timely manner. Work for a company that gives you a platform to do amazing things. Develop cost effective project conf.
desktop support,Desktop Support,it_support,41,30,70000.0,3,51.2,9.5,51.2,"Windows, Active Directory, ServiceNow, Excel, Azure, Cybersecurity",Desktop Support,"SourceWave, Inc.","Hiring Desktop support specialist. MUST BE ONSITE in NEW YORK CITY. PC Environment Up to $55 per hour with Benefits -On site in Midtown NYC at Midsize Bank.
This position is focused on providing our customer’s technical support needs as they relate to Endpoint support, including desktops, laptops, mobile devices.
Key Responsibilities:
Supporting PC/mobile devices/peripherals, to diagnose hardware/software/network issues through troubleshooting skills, research, and isolation steps
Contribute to providing quality service for Executive level support
Coordinate entire support for the client from ticket initiation until resolution
Provides a high level of customer service by executing methodologies and processes to improve call resolutions, manage expectations and develop strong and stable internal relationships
Evaluates new technologies, methodologies, and Information Technology trends to ensure that computing solutions meets current and future needs
Performs other duties as assigned.
Experience Required:
Minimum 7 years’ experience across the range of responsibilities described above
Excellent written and verbal communication skills
Experience or familiarity with the following techn","Desktop Support postings typically ask you to: Work with government customers to identify needs or opportunities for improvement. Plan and implement large-scale projects with no impact on daily operations. Provide oversight for a variety of tasks and activities that are broad in nature and are concerned with technical support, cyber security, and IT operations. Provide technical support, system administration support, imaging, and lifecycle support."
mobile engineer,Mobile Engineer,engineering,41,21,200500.0,2,80.5,70.0,24.4,"Kotlin, Swift, React, Java, TypeScript, CI/CD","Senior Mobile Engineer, Android - Dallas",Rad Hires,"Senior Mobile Engineer, Android - UX Specialist
The Company
Our client is a venture-backed technology startup democratizing financial services for hard-working Americans. More than half of American workers live paycheck-to-paycheck. Stuck in this cycle, they collectively lose billions each year on payday loans, bank overdrafts, and credit card fees. Today’s financial system is built to favor those with money. Our client's mission is to level that playing field by building financial products that help users better manage their financial future. Our app lets users access cash, build credit, get cash back to pay down debt, and save.
We have already helped thousands of people get a little closer to their dreams. And we're just getting started.
The Role
We're looking for a seasoned Android Engineer who can help us build beautiful, interactive apps that convey complicated ideas simply and effectively. The ideal candidate is a master at Kotlin and has shipped top consumer apps at scale. The candidate learns new technologies quickly and has strong software engineering and computer science fundamentals. Our Android Engineers have strong input to product, design, and platform design, and bui","Mobile Engineer postings typically ask you to: Perform assigned facility inspections and due diligence efforts, reporting on as found conditions impacting satisfactory client occupancy and operations. Prepare and submit to management summary reports listing conditions found in the performance of assigned work, and recommend and/or suggest action to be taken. Maintain compliance to State, County, or City Ordinances, Codes, or Laws. Work on an award winning product that our customers love and continue to find exceptionally useful in a market and space that is continually growing every year."
devops platform engineer,DevOps Platform Engineer,devops,41,2,,0,2.4,,0.0,"DevOps, Kubernetes, Ruby, CI/CD, GitLab, Terraform",DevOps Platform Engineer,Epic,"As a DevOps Engineer on our Development Platform Team, you’ll help shape the future of Epic’s SaaS platform by designing, deploying, testing, automating, and evaluating our Development Platform Infrastructure. You will create and collaborate on automation to analyze, maintain, and evolve our complex infrastructure while working across multiple teams on training and adoption of processes and tools. As part of Epic's multi-tenant hosting team, you'll keep abreast of the latest technologies and work collaboratively with experts in a variety of knowledge areas to develop and maintain a robust, reliable, high-performance foundation for some of the largest healthcare organizations in the country to access our world-class software. Learn more about the team at https //careers.epic.com/Jobs/Hosting.
Desired Skills And Knowledge Areas
1+ years of experience creating or implementing complex DevOps solution.
Direct experience in one or more of the following
Kubernetes Administration
Artifact Management software such as Artifactory
Source Control Management Software such as Gitlab
CI/CD frameworks such as GitLab CI
Infrastructure as Code frameworks such as Puppet, Terraform, or Ansible
Experie",Postings for DevOps Platform Engineer do not phrase their day-to-day duties consistently enough to summarise automatically.
applications developer,Applications Developer,engineering,41,34,112670.0,8,61.0,61.1,43.9,"SQL, .NET, JavaScript, Java, Azure, Angular",Applications Developer Lead,Capleo Global,"Job Title: Applications Developer Lead
Duration: 9 Months (Possibility for extension)
Location: 100% REMOTE
Description
Seeking an Application Developer to take the lead in the following tasks:
"" Take leadership in the design, development, coding, testing, and debugging of applications
"" Create and maintain applications, work closely with application developers, and ensure there is proper written documentation of all requirement coding and business rule coding.
"" Maintain and ensure compliance with all software development standards.
"" Provide production support and implement changes to source systems code.
"" Mentor and support skills development of the application development team.
"" Interact with Scrum Master, OTSS team leads, MDE product owners and high-level business users.
Required Skills
Experience creating applications using .Net, React, Git, Azure, and Azure DevOps Pipelines.
Experience working in Agile Projects.
Experience in education data systems and environments is a plus.
Show more
Show less","Applications Developer postings typically ask you to: Work experience on System integration projects is a plus. Provide operational support and troubleshooting for the InfoLease 10 application and its corresponding integrations. Lead the definition of product vision, roadmap, and strategy, translating intricate business requirements into detailed specifications. Develop and manage RESTful APIs using .Net and Java frameworks."
embedded engineer,Embedded Engineer,engineering,41,33,156250.0,2,46.3,15.0,48.8,"C++, Linux, Python, Unit Testing, Bash, Software Architecture",Embedded Engineer,The Ash Group,"Embedded Engineer
Setting: Onsite
Location: San Diego, CA
Duration: 12 months
Experience Range
: 4 to 6 Years (No more than 8 Years)
Duties
:
Design, develop, code, test, and debug system software with a focus on Display.
Review code and design.
Analyze and enhance system resources' efficiency, stability, and scalability.· Integrate and validate new product designs.
Support software QA and optimize I/O performance.
Provide post-production support.· Interface with hardware design and development.
Skills:
Proven experience as an embedded software engineer.
Solid programming experience in C or C++.
Experience in hands-on development and troubleshooting on embedded targets.
Experience with software development methodologies.
Familiarity with software configuration management tools, defect tracking tools, and peer review.· Knowledge of reading schematics and data sheets for components.
Strong documentation and writing skills.· Experience in device drivers and Android.
Having prior display software experience is a plus.
Education
: Bachelor or master’s in engineering
This role does not support c2c
What We Offer:
• We offer our contractors medical, dental, vision, and direct primary care ","Embedded Engineer postings typically ask you to: Support software QA and optimize I/O performance. Analyze and enhance efficiency, stability and scalability of system resources. Provide post-production support. Write, debug, and maintain embedded software code in C/C++."
medical technologist,Medical Technologist,it_support,40,10,77500.0,10,0.0,,0.0,,MEDICAL TECHNOLOGIST - Technical Support Specialist,Afton Consulting Group,"Nice opportunity for an ASCP Certified, Medical Technologist, to work for a medical lab device manufacturer. Utilize your lab knowledge as a Technical Support Specialist & trainer, and travel within their region. Will be instrumental during the installation process as a trainer, and documenting the lab procedures.
Overnight travel will be required.
Would like someone who resides in the Central - Northern NJ area,
Company cannot consider anyone who must relocate to the area for the position..
Base salary $70K - $85K, depending on experience, plus a Performance Bonus and an
Installation Bonus (additional $5K - $10K annually), Company Vehicle, Paid Family
Medical.
Qualifications
Position requires a Bachelor's degree in Medical Technology or a related field and a minimum of 5 years lab experience.
ASCP Certification is required.
Minimum of 5 years experience as a Medical Technologist.
Good Coagulation experience is preferred, and should be detailed on your resume.
Overnight travel will be required.
This job requires the individual to be fully vaccinated against COVID-19.
This position is not eligible for sponsorship for work authorization. Therefore, if you require sponsorship to work ",Postings for Medical Technologist do not phrase their day-to-day duties consistently enough to summarise automatically.
product developer,Product Developer,engineering,39,33,83000.0,6,38.5,50.0,20.5,"Prototyping, Data Analysis, Spark, Excel, SAP, User Research",Senior Product Developer,Georgia Pacific,"Your Job
Are you passionate about exploring new ideas and breaking through conventional norms? At Georgia-Pacific, we share your enthusiasm for pushing boundaries and embracing creative solutions. We constantly challenge the status quo, take calculated risks, and strive to improve the products we make. We are seeking a
Senior Product Developer
to help us extend our competitive edge for GP PRO products. It’s likely you regularly interact with the products we make, whether using a public restroom, dining out, or enjoying hotel amenities. These products are designed to fit your needs and the needs of the establishment. Our product developers think through these customer and end-user needs to design, manufacture, and deliver advantaged products. As a product developer, you will have the unique opportunity to (1) deepen your technical expertise in product design, (2) leverage your creativity to tackle challenging problems, and (3) apply a customer-centric approach to driving innovation.
Our Team
The Georgia-Pacific PRO product development team drives the technical advancement of our tissue, towel, napkin, wipers, and skincare brands in the away-from-home market. As a team of dedicated e","Product Developer postings typically ask you to: Provide product & design with alternatives in constructions, materials, costing, & comfort. Communicate the tech packages & specs to factory p. Communicate updates of activity within NPD & wider site team. Work with suppliers of new raw materials & packaging (& procurement department) to ensure products being developed are done so with suitable raw materials."
react developer,React Developer,engineering,39,29,111250.0,2,53.8,56.5,59.0,"React, JavaScript, CSS, HTML, TypeScript, Git",React developer,Photon,"React Developer
Location- (Atlanta, GA Onsite)
We are seeking a skilled React.js developer to join our team. As a React.js developer, you will be responsible for developing user interface components and implementing them following well-known React.js workflows. You will work closely with our engineering and design teams to deliver high-quality, responsive web applications.
Responsibilities:
Develop new user-facing features using React.js
Build reusable components and front-end libraries for future use
Translate designs and wireframes into high-quality code
Optimize components for maximum performance across a vast array of web-capable devices and browsers
Collaborate with cross-functional teams to define, design, and ship new features
Ensure the technical feasibility of UI/UX designs
Participate in code reviews and provide constructive feedback
Requirements:
Strong proficiency in JavaScript, including DOM manipulation and JavaScript object model
Thorough understanding of React.js and its core principles
Experience with popular React.js workflows (such as Flux or Redux)
Familiarity with RESTful APIs and modern authorization mechanisms (such as JSON Web Token)
Experience with common f","React Developer postings typically ask you to: Collaborate with our solution teams, analyze their requirements, prioritize and drive features to closure with very high quality. Lead the effort to split the application into two parts: Home Base, housing generic functions, and the remaining application with specific features. Develop and maintain front end functionalities using React while ensuring a seamless user experience. Work closely with UX considerations, providing input on design improvements and ensuring a user-friendly interface."
cloud platform engineer,Cloud Platform Engineer,devops,39,14,,0,23.1,100.0,17.9,"Azure, AWS, Terraform, Linux, GCP, Windows",Cloud Platform Engineer,Epic,"We are looking for an exceptional Cloud Engineer to join our multi-tenant hosting team. As a Cloud Engineer, you will deploy and maintain infrastructure as a service (laaS) and platform as a service (PaaS) resources to public cloud providers in order to host and support our world-class software. You will design robust, highly performant, secure solutions in the cloud and work with our customers, other Epic engineers, and cloud vendors to migrate workloads to the cloud. Learn more about the team at https //careers.epic.com/Jobs/Hosting.
Technical knowledge and/or experience in the following areas is preferred
Experience developing and deploying resources with a cloud provider (I.e., Azure, AWS, Cloudflare, GCP)
Proficiency with Infrastructure as Code technologies such as Terraform, CloudFormation, or ARM
Knowledge of Linux and Windows Server operating systems
Networking concepts (load balancing, TCP/IP, HTTP, gRPC, DNS) and troubleshooting tools (Wireshark, command line, BPF)
Interest in Cloud storage and/or security
More than just important work
.
Epic is located in Madison, Wisconsin, a city regularly ranked as one of America's best places to live. Epic's environment is one of con",Cloud Platform Engineer postings typically ask you to: Own your opportunity to serve as a critical component of our nation's safety and security. Create Infrastructure as Code (IaC) that is reusable and follows best practices. Ensure that platform services meet specified uptime and quality of service standards. Support product teams in building services that comply with company standards.
sharepoint developer,SharePoint Developer,engineering,39,25,114400.0,5,66.7,55.6,23.1,"ServiceNow, Azure, DevOps, HTML, CSS, JavaScript",Sr SharePoint Developer,Healthfirst,"Currently seeking a Senior SharePoint Developer to provide hands-on, value-added services to deliver innovative SharePoint solutions to internal business clients and external vendors. As a senior position, the focus is on accountability, service delivery, mentorship to the extended team and to be business facing when applicable. Working with the SCRUM Master and Product Owner, the Sr. Developer will design and develop programs/processes that automate specific business processes by working with various business units/departments to satisfy their requirements.
Job Posting Title:
Sr SharePoint Application Developer
Job Description Summary
Currently seeking a Senior SharePoint Developer to provide hands-on, value-added services to deliver innovative SharePoint solutions to internal business clients and external vendors. As a senior position, the focus is on accountability, service delivery, mentorship to the extended team and to be business facing when applicable. Working with the SCRUM Master and Product Owner, the Sr. Developer will design and develop programs/processes that automate specific business processes by working with various business units/departments to satisfy their requi","SharePoint Developer postings typically ask you to: Lead the design and implementation of business solutions based on Office 365, with particular focus on SharePoint and migrations. Lead migration and deployment initiatives to SharePoint Online in Azure and OneDrive. Administer and maintain SharePoint Farms, both on-premise and in the cloud. Oversee and perform the administration and upgrading of SharePoint servers and databases."
security operations manager,Security Operations Manager,security,39,23,67500.0,3,100.0,63.6,28.2,"Incident Response, SIEM, Cybersecurity, Segment, CISSP, Splunk",Security Operations Manager,Finning,"Company:
Finning International Inc.
Number of Openings:
1
Worker Type:
Permanent
Position Overview:
With a reporting line to the Chief Information Security Officer, this role will be responsible for the first line of defense by modeling and leading the Security Operations Centre (SOC) team. You will lead the cyber threat-hunting and incident response function while improving the security posture of all Finning global regions using best of breed technology to prevent, identify, deter, investigate and remediate security events. Primary focus includes unified threat management, SIEM alert management, firewall management, governance and policy compliance, vulnerability management, email hygiene, and endpoint device security management.
The ideal candidate for this position is a proven thought leader, people leader, problem solver and integrator of people, processes, and technology; as well as an effective global internal consultant. The Security Operations Manager will be skilled in platform operations, maintaining sophisticated security systems to a very high level of availability and quality, applying an agile methodology to continual improvement, increasing capabilities, decreasing ","Security Operations Manager postings typically ask you to: Monitor all security operations throughout the facility. Review, develop, and implement SOC standard operating procedures as needed. Coordinate and schedule shift coverage and assign resources for. Ensure the department’s training program."
sales director,Sales Director,engineering,38,1,,0,100.0,,0.0,,Sales Director - Software Engineering,Accenture,"Overview
Accenture is a leading global professional services company that helps the world’s leading businesses, governments and other organizations build their digital core, optimize their operations, accelerate revenue growth and enhance citizen services—creating tangible value at speed and scale. We are a talent- and innovation-led company with approximately 733,000 people serving clients in more than 120 countries. Technology is at the core of change today, and we are one of the world’s leaders in helping drive that change, with strong ecosystem relationships. We combine our strength in technology and leadership in cloud, data and AI with unmatched industry experience, functional expertise and global delivery capability. We are uniquely able to deliver tangible outcomes because of our broad range of services, solutions and assets across Strategy & Consulting, Technology, Operations, Industry X and Song. These capabilities, together with our culture of shared success and commitment to creating 360° value, enable us to help our clients reinvent and build trusted, lasting relationships. We measure our success by the 360° value we create for our clients, each other, our shareholders",Postings for Sales Director do not phrase their day-to-day duties consistently enough to summarise automatically.
research data analyst,Research Data Analyst,data,38,21,99044.0,9,13.2,86.7,39.5,"Data Analysis, Python, SAS, Statistical Analysis, Excel, Big Data",Research Data Analyst,The Johns Hopkins University,"Job Req ID: 111895
Research Data Analyst
We are excited to announce the search for a committed and strategic
Research Data Analyst
to support the advancement of two pioneering research groups: the Community Science and Innovation for Environmental Justice (CSI EJ) Initiative and the Johns Hopkins Environmental Health Microbiology and Immunology Laboratory (EHMIL). This role involves providing the data management, data analysis, and statistical programming needed for cutting-edge, community-driven research and contributing data analytics to support field and laboratory initiatives that address environmental justice, advance scientific understanding, and foster educational growth.
Specific Duties & Responsibilities
Work as a key member of a research study project team with primary responsibility for oversight of collection, organization, management and reporting of research data.
Make important design and data collection methodology recommendations. Have primary responsibility for data collection, analysis, interpretation and reporting.
Develop data collection and analysis methodology, including defining in detail data requirements, data sources and proper data collection procedures,","Research Data Analyst postings typically ask you to: Design and customize reports based upon data in the database. Oversee and monitor regulatory compliance for utilization of the data. Create complex charts and databases, perform statistical analyses, and develop graphs and tables for publication and presentation. Test prototype software and participate in approval and release process for new software."
integration developer,Integration Developer,engineering,38,32,94600.0,4,34.2,75.0,21.1,"Azure, SQL, SAP, Java, XML, Python",Lead Integration Developer,Serigor Inc,"Job Tilte:
Lead Integration Developer
Location:
Skillman, New Jersey
Duration:
Full Time
Responsibilities
Experience in working onshore-offshore model
Should be able to assess, estimate the delivery assignments Implement Integration frameworks, templates, and accelerators
Collaborate with internal and external stake holders and create mapping documents. Able to estimate the work deliverables for different components.
Experience working with client counterparts for sign offs on deliverables. Have a creative attitude and ensure to strive for exceeding quality goals. Experience in working with technology vendors for setup and support Should be a team player, support the team as and when needed
Able to communicate on the project status, issues and handle risks
Minimum Qualifications
Strong experience in implementing integration solutions using SAP PO, CPI, APIM, BTPI.
Integration experience with ERP systems like SAP, Ariba, Concur systems
Strong knowledge in understating existing integration implementation and reverse engineer for newer platform
Preferred Qualifications/ Skills
Master’s Degree-Computer Science, Electronics, Electrical.
Knowledge of Change & Incident Management process
","Integration Developer postings typically ask you to: Work experience in implementing integration projects using WebMethods is a plus. Develop and implement robust integration solutions between a cloud-based application (Azure) and an on-premise application. Design, develop, and maintain APIs to facilitate data exchange and communication between the applications. Troubleshoot and resolve integration issues, ensuring smooth and reliable data flow between systems."
angular developer,Angular Developer,engineering,38,32,133500.0,3,57.9,47.4,50.0,"Angular, TypeScript, CSS, JavaScript, HTML, Git",Angular Developer,Extend Information Systems Inc.,"Job Title: Angular Developer
Location: McLean, VA(Onsite;Day1)
Duration: 12+ Months Contract
Experience level : 8+ yrs
Roles And Responsibilities
Build and Develop software applications by understanding user needs, writing well designed code, conducting validation/testing and executing full SDLC from design through release.
Be a Team Player work in a collaborative team-oriented environment, share information, value diverse ideas, partner with cross functional and remote teams.
Be Curious & Innovative continuously update yourself with next generation technology, development tools, and contribute to process development practices.
Be an Agile Person with strong sense of urgency and a desire to work in a fast-paced dynamic environment to deliver solutions against strict timelines.
Be an Effective Communicator articulate complex technical issues, and share ideas, participate in peer-reviews, and exhibit strong listening skills.
Take Ownership responsible for performance, reliability and implement changes for improving efficiency of a technical component.
Required Skills
5+ years' experience with Angular or above building Single Page Applications must have experience of working on Angula","Angular Developer postings typically ask you to: Research new technologies, identify and learn best practices, adapt quickly, and provide technical guidance to other team members. Work with geographically distributed teams to deliver end-to-end solutions. Identify ways to improve design and development. Ensure adherence to architecture standards, risk management and security policies."
it support technician,IT Support Technician,it_support,38,33,53400.0,6,13.2,15.0,52.6,"Windows, Active Directory, Azure, Excel, System Design, Jira",IT Support Technician,Snap Inc.,"IT Support Technician / IT Service Desk Analyst / Service Desk Support / IT Support Analyst /1st/2nd Support / 1st & 2nd Line Support / IT Technician / IT Specialist / IT Support Engineer
Widen The Net is a partner recruitment agency to Snap and we are hiring for their contract positions.
On site based in Chandler office.
Snap are looking for an IT support technician to support their brand new IT labs based in Chandler, Arizona, manage vendor relationship and ensure IT services delivery:
-Troubleshooting for Mac OS and Windows Server, network, switches, AD, cloud backups, Google Workspace, JAMF, Atlassian, Slack, OTKA, Jira,
-Clearing tickets backlog, analysing issues and following up with end users, escalate technical issues, helping resolving problems and finding root cause within SLA;
-Building good relationship with 3rd party software/hardware vendors;
-Documentations
Requirements:
-2 + years experience working as IT support/service desk/IT technician;
-Strong working knowledge in Windows server;
-Knowledge in ticketing management system such as ServiceNow or Jira;
-Excellent client facing and problem solving skills, creative thinking and sociable personality;
-Experience suppo","IT Support Technician postings typically ask you to: Design, implement, and maintain all aspects of workstation imaging, software applications, and patching. Assist Service Desk personnel with various IT related duties as needed. Administer, plan, create, deploy, and monitor SCCM packages, applications, and OSD task sequences to devices on the network. Develop custom reports and inventory data as it is requested as well as custom queries via SCCM."
erp business analyst,ERP Business Analyst,product,36,27,105000.0,4,27.8,50.0,44.4,"Oracle, SAP, Data Analysis, SQL, Power BI, Segment",ERP Business Analyst,Octagon Talent Solutions,"Are you a seasoned
ERP Business Analyst
looking for a new challenge? Octagon Talent Solutions has an exciting opportunity for you! We are seeking a dynamic Business Analyst for one of our clients in the IT-ERP department in the Port St. Lucie, FL area! You will play a crucial part in designing and implementing their ERP system, making a significant impact on the organization’s explosive growth. Key skills needed are excellent communication abilities, process orientation, attention to detail, analytical thinking, and problem-solving. If you're passionate about scalable business models, economic and environmental sustainability, and ERP implementation projects that will take your career to the next level, we encourage you to apply today!
Responsibilities:
Develop an understanding of our organization's business functions and processes.
Work hand-in-hand with our ERP implementation partner.
Meet with department stakeholders across various business units to understand processes, objectives, pain points, and requirements for the ERP implementation.
Work with IT teams and consultant teams to design appropriate solutions and configurations for the ERP platform that meet the needs of the or","ERP Business Analyst postings typically ask you to: Conduct workshops and interviews to elicit information necessary for system enhancements. Create comprehensive documentation, including process flows, use cases, and functional specifications. Provide guidance on best practices and ensure alignment with business processes. Collaborate with end-users to conduct user acceptance testing (UAT) and ensure suc."
it analyst,IT Analyst,it_support,36,31,97041.0,8,47.2,47.4,52.8,"Windows, Data Analysis, SQL, Active Directory, JavaScript, DevOps",Sr. IT Analyst - Edifecs Technical Systems Analyst - Fully Remote,Magellan Health,"Interested in fully remote opportunity as a Sr. IT Analyst (EDI) while working for an innovative healthcare company where you can have an impact on people's lives? Apply today and come join us at Magellan Health as we lead the world toward a healthier future!
We're looking for a Sr. IT Analyst with good Windows SQL experience for an excellent work from home opportunity at Magellan Health. Candidate should also have some EDI X12 experience.
2+ yrs working within the Edifecs Platform
3+ yrs Extensive Healthcare x12 EDI Knowledge
Working knowledge of EDI Formats: 834, 837P/I, 835, 270/271, 276/277, 278N/R. XML, Proprietary Formats
Ability to analyze and define Business requirements to align with EDI Implementation Guidelines.
Proficient in creating and refining mapping documents, process flows, and artifacts related to EDI processes and implementations.
Experience with working with developers and internal technical teams to develop and test EDI processes
Flexibility to work independent, as well as part of a face paced team.
Ability to apply critical thinking
Basic SQL knowledge
Experience working in an Agile Environment
This position will analyze, evaluate and redesign business, IT or","IT Analyst postings typically ask you to: Identify and ensure sound solutions are reached through detailed analysis and accurate determination of causes of complex problems. Work on the most complex, high impact projects. Lead will work under the supervision of Senior Director. Work quickly and independently while delivering high-quality outputs."
frontend supervisor,Frontend Supervisor,engineering,36,8,34970.0,4,0.0,,0.0,,Front End Supervisor [Thrifty Foods],CareerBeacon,"Requisition ID:
180598
Career Group:
Store Careers
Job Category:
Retail - Front End
Travel Requirements:
0 - 10%
Job Type:
Full-Time
Country:
Canada (CA)
Province:
British Columbia
City:
Victoria
Location:
9465 Hillside Thrifty
Postal Code:
V8T 4Y3
Our family of 134,000 employees and franchise affiliates share a collective passion for delivering exceptional shopping experiences and amazing food to all our customers. Our mission is to nurture the things that make life better - great experiences, families, communities, and our employees. We are a family nurturing families.
A proudly Canadian company, we started in a small town in Nova Scotia but we are now in communities of all sizes across this great country. With over 1500 stores in all 10 provinces, you may know us as Sobeys, Safeway, IGA, Foodland, FreshCo, Thrifty Foods, Lawtons Drug Stores or another of our great banners but we are all one extended family.
Ready to Make an impact?
The Front End Supervisor is responsible to ensure a superior customer service experience by coaching, and developing friendly, well trained staff. The Supervisor will supervise the department and staff and act as the go to person in the absence of the",Frontend Supervisor postings typically ask you to: Plan and prepare work schedules to include lunch and vacation. Lead the omnichannel processes. Maintain store recovery standards to deliver our Brand Promises. Maintain a professional and courteous attitude at all times.
mid to devops engineer,Mid To DevOps Engineer,devops,36,1,,0,100.0,100.0,100.0,"Linux, Prometheus, Grafana",Mid to Senior DevOps Engineer,Recruiting from Scratch,"Who is Recruiting from Scratch :
Recruiting from Scratch is a premier talent firm that focuses on placing the best product managers, software, and hardware talent at innovative companies. Our team is 100% remote and we work with teams across the United States to help them hire. We work with companies funded by the best investors including Sequoia Capital, Lightspeed Ventures, Tiger Global Management, A16Z, Accel, DFJ, and more.
https://www.recruitingfromscratch.com/
About Our Client
We are in the business of shaping the future of work. Our mission is to make the future of communication more collaborative, accessible, and productive for all.
We are growing fast, last year we recorded a total of over 150 million meeting minutes, announced a $50 million Series B and we were included in Business Insider's 10 AI startups that raised the biggest Series A and B list. In addition, Adam Cheyer the cofounder of Siri, Larry Heck the cofounder of Cortana and Greg Holmes, the first head of sales at Zoom, joined us as advisors.
We are an equal opportunity employer. We proudly celebrate diversity and are dedicated to inclusivity.
The Opportunity
We are seeking a talented Engineer with extensive d",Postings for Mid To DevOps Engineer do not phrase their day-to-day duties consistently enough to summarise automatically.
head of developer experience,Head Of Developer Experience,engineering,35,1,225000.0,1,100.0,100.0,100.0,,Head of Developer Experience,Recruiting from Scratch,"Who is Recruiting from Scratch :
Recruiting from Scratch is a premier talent firm that focuses on placing the best product managers, software, and hardware talent at innovative companies. Our team is 100% remote and we work with teams across the United States to help them hire. We work with companies funded by the best investors including Sequoia Capital, Lightspeed Ventures, Tiger Global Management, A16Z, Accel, DFJ, and more.
https://www.recruitingfromscratch.com/
Our Client
We are the backend application platform that combines a powerful custom database with an integrated execution environment to empower developers to build fast, reliable, and dynamic apps without complex backend engineering or database administration.
Our early team has built and designed some of the largest backends in the world, with exabytes of data, millions of transactions per second, and shipped desktop and mobile software onto billions of devices. Come help us build the serverless revolution!
The Role:
As Head of Developer Experience, you will own the mission to generate excitement and love for our company by leading the overall strategy to build a best-in-class developer experience (aka DX). DX plays a ",Postings for Head Of Developer Experience do not phrase their day-to-day duties consistently enough to summarise automatically.
service desk manager,Service Desk Manager,it_support,35,32,94500.0,9,100.0,55.0,57.1,"Windows, Azure, VMware, System Design, Linux, AWS",Service Desk Manager,"The Thought Exchange, LLC Center for Personal Achievement","Unique opportunity to join a rapidly expanding, innovative IT Managed Service Provider in a customer facing relationship and service management focused position.
This business work in partnership with many mid-market customers, providing IT consultancy and managed services, particularly within the domain of Connectivity, Voice & Cloud Services. Great opportunity to deliver best-in-class, new and emerging technology solutions, to customers who genuinely value the service!
We are looking for a highly skilled and motivated IT Service Desk Manager to lead and oversee a technical service desk team. The ideal candidate will have a strong service delivery background, exceptional leadership skills, and a passion for delivering excellent customer service. As the IT Service Desk Manager, you will play a critical role in ensuring our client receive timely and effective IT Support, helping them to maximise their technology investments.
In this role, you will leverage your extensive IT experience to manage non-technical operations within the Service Desk. Your responsibilities will encompass process management, SLA reporting, ticket prioritisation, Bright Gauge reporting, customer reports, tick","Service Desk Manager postings typically ask you to: Provide technical recommendations and solutions to address customer needs and technical gaps. Manage the performance of Tier 1 and Tier 2 services & support to clients (internal and external) and ensure that service levels are achieved. Develop and mature phone/ticket escalation processes to ensure free flowing escalation and information within the organization. Train, coach and mentor Service Desk Specialists (Tier 1 / 2) including career development."
business intelligence engineer,Business Intelligence Engineer,data,34,27,134160.0,7,79.4,25.0,11.8,"SQL, Tableau, Data Modeling, ETL, Data Analysis, Data Warehousing",Business Intelligence Engineer,Hour Consulting,"Our client, a rapidly expanding global technology partner, is looking for a highly skilled Business Intelligence Engineer to join their exceptional Technology and Development team. If you are passionate about demonstrating your expertise and thrive on collaborating with a group of talented engineers, then this role was made for you!
At the heart of technology innovation, our client specializes in delivering cutting-edge solutions to clients across a wide array of sectors. With a strategic focus on finance, banking, and corporate verticals, they have earned a stellar reputation for their commitment to excellence in every project they undertake.
Are you a highly motivated and seasoned Business Intelligence Engineer (BIE) with a remarkable track record in harnessing the capabilities of AWS Redshift, excelling in ETL processes, and mastering reporting tools within a serverless AWS cloud environment? If you're a self-starter who thrives in the face of ambiguity, we seek someone like you to join our dynamic team.
As a BIE, you will be responsible for setting the vision, defining the roadmap, and collaborating with stakeholders to deliver impactful results. This role offers a unique oppor","Business Intelligence Engineer postings typically ask you to: Design, develop, and maintain cutting-edge BI systems, including dashboards, data warehouses, and diverse reporting systems. Create and maintain robust ETL processes, transforming raw data into formats conducive to thorough analysis and reporting. Drive the evolution of our data pipeline infrastructure by leveraging cloud-native tools like Azure Data Factory, Azure Databricks, and Azure Synapse Analytics. Collaborate closely with fellow data stewards to ensure the accuracy, reliability, and consistency of our data."
application engineer,Application Engineer,engineering,34,4,116300.0,1,50.0,,0.0,"Java, Kubernetes, React, JavaScript, System Design, Agile / Scrum",Principal Application Engineer (Full Stack),Discover Financial Services,"Discover. A brighter future.
With us, you’ll do meaningful work from Day 1. Our collaborative culture is built on three core behaviors: We Play to Win, We Get Better Every Day & We Succeed Together. And we mean it — we want you to grow and make a difference at one of the world's leading digital banking and payments companies. We value what makes you unique so that you have an opportunity to shine.
Come build your future, while being the reason millions of people find a brighter financial future with Discover.
Job Description
At Discover, be part of a culture where diversity, teamwork, and collaboration reign. Join a company that is just as employee focused as it is on its customers and is consistently rewarded for both.
We’re all about people, and our employees are why Discover
is
a great place to work.
Be the reason we help millions of consumers build a brighter financial future and achieve yours along the way with a rewarding career.
As a Principal Full Stack Application Engineer, you
’
ll build and release reliable software systems at scale. By partnering with enterprise-wide) teams, you’ll develop and maintain full stack solutions that fit our business needs. You’ll use your ho","Application Engineer postings typically ask you to: Build monitoring that alerts on symptoms rather than on outages. Plan the growth and reliability of services and end-to-end or performance testing. Work on a wide range of stories and technologies, including UI & backend stack, Adobe Experience Manager (AEM), Adobe Target, Angular, lambda and more. Design front-end solutions for test-driven development."
it support analyst,IT Support Analyst,it_support,34,30,99950.0,2,20.6,23.5,50.0,"Windows, Active Directory, Excel, Azure, Linux, SQL",IT Support Analyst,Ikuto,"Please note this role is based onsite in Coventry.
We are seeking a skilled and customer-focused IT Support Analyst to join a growing team in a dynamic and exciting company. As an IT Support Analyst, you will play a crucial role in providing technical assistance and support to internal users. You will be responsible for diagnosing and resolving hardware and software issues, configuring and maintaining systems, and ensuring the smooth operation of our IT infrastructure.
Key Responsibilities:
Respond to user inquiries and provide technical support via phone, email, and in-person.
First and Second line support - troubleshooting of IT related problems from industry standard software and hardware, such as mobile phones, Laptops, PCs and Printers
Diagnose and troubleshoot hardware, software, and network issues.
Install, configure, and maintain computer systems and applications.
Collaborate with other IT professionals to resolve complex technical issues.
Ensure the security and integrity of IT systems by implementing best practices.
Document support activities and maintain accurate records.
Assist in the development and implementation of IT policies and procedures.
Ideally you will have:
","IT Support Analyst postings typically ask you to: Assist in the creation/maintenance of documentation. Install, configure, and maintain computer systems and applications. Collaborate with other IT professionals to resolve complex technical issues. Ensure the security and integrity of IT systems by implementing best practices."
mobile developer,Mobile Developer,engineering,34,26,125000.0,3,85.3,77.8,52.9,"Kotlin, Swift, Java, SQL, React, Git",Lead Mobile Developer,Duval Associates Ltd - Recruitment Specialist - UK,"Lead Mobile Developer -
Work for a dynamic, modern
SaaS, tech business
- build a team of developers -
Exciting opportunity! Global Business, Modern polished SME feelRemote first
- work from wherever you are in the UK.
We are looking to secure a superb App developer who can bring Dev Ops in house from an external organisation and then build out a team in the UK!Basical salary is fluid depending on experience.
60,000 - 70000
you will have leadership potential and be technically on point!
75,000 - 90,000
you will have excellent leadership
and
technical levels (experience)Wicked benefits - a genuine career changer of a role for a motivated ambitious developer! Maturing tech business with wonderful people-centric culture and great values. Focus on development and supporting people in the business to grow.
SHAPE YOUR OWN TEAM
Speak to Chloe at Duval, she has all the information you need!
This is an outstanding
leadership opportunity
, build and manage your own team, play a key role in an exciting, modern business, and take ownership of this function.
Degree / self-taught?
If you have an established career as a mobile developer and experience in leading, coaching and mentoring a team get ","Mobile Developer postings typically ask you to: Lead Mobile Developer - Work for a dynamic, modern SaaS, tech business - build a team of developers - Exciting opportunity!. Manage tasks and report progress while adhering to industry standard style guidelines. Troubleshoot, debug, maintain, and improve existing software. Develop technical documentation to guide future software development projects."
salesforce business analyst,Salesforce Business Analyst,product,34,31,98800.0,6,14.7,70.6,50.0,"Salesforce, Jira, Power BI, Agile / Scrum, Segment, Data Governance",Salesforce Business Analyst,Hexaware Technologies,"Role: Salesforce Business analyst
Location: Boston, Massachusetts
Mode of work: Onsite
Job description:
Mandatory skills:
Need 10-12 years of experieced candidate
In-depth understanding of Salesforce platform capabilities, features, and functionalities.
Ability to analyze and document current business processes and requirements.
Proficient in gathering and documenting business requirements from stakeholders.
Familiarity with Salesforce configuration options, including workflow rules, validation rules, and process builder.
Understanding of Salesforce customization options, including custom objects, fields, and page layouts.
Collaborate with stakeholders to gather and document business requirements.
Analyze business processes and recommend improvements using Salesforce capabilities.
Translate business requirements into technical specifications.
Provide training and support to Salesforce users.
Create documentation and training materials.
Address user queries and troubleshoot issues.
Work closely with cross-functional teams, including sales, marketing, and customer support, to align Salesforce with business goals.
Collaborate with developers and IT teams on system enhancements.
Strong",Salesforce Business Analyst postings typically ask you to: Work/Collaborate with the Salesforce Development Team to support the implementation. Perform User Acceptance Testing to ensure that the system complies with the requirements. Assist in the development of training manuals for the new release(s). Document and validate business requirements for an application or process.
soc analyst,SOC Analyst,security,34,23,96720.0,1,35.3,33.3,52.9,"SIEM, Incident Response, Cybersecurity, Splunk, Linux, Windows",SOC Analyst,InfiCare Staffing,"Request ID: 38249-1
Duration: 1 year
Location work will be performed: VAO145 - Falls Church - 8111 Gatehouse Road Suite 600
Job Title: SOC Analyst II
Job Description
Job requirements :
Respond to Cyber Security Incidents, provide cyber threat analysis and reporting to support SOC and Program’s situational awareness.
Will actively monitor security threats and risks, provide in-depth incident analysis, evaluate security incidents, and will provide proactive threat research.
Job Description
Monitor network traffic for security events and perform triage analysis to identify security incidents.
Respond to computer security incidents by collecting, analyzing, preserving digital evidence and ensure that incidents are recorded and tracked in accordance with SOC requirements.
Work closely with the other teams to assess risk and provide recommendations for improving our security posture.
The ability to take lead on incident research when appropriate and be able to mentor junior analysts.
Experience managing cases with enterprise SIEM systems like Arcsight, Splunk or Sourcefire.
Experience Level
3-5 years of related experience on a Computer Incident Response Team (CIRT), Computer Emergency Re","SOC Analyst postings typically ask you to: Analyze security incidents to determine the extent of the threat, its impact, and the necessary steps for resolution. Conduct in-depth analysis of security incidents, correlating disparate sources of data to identify patterns and potential risks. Execute incident response procedures, ensuring proper documentation and reporting of incidents. Collaborate with cross-functional teams to remediate security vulnerabilities and strengthen defenses."
linux systems engineer,Linux Systems Engineer,devops,33,26,165000.0,7,57.6,33.3,45.5,"Linux, Python, Bash, Ansible, Unix, VMware",Sr. Linux Systems Engineer (Lives Currently in Cleveland OH or Relocate to Cleveland),CBTS,"Direct Hire (US Citizen/Green Card) /No 3rd Party Candidates/Salary $105k TO $115k + Benefits
CBTS is Searching for a Senior Linux Systems Engineer who can deploy custom software and services deployed on Linux systems within the enterprise. This position will focus on providing technical support to a team of Engineers and Service Delivery integrators on Linux / Unix based Enterprise Configuration Managed solutions. The Engineer will create full configuration management driven systems, execute life-cycle service models, and ensure integration with other systems works as designed. The Engineer will document existing and newly deployed configuration management solutions. This role will focus on complex troubleshooting and support within all levels of organization. The role will utilize ITIL practices to support new and existing line of business Linux deployments. Position will focus on Linux platform delivery, including the following: Maintain Linux service catalog, defining and maintaining system change management policies and programs.
Responsibilities:
Perform analysis of the organization's business needs, translate line of business requirements into use cases, design and implement",Linux Systems Engineer postings typically ask you to: Perform technical evaluations and analysis. Support the customer in the development and maintenance of systems baseline. Analyze functional business applications and design specifications for functional activities. Assist in establishing standards for information systems procedures.
engineer manager,Engineer Manager,engineering,33,22,180375.0,7,97.0,80.0,45.5,"Machine Learning, Distributed Systems, Python, C++, Java, Snowflake","Engineering Manager, Backend - Enterprise Applications",Coinbase,"At Coinbase, our mission is to increase economic freedom around the world, and we couldn’t do this without hiring the best people. We’re a group of hard-working overachievers who are deeply focused on building the future of finance and Web3 for our users across the globe, whether they’re trading, storing, staking or using crypto. Know those people who always lead the group project? That’s us.
There are a few things we look for across all hires we make at Coinbase, regardless of role or team. First, we look for candidates who will thrive in a culture like ours, where we default to trust, embrace feedback, and disrupt ourselves. Second, we expect all employees to commit to our mission-focused approach to our work. Finally, we seek people who are excited to learn about and live crypto, because those are the folks who enjoy the intense moments in our sprint and recharge work culture. We’re a remote-first company looking to hire the absolute best talent all over the world.
Ready to ? Who you are:
You’ve got positive energy. You’re optimistic about the future and determined to get there.
You’re never tired of learning. You want to be a pro in bleeding edge tech like DeFi, NFTs, DAOs, and","Engineer Manager postings typically ask you to: Build the future of data. Lead technical discussions and guide technical direction where needed. Communicate effectively with internal stakeholders, and other teams within the organisation to ensure alignment. Work closely with team members to develop career plans and growth trajectories."
financial data analyst,Financial Data Analyst,data,33,27,94300.0,8,18.2,71.4,42.4,"Excel, Power BI, SQL, Data Analysis, Tableau, Python","Senior Financial Data Analyst (Financial Analysis, Associate) with Security Clearance",ClearanceJobs,"Summary The MIL Corporation is seeking a Senior Financial Data Analyst (Financial Analysis, Associate) to work with a Federal client in Washington, DC. The Senior Financial Data Analyst performs database queries and analysis on relevant information from a variety of sources, including Momentum Financials and Acquisitions, to prepare documents, reports, summaries and replies to inquiries, ensuring accuracy and proper format of the information provided. You would be joining a team performing a full range of functional and performance management support for on-going financial management activities, including but not limited to support for auditable financial statements, strategic management and planning capabilities, policy and governance development, financial system implementation and maintenance, operational support, and data analysis. Responsibilities
Participate in ad hoc data projects and analyses that produce actionable recommendations that build relevant insights for internal and external stakeholders
Support a team of financial and accounting staff to improve productivity and business processes through data extraction, compilation, analytics, and report development
Develop an","Financial Data Analyst postings typically ask you to: Design and develop complex data queries to move and transform data from data sources to dashboards with visualization that will be easy to be reviewed by management. Analyze and track freight and supply chain data to drive supply chain performance. Manage, review and audit and transactional activity to ensure data quality for KPI and financial reporting. Maintain process documentation for job responsibilities and update as necessary."
c++ developer,C++ Developer,engineering,33,29,,0,30.3,45.5,33.3,"C++, Linux, Python, Java, Windows, SQL",Junior C++ Developer,Radley James,"Developers at this trading firm have the unique opportunity to tackle challenges across the entire software stack. Whether it involves crafting low-level code to drive network hardware, constructing high-performance trading infrastructure that operates seamlessly, or developing time-saving internal tools, you will actively contribute to production code from day one.
Working closely with end-users of the systems you create ensures a seamless feedback loop. This immediate feedback allows you to witness the tangible impact of your code, enhancing the daily workflows of those who rely on your solutions. Additionally, this collaborative approach empowers the development team with remarkable flexibility in roadmap planning and prioritizing feature implementations.
Desired Skills and Requirements:
Bachelor's degree in Computer Science or Computer Engineering (or equivalent experience)
Proficiency in C++
0-2 years of professional experience
Comfortable operating in a Linux environment
Interest in finance, machine learning, big data, and/or robotics is a significant plus
The trading firm is committed to providing extensive on-the-job training, tailoring projects to your unique skill set and","C++ Developer postings typically ask you to: Collaborate with cross-functional teams to design and implement software solutions. Work on embedded systems in C for specialized applications. Work in a team environment that closely integrates trading, quantitative research, and technology. Design and develop a world-class next-generation risk analytics platform."
cloud security analyst,Cloud Security Analyst,security,33,3,,0,0.0,,0.0,"AWS, Incident Response, Linux, Windows, AWS Security, Unix",Cloud Security Analyst,Transaction Network Services,"An extraordinarily talented group of individuals work together every day to drive TNS' success, from both professional and personal perspectives. Come join the excellence!
Overview
The Cloud Security (CS) Analyst is responsible for the secure operation of all Amazon Web Services (AWS) cloud instances (i.e. EC2, ECS, EKS, S3) within the TNS Security Operations Center (SOC) team’s purview. This includes monitoring system alerts, analyzing IDS alerts, checking server and firewall logs, scrutinizing network traffic, interfacing with Cloud Security Vulnerability Analysts regarding vulnerabilities and understanding remediation plans.
Responsibilities
AWS Cloud experience is required for this role.
Thorough knowledge and understanding of securing network access to AWS resources
Ability to articulate key concepts of AWS Security Measures
Monitor server logs, firewall logs, intrusion detection lDS, and network traffic for unusual or suspicious activity
Interpret and respond to security incidents in a global network which supports Financial, Telecom, and Payment Card Industry Data related services
Conduct security monitoring, forensic analysis, incident response and cyber-crime investigation","Cloud Security Analyst postings typically ask you to: Manage the associated processes for RMF, ensuring each AIS (Automated Information System) is implementing RMF processes and supporting the acquisition process. Collaborate with PEO embedded contract staff for all programs to align, integrate, and support RMF processes. Create, submit, and manage Plans of Actions and Milestones (POA&Ms) for approval by AO/CISO. Maintain and report on RMF processes using eMASS and related tools."
electrical systems engineer,Electrical Systems Engineer,devops,33,30,137570.0,6,45.5,14.3,21.2,"System Design, Windows, HTML, C++, Confluence, Data Analysis",Senior Electrical Systems Engineer,ANCA CNC Machines,"About the Role:
We are currently seeking a Senior Electrical Systems Engineer to join our team located in our Bayswater Head Office.
Reporting to the Systems Engineering Team Leader (Mechatronic Solutions) you will be responsible for the electrical systems design of CNC grinding machines and ancillary products for integration into our smart factory solution.
This is a key role within the team to lead the electrical systems design and develop best practise standards for modular and configurable designs for new machinery.
Key Responsibilities:
Design of complex electrical systems for industrial machinery.
Lead and facilitate FAT/SAT activities.
Coach, mentor, and direct Engineers technical undertakings.
Preparation and execution of Work Packages as assigned to agreed Project Milestones.
Develop and set best practise standards for electrical design and ECAD implementation.
Technical & Design Reviews and Design Interfaces.
Timely reporting of Project, milestone or task progress, risks, and issues.
Deliver electrical systems documentation including schematics, design reports, test plans, bills of materials, automated eplan reports etc.
Collaborate with mechanical design team throughout ",Electrical Systems Engineer postings typically ask you to: Develop electrical system architecture and schematics. Develop external interface specifications for the electrical interfaces to other systems. Lead cross-functional electrical system engineering meetings with other engineers. Support the DREs with their design reviews of the electrical components.
cybersecurity analyst,Cybersecurity Analyst,security,32,25,142900.0,5,65.6,50.0,43.8,"Cybersecurity, Incident Response, Risk Management, Firewalls, SIEM, Data Analysis",Senior Cybersecurity Analyst with Security Clearance,ClearanceJobs,"Minimum Clearance Required Top Secret SCI Responsibilities ISYS Technologies is seeking a Senior Cybersecurity Analyst to support ongoing activities for a customer in Albuquerque, New Mexico. This position will plan, execute and report cybersecurity assessments to include network vulnerability verification and validation reviews. Provide support for vulnerability remediation events, report exercise-based cybersecurity assessments, and vulnerability remediation. The Cybersecurity Analyst develops methods and metrics to guide these efforts including scheduling and management of assessment tasks and deliverable documents. This includes providing IT support for the customer assessment activities. Additionally, the Cybersecurity Analyst will be responsible for engaging with the customer, guiding, and leading them through evaluation requirements, plans, executions, analyses, reports, and retrospectives. This position will be on-site and will require an active TS/SCI.
Provide in-depth technical and operational knowledge as related to cybersecurity (CS) and Information Technology (IT), Multidisciplinary Security of DoD weapon systems and their performance in a cyber contested environment u","Cybersecurity Analyst postings typically ask you to: Provide support for vulnerability remediation events, report exercise-based cybersecurity assessments, and vulnerability remediation. Ensure appropriate security controls are in place that will safeguard digital files and vital electronic infrastructure. Manage all aspects of the RMF process from start to finish and support accreditation package development through customer acceptance. Develop and maintain required RMF artifacts throughout the life of the system accreditation."
power bi consultant,Power BI Consultant,data,32,11,,0,31.2,92.3,40.6,"Power BI, SQL, ETL, SSIS, Azure, Salesforce",Power BI Consultant - SC Cleared,Nigel Frank International,"A small and growing data consultancy are looking for an experienced Power BI Developer to join their team, where you'll work with their Public Sector clients to unlock the value in their data. Please note that this role requires to already hold active Security Clearance - this means you must have used your SC clearance within the last 12 months - unfortunately applicants without this cannot be considered.
The role is predominantly remote, with occasional travel to their major offices in the UK and some travel to client site when required - any travel to client site will be expensed. As such, potential candidates are asked to have a flexible attitude when it comes to travel, but can be based anywhere in the UK.
In this role you will engage with their Public Sector clients to deliver a series of bespoke Power BI dashboards, proving actionable insight to inform decision-making. This role will involve customer-facing work, where you will look to understand client requirements and identify the data sources they have available, before conducting data extraction, transformation and loading (ETL), data modelling and developing automated and insightful Power BI dashboards. You will have the","Power BI Consultant postings typically ask you to: Design and develop Power BI Solutions including data models. Build effective and visually pleasing dashboards/ reports to represent the story to answer those business questions with the help of data. Create and develop Power BI visuals and data models as required. Develop data models, ETL packages, OLAP cubes, and reports utilizing Power BI applying best practices to the development lifecycle."
linux systems administrator,Linux Systems Administrator,network_infra,32,18,141050.0,6,81.2,41.2,53.1,"Linux, Python, Ansible, Bash, VMware, Terraform",Sr. Principal Linux Systems Administrator - Secret with Security Clearance,ClearanceJobs,"At Northrop Grumman, our employees have incredible opportunities to work on revolutionary systems that impact people's lives around the world today, and for generations to come. Our pioneering and inventive spirit has enabled us to be at the forefront of many technological advancements in our nation's history - from the first flight across the Atlantic Ocean, to stealth bombers, to landing on the moon. We look for people who have bold new ideas, courage and a pioneering spirit to join forces to invent the future, and have fun along the way. Our culture thrives on intellectual curiosity, cognitive diversity and bringing your whole self to work - and we have an insatiable drive to do what others think is impossible. Our employees are not only part of history, they're making history.
Responsibilities
Northrop Grumman's Chief Information Office is seeking an experienced Linux Systems Administrator who will apply system administration and troubleshooting skills in support of multiple, dynamic software development and test environments in Redondo Beach, CA. Roles and Responsibilities include but are not limited to:
Manage and maintain secure, minimally-interrupted operations of Linux ser",Linux Systems Administrator postings typically ask you to: Maintain multiple Linux servers based information systems. Provide and perform a wide range of systems administration and life cycle management tasks to support and sustain IT networks as directed by the Government IT Lead. Configure and manage Cisco based network devices. Analyze system performance for potential security problems.
marketing data analyst,Marketing Data Analyst,data,32,19,98800.0,3,46.9,90.9,34.4,"Google Analytics, Data Analysis, Tableau, SQL, Salesforce, Python",Senior Marketing Data Analyst,First International Bank & Trust,"We are seeking a highly analytical and detail-oriented Senior Marketing Data Analyst to join our marketing team. In this role, you will champion Salesforce Marketing Cloud, serve as a SME (Subject Matter Expert) on our customer databases, lead generation strategies, measure ROI on campaigns, research, and supervise our current Marketing Data Analyst. The ideal candidate will have a strong background in data analysis and marketing analytics with an emphasis on Salesforce Marketing Cloud and Google Analytics.
This position is In-Person and will have the employee primarily located in one of our Branches.
Key Responsibilities
Champion Salesforce Marketing Cloud including but not limited to:
Recommend and implement marketing automation to streamline/align sales efforts and increase effectiveness.
Collaborate with SMEs to architect prospect engagement activities.
Share outcomes of efforts through reporting and suggest enhancements for better results.
Serve as SME of FIBT’s customer database and share insights with business line leaders and operations teams to help identify opportunities and drive effective strategies for engagement and growth.
Lead effective strategies for customer engag","Marketing Data Analyst postings typically ask you to: Write SQL queries and utilize BigQuery’s data processing capabilities to analyze large datasets effectively. Collaborate with cross-functional teams to analyze operational processes within the Marketing Department. Identify and recommend process improvements based on operational analytics findings. Create visually engaging and informative reports and dashboards using data visualization tools (e.g., Tableau, Power BI)."
industrial security analyst,Industrial Security Analyst,security,31,4,104925.0,2,77.4,0.0,22.6,"SAP, CSS, Big Data",Principal Industrial Security Analyst 3,Northrop Grumman,"At Northrop Grumman, our employees have incredible opportunities to work on revolutionary systems that impact people's lives around the world today, and for generations to come. Our pioneering and inventive spirit has enabled us to be at the forefront of many technological advancements in our nation's history - from the first flight across the Atlantic Ocean, to stealth bombers, to landing on the moon. We look for people who have bold new ideas, courage and a pioneering spirit to join forces to invent the future, and have fun along the way. Our culture thrives on intellectual curiosity, cognitive diversity and bringing your whole self to work - and we have an insatiable drive to do what others think is impossible. Our employees are not only part of history, they're making history.
Northrop Grumman Missions Systems sector is seeking a
Principal Industrial Security Analyst 3
to join our team of qualified, diverse individuals. This position will be located in San Diego, CA.
Roles and Responsibilities: Develops, and administers security programs and procedures for classified or proprietary materials, documents, and equipment. Studies and implements federal security regulations that app","Industrial Security Analyst postings typically ask you to: Ensure compliance with government and corporate security policies/procedures. Ensure adherence to contractual guidance for classified programs and cleared facilities in accordance with DD Form 254, DoD Contract Security Classif. Ensure adherence to contractual guidance for classified programs and cleared facilities in ac. Implement enterprise established processes including workplace violence prevention and contingency planning with crisis management and business resilience."
fullstack java developer,FullStack Java Developer,engineering,31,28,135000.0,2,38.7,33.3,38.7,"Java, Spring, Microservices, SQL, Angular, Spring Boot",Full Stack Java Developer,HTC Global Services,"Job Title: Full Stack Java Developer
Location: Troy, MI
Length: Fulltime
About HTC Global Services:
Shaping careers since 1990 - our long tenured employees are a testimony of the work culture. Join our global employee base of 12,000 and help us bring human expertise to tech in order to deliver purposeful solutions that amplify value.
Requirements:
Java 8 or above
Expertise in Angular
Spring Framework including Spring DI, AOP, Security, Web, Boot, MVC, Batch, Scheduler, Data, and others
LOG4J
Hibernate JPA
Rest API
Oracle 10 or above - SQL and PL/SQL
Reporting Tools - Jasper
Experience and Skills:
Good understanding of Database design and ability to build one from scratch.
Ability to model database supporting transaction by a revision or storing it in history table; ability to pull the historic data by point in time.
Good understanding of SSL Security.
Ability to understand token-based security and implementing it using OAuth.
Good understanding of Microservice Architecture.
Ability to modularize the big complex functionality by domain/related functionality.
Understanding of CI/CD.
Working experience with GIT repository.
Understanding of Kubernates Pods, Instance, Containerization.
",FullStack Java Developer postings typically ask you to: Provide full life cycle development with JAVA technology. Work with inhouse Salesforce Development team to ensure Hashgraph technology is seamlessly integrated to existing platform. Coordinate with users to review software application requirements and provide or propose technical solutions. Research and design solutions for challenges in the Hashgraph platform.
wordpress developer,Wordpress Developer,engineering,31,8,,0,9.7,92.3,83.9,"PHP, HTML, JavaScript, CSS, Git, Google Analytics",WordPress Developer | Dundee | Remote,DevFinders,"We're searching for a dependable WordPress developer with a sharp mind that can come up with unique solutions for any issue and who enjoys challenging work. The chosen candidate must have a thorough working knowledge of Advanced Custom Fields and its adaptable content field.
What’s In It For You -
Salary: £20,000 - £35,000 per year depending on experience
40 days paid holiday annually - (28 days + bank holidays + extended festive period shutdown)
Untaken annual leave will automatically roll over to the following year
Partnerships scheme where you will receive a share in the profit of the business.
Mandatory Skills
– minimum 4 years’ experience in:
Creating bespoke WordPress themes from scratch
Either using a boilerplate theme or creating new individual files from scratch
Not based on existing themes
Not based on customising child themes
Not based on page builders such as visual composer
Not based on using only plugins to extend side functionality
Competent with Advanced Custom Fields Pro (ACF)
Good understanding of custom post types, taxonomies, and WordPress theme structure
Competent at developing front end interfaces using Bootstrap
Good understanding of custom post types, taxono","Wordpress Developer postings typically ask you to: Ensure the responsiveness of websites across various devices and browsers. Troubleshoot and resolve any issues related to WordPress, plugins, or themes."
etl developer,ETL Developer,data,31,29,127400.0,2,48.4,78.6,45.2,"ETL, SQL, Oracle, Informatica, Data Modeling, Snowflake",Senior ETL Developer (contract),Tundra Technical Solutions,"Job Title / Position
ETL Developer
Description Du Mandat / Mandate Description
Do you enjoy working in a collaborative environment, do you like to contribute to adding value to the company's data? Here is a great opportunity for you! We are looking for a Senior Software Developer to integrate data from the company's underwriting and quoting systems into our warehouses and make it available to our users from various areas of the company.
Your mission
Collaborate with the team and other IT areas to analyze, develop, test and deploy solutions to maintain or integrate new business areas into our Oracle data warehouse and Snowflake migration.
Participate in designing and developing solutions to problems or small queries related to data integration and consumption on the data warehouse.
Document implementation steps and produce quality evidence. Create and maintain system documentation.
Provide technical support to business intelligence analysts, testers and deployment coordinators throughout our development cycle and for production support, typically during regular business hours.
Provide estimates on developments to assist in planning.
You are
A developer with a passion for data integr","ETL Developer postings typically ask you to: Develop & implement Talend Data Fabric for data integration, quality, and governance. Provide expertise in Talend Administrator Center (TAC) server administration. Develop Oracle database objects for the scope of work. Conduct performance tuning/analysis/optimization of reports and Structured Query Language (SQL)."
oracle dba,Oracle DBA,database,31,25,138050.0,1,64.5,46.2,41.9,"Oracle, SQL, Linux, AWS, Terraform, Ansible",Senior Oracle DBA,DXC Technology,"Job Description
Join our team at a market-leading IT solutions company dedicated to delivering cutting-edge technology solutions to businesses worldwide. With a commitment to excellence and a passion for innovation, we empower organisations to thrive in the digital era.
As an Oracle Database Analyst at our company, you will play a pivotal role in ensuring the efficiency, security, and integrity of Oracle databases for our clients. Collaborate with cross-functional teams, analyse and implement strategic solutions, and contribute to the ongoing success of our clients and the advancement of our company.
Key Responsibilities
Install, configure, and maintain Oracle database instances
Conduct regular database monitoring and performance tuning for optimal system functionality
Implement and maintain robust database security measures
Work closely with development teams to design and deploy effective database solutions
Execute regular backups and implement disaster recovery plans
Diagnose and troubleshoot database-related issues, providing effective resolutions
Stay abreast of industry trends and best practices to enhance database performance
Qualifications
Bachelor's degree in Computer Scie",Oracle DBA postings typically ask you to: Develop work plans for assigned projects and manage the execution. Design and implement logical and physical databases of a moderately to large complex nature. Administer end-user access and security at the database level. Ensure that data is appropriately protected via database backup and related strategies.
scada and automation engineer,Scada And Automation Engineer,devops,31,1,131000.0,1,87.1,100.0,100.0,SAS,SCADA and Automation Engineer - Senior Level,POWER Engineers,"POWER Engineers, Inc. is seeking a Senior SCADA and Automation Engineer to join our SCADA and Analytical Services (SAS) team. This position is posted in multiple POWER office locations with the ability to work remotely from a mutually acceptable location (please note in the application questions where you prefer to be located).
Roles And Responsibilities
The successful candidate will be responsible for successful completion of assigned projects and for maintaining and improving client relationships as well as developing and growing new technical service areas. Completion of these functions requires technical competence in primary production roles as well as leadership competence in working with clients and mentoring and supervising team members assigned to projects. Assigned projects will include SCADA, automation, and communications for utility and industrial/commercial clients throughout the United States. Systems to be analyzed will include conventional and renewable generation facilities, substations, and transmission and distribution systems. Technical disciplines include the following areas:
Networking and Communications: design and configure network and communication paths f",Postings for Scada And Automation Engineer do not phrase their day-to-day duties consistently enough to summarise automatically.
systems engineer manager,Systems Engineer Manager,devops,31,28,200000.0,9,100.0,28.6,22.6,"System Design, Cybersecurity, Risk Management, Segment, Software Architecture, Excel",Systems Engineer Manager,Energy Jobline,"We are currently seeking an experienced Systems Engineer Manager for a leadership role in our company, e-ppl Ltd. As the Systems Engineer Manager, you will be responsible for overseeing and managing the systems engineering team to ensure the successful development and delivery of our projects.
Benefits
Competitive rates depending on experience starting from £40 per hour.
Contracting role
Paid via limited company (OUTSIDE IR35) or umbrella company.
12 months +
Free onsite parking
Responsibilities
A Whole Vehicle (Verification & Validation) Level 1 to support & lead the System Engineering strategy for Verification & Validation of future products. The scope of this role includes:
Developing the Systems engineering approach to Verification & validation for future Bentley products
Leading in depth technical reviews to optimise validation plans.
Creating & managing VVP (Verification & Validation Plan)
Analysing function feedback and challenging digital vs physical testing requirements
Developing the Systems engineering approach to Verification & validation
Developing the V&V strategy
Managing and maintaining VVP
Coordination and management of VVP inputs
Generate KPI’s to track progress.
","Systems Engineer Manager postings typically ask you to: Manage and mentor a team of talented engineers, fostering a collaborative and high-performing environment. Coordinate cross-functional projects, ensuring seamless integration of various subsystems with technical specifications and industry standards. Work with the Customer Accounts Team to capture customer requirements and manage this through the bid and project life cycle. Manage engineers personal development plans/performance and recruitment of new engineers into business."
software engineer with global technology leader,Software Engineer With Global Technology Leader,engineering,31,1,,0,0.0,,0.0,,Software Engineering Graduate with Global Technology Leader,Gradfuel,"We are looking for graduates to join our Software Engineering team.
This is an exciting engineering graduate programme designed to create the next generation of aspiring technical experts, specialists and leaders in the UK. We are looking for people with a passion for engineering combined with an inquisitive mind and an intrinsic interest in people, leadership and success through teamwork.
This is a three-year rotational programme, consisting of three, one year long placements:
For the first two years, you will complete two year long placements. Rotating across the sites around the country, across the different business units experiencing the engineering lifecycle. You will be assigned to a new or existing program where you will work with and be supported by other engineers to design and develop engineering solutions to meet the needs of our customers
In the third year of the scheme, you will complete a further one year long placement to allow you to start building and consolidating your knowledge in your chosen area. This will align to where you will complete the programme
During your time on the programme, you will be under the sponsorship and guidance of the Engineering Leadersh",Postings for Software Engineer With Global Technology Leader do not phrase their day-to-day duties consistently enough to summarise automatically.
sap business analyst,SAP Business Analyst,product,30,25,164320.0,1,33.3,46.2,43.3,"SAP, React, Unit Testing, System Design, SQL, ETL",SAP Business Analyst,V Group Inc.,"Client: Incture
Job Title: SAP Business Analyst (Warehouse)
Location: Columbus, Mississippi (ONSITE)
Position Type: 12+ Months (Contract)
Number of Hours: 40 Hrs/ week
Interview Type: Webcam
Ceipal ID: INC_SAP137_SB
Requirement ID: Incture13072023
Responsibilities
Processes improvement - document existing processes, identify and analyze gaps between current processes and the desired state, design new processes, develop process performance measures and plan the transition to new processes as needed
Follow policies and procedures including, but not limited to, Change Control, project management methodology, SOX controls
Leverage SAP industry standards and best practice
Serve as a key liaison between Supply Chain Operations and IT Development team to provide systems analysis and support
Partner with IT development team to test solutions, including updating appropriate documentation to Ensure smooth system integration and enhanced functionalities
Takes a lead role in working with peers to develop standards processes, procedures and documentation
Required /Desired Skills/ Experience/ Education
5+ years Strong understanding of various SAP Warehouse, Materials Management, or Production Pl",SAP Business Analyst postings typically ask you to: Document the requirements in Business process blueprint documents. Design the solution to meet the business requirements. Create Functional specifications and Functional design documents. Assist with internal/external audit requests and monthly/quarterly User Access Reviews to meet SOX compliance.
software engineer in test,Software Engineer In Test,engineering,30,23,157600.0,5,73.3,100.0,20.0,"Python, Java, CI/CD, Data Analysis, Jira, AWS",Principal Software Engineer in Test,Intellectt Inc,"Job Summary
The Principal Software Engineer in Test as part of the Digital Factory is responsible for theplanning, designing, developing frameworks and procedures to automate testing on our clinical decision support solutions. The Principal Software Engineer in Test will work in a diverse team of Software Engineers and the core leadership team in an agile development environment creating a scalable plan for the future of test automation supporting multiple releases. This position plays a cricital role in laying the foundation for the System Testing function, shaping the development of Werfen digital products for years to come.
Key Accountabilities
• Under minimal supervisions, design and develop test framework/tools to achieve the efficiency and productivity to ensure functionality, reliability, performance, scalability of cloud
• Develop automation tools/web application for busines need using angular
• Research the new tools in the market which can fit for our business need and full fill our stakeholder’s requirement
• Using a wide range of cutting-edge technology to innovate while testing/developing
• Design scalable infrastructure for test execution
• Explore new ways to expedit","Software Engineer In Test postings typically ask you to: Document design history as required by the standard operating procedures. Create and maintain data scenarios to support test plans and test cases. Document track bugs to closure and report project status to stakeholders. Coordinate with scrum master, product owner and developers to implement test automation and CI/CD practices."
machine learning scientist,Machine Learning Scientist,ai,29,17,216425.0,6,41.4,85.7,24.1,"Machine Learning, Deep Learning, NLP, Prototyping, Data Analysis, Spark",Machine Learning Scientist,"Lynntech, Inc.","Lynntech, Inc., a rapidly growing technology development company specializing in transitioning innovative ideas and concepts into marketable products, is seeking a highly motivated and creative researcher to join our team. All work is done on our campus, remote work is not an option.
We Have An Opening For a Machine Learning (ML) Scientist To Develop Novel Platforms For Unsolved Or Frontier Challenges In This Domain. The Candidate Should Preferably Have 2 Years Of Relevant R&D Experience (industrial Or Academic), And Must Have Demonstrated Expertise In One Or More Of The Following Areas
The Research Scientist Is Responsible For
Designing, developing, and evaluating product-focused solutions utilizing machine learning methods, deep learning, computer vision, or natural language processing.
Working collaboratively on complex problems using machine learning to provide customized product solutions, such as intelligent systems, autonomous systems, improving training experience, and simplifying workflow processes.
Programming and Software Engineering with a strong focus on Machine Learning algorithms and methods.
Familiarity with evaluation of AI algorithm performance, Generative methods","Machine Learning Scientist postings typically ask you to: Analyze and preprocess experimental data, including DNA, RNA, and protein sequences and structural data for model training and validation. Plan and execute machine learning experiments, and set milestones and timelines to achieve research objectives. Collaborate with biologists and computational biologists to ensure data quality and relevance. Collaborate with gene editing and molecular biology experts to integrate model insights into the design process."
ios developer,iOS Developer,engineering,29,24,106250.0,2,51.7,46.2,44.8,"Swift, Git, GitHub, JSON, CI/CD, React",iOS Developer,Galaxy i technologies Inc,"Role : IOS Developer
Location : Austin,TX
Full time role
VISA TYPES : ONLY GREENCARD ,US CITIZEN
Responsibilities
Design and build applications for the iOS platform
Ensure the performance, quality, and responsiveness of applications
Collaborate with a team to define, design, and ship new features
Identify and correct bottlenecks and fix bugs
Help maintain code quality, organization, and automatization
Required Skills
5-12 years of overall experience.
Proficient with Swift and Objective C and have experience in ARkit, Reality kit for 3D projects
Experience in Enterprise iOS Applications.
Must have knowledge and Experience in Data Structures and Algorithms.
Must be organized, accurate, detail-oriented, and ability to multi-task
Experience with iOS frameworks such as Core Data, Core Animation, etc.
Experience with offline storage, threading, and performance tuning
Familiarity with RESTful APIs to connect iOS applications to back-end services
Understanding of Apple’s design principles and interface guidelines
Proficient understanding of code versioning tools such as Git, SVN etc.
Familiarity with continuous integration
Note: If you are available please share your updated resume at kaly","iOS Developer postings typically ask you to: Collaborate with cross-functional teams to gather requirements and translate them into technical specifications. Implement intuitive and visually appealing user interfaces, ensuring a seamless user experience. Optimize application performance, including responsiveness and memory management. Conduct thorough testing and debugging to ensure the delivery of reliable and high-quality applications."
data engineer manager,Data Engineer Manager,data,29,18,201175.0,4,100.0,75.0,27.6,"AWS, Data Warehousing, ETL, Big Data, Data Governance, Machine Learning",Data Engineering Manager,Alcority,"Job Summary
Alcority, a global professional services firm, is looking for an experienced Data Engineering Manager. The Data Engineering Manager, reporting to the Data Solutions Architect, expand and lead our data engineering team. As a strategic partner to a number of investments and operating companies around the world, Alcority is responsible for delivering technology solutions that help our partners create a competitive advantage. The ideal candidate will have strong leadership skills, technical expertise in data engineering, and excellent communication skills. The Data Engineering Manager will be responsible for overseeing the development and maintenance of our data engineering architecture, data pipelines, and data platforms, and must have experience in managing data engineering teams and working with the latest cloud based and Informatica SaaS technologies. He/she will have a passion for data with a keen interest to not only understand the technical components, but also understand the business context and impact of technical solutions that are provided.
The candidate can prioritize competing requirements, strategize development, guide in developing scalable solutions, and lev","Data Engineer Manager postings typically ask you to: Partner with security and legal domain experts to ensure guardrails for data governance. Manage end-to-end data engineering projects, collaborating with cross-functional teams to deliver scalable and reliable data solutions. Design and implement scalable and performant data models within the Snowflake environment. Develop and optimize complex SQL queries for data retrieval, transformation, and analysis."
cybersecurity specialist,Cybersecurity Specialist,security,29,18,123325.0,3,72.4,50.0,27.6,"Cybersecurity, Risk Management, Python, Splunk, Azure, CISSP",Cybersecurity Specialist,TRAX International Corporation,"This position is responsible for monitoring workstations and servers using approved Army IA tools, testing and deploying security updates, developing cybersecurity reports, and developing application installation packages. Primary responsibilities include conducting vulnerability assessments and implementing corrections. The Cybersecurity Specialist will also be responsible for maintaining approved workstation image(s), analyzing system logs to identify potential issues, and troubleshooting windows operating systems and application issues. The Cybersecurity Specialist will work with automated tools to perform audits as well as conduct manual audits to verify the accuracy of the automated tools. Must be able to read, understand and perform the actions required of a DISA Security Technical Implementation Guide (STIG). Must be able to create and maintain documentation as required. Performs other duties as required to complete the assigned mission. Deploys upgrades, patches and general security measures to secure and/or mitigate threats.
Pay Rate:
DOE
Education/Licenses/Certifications/Experience Requirements:
* Must possess a high school diploma or equivalent.
* Must be IAT II certifie","Cybersecurity Specialist postings typically ask you to: Conduct Cybersecurity compliance and A&A documentation validation assessments for applications, systems and networks. Develop, or expand existing, A&A and Cybersecurity documentation to ensure complete documentation exists in accordance with DOD A&A and Cybersecurity policy. Collaborate with stakeholders to ensure systems are compliant with relevant DOD and Army cybersecurity policies and instructions. Ensure plans are aligned with industry standards, such as NIST 800-53, and are tailored to the organization's specific needs."
service now product owner,Service Now Product Owner,product,29,1,,0,0.0,100.0,100.0,ServiceNow,Service Now Product Owner - IRM/GRC - Remote,KPMG US,"Requisition Number:
108643 - 47
Description:
Known for being a great place to work and build a career, KPMG provides audit, tax and advisory services for organizations in today's most important industries. Our growth is driven by delivering real results for our clients. It's also enabled by our culture, which encourages individual development, embraces an inclusive environment, rewards innovative excellence and supports our communities. With qualities like those, it's no wonder we're consistently ranked among the best companies to work for by Fortune Magazine, Consulting Magazine, Working Mother Magazine, Diversity Inc. and others. If you're as passionate about your future as we are, join our team.
KPMG is currently seeking a ServiceNow Product Owner to join our Digital Nexus technology organization. This is a remote work opportunity.
Responsibilities:
Lead the responsibilities of a product owner including the technical consultation, configuration, development of stories based on user requirements and Agile Team delivery
Provide subject matter expertise in the ServiceNow Platform including the IRM/GRC Product suite of applications and capabilities
Work closely with key business sta",Postings for Service Now Product Owner do not phrase their day-to-day duties consistently enough to summarise automatically.
specialist solutions architect,Specialist Solutions Architect,data,28,2,193500.0,1,10.7,,0.0,"Databricks, Spark, Big Data, Kafka, Data Warehousing, Data Governance",Specialist Solutions Architect - Data Engineering,Databricks,"FEQ125R27
This role can be remote,
specifically targeting candidates
in the Eastern Time Zone.
As a Specialist Solutions Architect (SSA) - Data Engineering, you will guide customers in building big data solutions on Databricks that span a large variety of use cases. You will be in a customer-facing role, working with and supporting Solution Architects, that requires hands-on production experience with Apache Spark™ and expertise in other data technologies. SSAs help customers through design and successful implementation of essential workloads while aligning their technical roadmap for expanding the usage of the Databricks Data Intelligence Platform. As a deep go-to-expert reporting to the Specialist Field Engineering Manager, you will continue to strengthen your technical skills through mentorship, learning, and internal training programs and establish yourself in an area of specialty - whether that be streaming, performance tuning, industry expertise, or more.
The Impact You Will Have
Provide technical leadership to guide strategic customers to successful implementations on big data projects, ranging from architectural design to data engineering to model deployment
Architect produ",Postings for Specialist Solutions Architect do not phrase their day-to-day duties consistently enough to summarise automatically.
robotics software engineer,Robotics Software Engineer,engineering,28,17,168750.0,4,71.4,66.7,10.7,"C++, Python, Data Analysis, JavaScript, Machine Learning, Deep Learning",Robotics Software Engineer,Anduril Industries,"Anduril Industries is a defense technology company with a mission to transform U.S. and allied military capabilities with advanced technology. By bringing the expertise, technology, and business model of the 21st century’s most innovative companies to the defense industry, Anduril is changing how military systems are designed, built and sold. Anduril’s family of systems is powered by Lattice OS, an AI-powered operating system that turns thousands of data streams into a realtime, 3D command and control center. As the world enters an era of strategic competition, Anduril is committed to bringing cutting-edge autonomy, AI, computer vision, sensor fusion, and networking technology to the military in months, not years.
The Vehicle Autonomy (Robotics) team at Anduril develops aerial and ground-based robotic systems. The team is responsible for taking products like Ghost, Anvil, and our Sentry Tower from paper sketches to operational systems. We work in close coordination with specialist teams like Perception, Autonomy, and Manufacturing to solve some of the hardest problems facing our customers. We are looking for software engineers and roboticists excited about creating a powerful robot","Robotics Software Engineer postings typically ask you to: Support software and system infrastructure upgrades as needed. Document software designs, reviews and processes. Design, evaluate, and implement sensor integrations that support operation by both human and autonomous planning agents. Work closely with our hardware and manufacturing teams during product development, providing quick feedback that contributes to th."
software systems engineer,Software Systems Engineer,devops,28,17,145400.0,2,92.9,41.7,42.9,"C++, Python, System Design, SQL, Unit Testing, Bash",Senior Software Systems Engineer,Raytheon,"Date Posted:
2023-11-17
Country:
United States of America
Location:
PA601: 302 Science Park Road, Bldg 5A 302 Science Park Road Building 5A, State College, PA, 16803-2214 USA
Position Role Type:
Onsite
At Raytheon, the foundation of everything we do is rooted in our values and a higher calling to help our nation and allies defend freedoms and deter aggression. We bring the strength of more than 100 years of experience and renowned engineering expertise to meet the needs of today’s mission and stay ahead of tomorrow’s threat. Our team solves tough, meaningful problems that create a safer, more secure world.
Job Summary:
Raytheon is seeking a Senior Software Systems Engineer to work in a collaborative, interactive development environment. Senior Systems Engineers provide technical direction and clarification of requirements to software development teams & test personnel, perform system engineering analyses including trade studies, algorithm development, requirements definition and derivation, interface definition, and requirement validation and verification. Senior Systems Engineers support definition of operations concepts and procedure planning / development, interface with personn","Software Systems Engineer postings typically ask you to: Oversee the development process, ensuring adherence to technical, cost, and schedule objectives. Coordinate with stakeholders and participate in program management reviews and technical reviews. Ensure compliance with DoD technical standards and DoD 5000 guidelines. Manage integration of software components into larger systems."
cyber systems engineer,Cyber Systems Engineer,security,28,5,157000.0,3,100.0,0.0,17.9,"Cybersecurity, Risk Management, DevOps, Linux, Jenkins, CI/CD",Principal Cyber Systems Engineer with Security Clearance,ClearanceJobs,"Responsibilities
At Northrop Grumman, our employees have incredible opportunities to work on revolutionary systems that impact people's lives around the world today, and for generations to come. Our pioneering and inventive spirit has enabled us to be at the forefront of many technological advancements in our nation's history - from the first flight across the Atlantic Ocean, to stealth bombers, to landing on the moon. We look for people who have bold new ideas, courage and a pioneering spirit to join forces to invent the future, and have fun along the way. Our culture thrives on intellectual curiosity, cognitive diversity and bringing your whole self to work - and we have an insatiable drive to do what others think is impossible. Our employees are not only part of history, they're making history. At Northrop Grumman, our employees have incredible opportunities to work on revolutionary systems that impact people's lives around the world today, and for generations to come. Our pioneering and inventive spirit has enabled us to be at the forefront of many technological advancements in our nation's history - from the first flight across the Atlantic Ocean, to stealth bombers, to landin",Cyber Systems Engineer postings typically ask you to: Write/update CloudFormation scripts. Assist with the design and develop system security architectures. Assist with the definition of key capabilities and performance requirements. Develop an understanding of system interfaces and how to protect them.
it systems administrator,IT Systems Administrator,network_infra,27,23,108750.0,3,51.9,66.7,22.2,"Windows, Azure, VMware, Firewalls, Linux, PowerShell",Senior IT Systems Administrator,Tilley Distribution,"Job Summary
The Senior IT System Administrator is responsible for overseeing and managing the computer system operations in the organization. Monitor the performance of software, hardware, network, and servers. Install and configure new servers and applications as needed. Provide technical consulting and troubleshooting for various IT tools, such as Office 365, Azure, AD, in-house applications, and Powershell/Scripting. The IT Senior System Administrator will also be responsible for assisting in Cyber Security tasks.
Essential Functions / General Accountabilities
Configure internal systems
Diagnose and troubleshoot technical issues
Act as level 3 support for internal service desk
Upgrade and manage the network infrastructure
Install and manage servers, network devices, and firewalls
Train new system users and set up their accounts
Monitor the performance of servers, software, and hardware
Ensure the smooth deployment of new applications
Update technical documentation
Assist in Cyber Security tasks
Maintain good working relationships with external vendors
Job Qualifications
Work experience as a Senior System Administrator
Good knowledge of at least one scripting language
Solid under","IT Systems Administrator postings typically ask you to: Administer Red Hat Enterprise Linux (RHEL) operating systems, Puppet Enterprise, and Red Hat Satellite. Work with software containerization and cloud technologies including Amazon Web Services and Microsoft Azure. Build relationships with stakeholders by proactively communicating relevant information and discussing their needs, initiatives, and service levels through periodic me. Perform routine backups and disaster recovery operations."
help desk specialist,Help Desk Specialist,it_support,27,21,56130.0,2,18.5,0.0,33.3,"Windows, Active Directory, Excel, ServiceNow, Incident Response, Workday",Help Desk Specialist,Robert Half,"We are looking for a Help Desk Specialist with exceptional customer service skills to provide technical support to users. If you are a person with ability to absorb and retain information quickly. and to present ideas in user-friendly language, then you are the one we are looking for!
Duties and responsibilities
Provide technical assistance and support for incoming queries and issues related to computer systems, software, and hardware
Walk customer through problem-solving process
Follow up with customers to ensure issue has been resolved
Supports operation of help desk and serves as focal point for customer concerns
Identifies, researches, and resolves technical problems for end users on a variety of issues
Responds to telephone calls, email and personnel requests for technical support from local and remote customers
Run reports to determine malfunctions that continue to occur
Requirements
2+ years of experience providing level 1 or above help desk support in IT operations
Excellent communication skills
Experience assisting customers on phone and live chat, email, social media and web form submissions
Proven analytical and problem-solving abilities
Ability to effectively prioritize","Help Desk Specialist postings typically ask you to: Collaborate closely with the team of Senior Service Delivery Specialists to ensure effective support delivery. Manage multiple tasks, issues, and tickets concurrently. Document all interactions in the ticketing system. Collaborate on the implementation and maintenance of IT systems."
desktop support analyst,Desktop Support Analyst,it_support,27,22,70782.0,2,18.5,20.0,37.0,"Windows, Active Directory, Excel, ServiceNow, Firewalls, PowerShell",Desktop Support Analyst,"Vector Consulting, Inc","Our government client is looking for an experienced
Desktop Support Analyst
on a 6+ months’ renewable contract
opportunity
in
Indianapolis, IN.
Position:
Desktop Support Analyst
Job Summary:
OVERVIEW
This position is required for assisting the Project Managers and Deployment Leads in implementation of statewide PC Refresh Projects on a 4 year rotating schedule to replace all state-issued PC computers allowing the agency to efficiently support IT resources across the state.
The duties of this position are to support the PC Refresh Project Managers and Deployment Leads by installing new PCs for Agencies' PC Refresh Projects. Following the established processes and checklists to ensure the end user has all the necessary software and settings on the new PC. Backing up, protecting, and restoring data will be an essential task for this position. Updating documentation and completing e-install forms required. Will be the lead tech and point of contact onsite for large deployments. Customer service is also a crucial element for this position. This position will perform other duties as assigned.
EXPERIENCE DESCRIPTION
Associates or Bachelors Degree in Computer Science or equivalent experien","Desktop Support Analyst postings typically ask you to: Install and configure software, print drivers, utilities, etc. Troubleshoot all information technology issues, including software, hardware, and networking. Monitor installed systems, identify problems, and take corrective action. Troubleshoot application issues, and basic diagnosis of desktop/laptop software problems."
digital product manager,Digital Product Manager,product,26,13,108775.0,2,100.0,25.0,15.4,"User Research, Segment, A/B Testing",Digital Product Manager - Vice President,JPMorgan Chase & Co.,"Job Description
You enjoy shaping the future of product innovation as a core leader, driving value for customers, guiding successful launches, and exceeding expectations. Join our dynamic team and make a meaningful impact by delivering high-quality products that resonate with clients.
As a Product Manager in Commercial Banking Digital Product Team, you are an integral part of the team that innovates new product offerings and leads the end-to-end product life cycle. As a core leader, you are responsible for acting as the voice of the customer and developing profitable products that provide customer value. Utilizing your deep understanding of how to get a product off the ground, you guide the successful launch of products, gather crucial feedback, and ensure top-tier client experiences. With a strong commitment to scalability, resiliency, and stability, you collaborate closely with cross-functional teams to deliver high-quality products that exceed customer expectations.
Job Responsibilities
Develop strategic product roadmaps, feature roadmaps, drive prioritization of features while balancing customer/business impacts, and create detailed business requirements intended for digital ar","Digital Product Manager postings typically ask you to: Work collaboratively to develop a point of view and thought leadership regarding features, design, technologies, tools, competitors and potential partners. Work to consolidate and integrate product requirements across partners and prioritize investments. Support development and maintenance appropriate controls and governance. Support management of client im."
product owner,Product Owner,product,26,21,132700.0,1,34.6,50.0,15.4,"Jira, Confluence, Figma, DevOps, Kanban, Azure",Principal Product Owner,Discover Financial Services,"Discover. A brighter future.
With us, you’ll do meaningful work from Day 1. Our collaborative culture is built on three core behaviors: We Play to Win, We Get Better Every Day & We Succeed Together. And we mean it — we want you to grow and make a difference at one of the world's leading digital banking and payments companies. We value what makes you unique so that you have an opportunity to shine.
Come build your future, while being the reason millions of people find a brighter financial future with Discover.
Job Description
Product Owner ensures an outcome for a product is delivered that meets the requests from stakeholders and customers. This requires a fundamental understanding of the business and its constraints (financial, marketing, compliance, legal, service, the customer environment, the technical capabilities, the user experience, etc.) in order to provide a solution that satisfies all stakeholders and customers. Actively manages and escalates risk and customer-impacting issues within the day-to-day role to management.
Responsibilities
Interacts and collaborates with stakeholders on key product considerations and aligns with product vision, features and roadmap. Leverages ",Product Owner postings typically ask you to: Create and maintain in partnership with the Enterprise Architect and Solutions Team and Product Delivery Teams in producing the roadmap based on the vision. Collaborate with Product Manager to make decisions on what goes into product. Lead focus group discussions with stakeholders to elicit feedback on solutions. Provide demos and communication of direction to stakeholders.
it developer,IT Developer,engineering,26,19,90407.0,2,42.3,85.7,53.8,"SQL, Salesforce, Azure, JavaScript, CSS, HTML",IT Developer,FullBloom,"Description
IT Developer
Job Description
The IT Developer is responsible for providing solutions, technical designs, architecture, and support for enterprise software and systems. This entails incorporating commercial off the shelf solutions with the organization’s internally created software solutions and legacy IT systems. Other duties the developer performs include participating in software selection, code reviews, and documenting the development process.
Key Responsibilities
Write clean, scalable code using various programming languages and SQL database languages.
Test and deploy applications and systems using {list tools used for release/code repo}.
Revise, update, refactor and debug code.
Develop documentation throughout the software development life cycle (SDLC).
Serve as an expert on applications and provide technical support.
Ensure best practice application to maintain security and integrity of data.
Essential Skills/ Qualifications
Must have at least BS/BA degree or equivalent education. Technical certifications preferred.
Must have a minimum of three years of professional experience developing software solutions; experience with working on systems hosted in Amazon Web S",IT Developer postings typically ask you to: Develop high quality software design and architecture. Ensure code conforms to established methodologies and standards. Maintain the integrity and security of company systems and data. Create and maintain system documentation and user training materials.
group product manager,Group Product Manager,product,26,12,204500.0,3,100.0,88.9,34.6,"Data Warehousing, Machine Learning, Segment, Jira, Confluence, User Research","Group Product Manager, Platform",Clio - Cloud-Based Legal Technology,"Clio is more than just a tech company–we are a global leader that is transforming the legal experience for all by bettering the lives of legal professionals while increasing access to justice.
Summary:
Clio’s portfolio of products is rapidly growing. The platform layer that powers this multi product world utilizes a range of technologies covering telecom, data warehousing and visualization, app ecosystem, APIs and developer platforms, SSO and RBAC, license management, customer billing and other capabilities. Clio is seeking a dynamic and experienced
Group Product Manager
to lead the development and evolution of our platform-layer services and capabilities. As the market leader in legal technology, Clio is committed to delivering world-class solutions that enable legal professionals to streamline their workflows, enhance collaboration, and provide exceptional client experiences.
This role can be performed from one of our Canadian offices in a hybrid setting. Some exceptions may apply.
What you’ll work on:
As the Group Product Manager for Platform at Clio, you will spearhead the visioning, strategic planning and roadmap execution of platform level solutions that can be leveraged by o","Group Product Manager postings typically ask you to: Drive innovation and differentiation through the introduction of new features, enhancements, and integrations to maintain Clio's position as a market leader. Lead and inspire a cross-functional team of product managers, engineers, designers, and other stakeholders to deliver high-quality platform-layer products. Collaborate closely with legal experts, technology teams, and stakeholders to align product development with the specific needs of law firms. Partner closely with engineering leadership on crafting and executing the AI vision, strategy and roadmap."
classified cybersecurity analyst,Classified Cybersecurity Analyst,security,26,3,130800.0,3,92.3,,0.0,"Cybersecurity, Prototyping",Principal Classified Cybersecurity Analyst,Northrop Grumman,"At Northrop Grumman, our employees have incredible opportunities to work on revolutionary systems that impact people's lives around the world today, and for generations to come. Our pioneering and inventive spirit has enabled us to be at the forefront of many technological advancements in our nation's history - from the first flight across the Atlantic Ocean, to stealth bombers, to landing on the moon. We look for people who have bold new ideas, courage and a pioneering spirit to join forces to invent the future, and have fun along the way. Our culture thrives on intellectual curiosity, cognitive diversity and bringing your whole self to work - and we have an insatiable drive to do what others think is impossible. Our employees are not only part of history, they're making history.
Information Systems Security Professionals, We Want You!
Cyber assets everywhere are under siege from a wide spectrum of threats. Almost daily, these threats grow in sophistication, breadth and speed.
Support our entire enterprise and build the networks, staff the teams, and develop the processes that will keep us defining what's possible. We have opportunities across our enterprise with 90,000 team membe","Classified Cybersecurity Analyst postings typically ask you to: Support our entire enterprise and build the networks, staff the teams, and develop the processes that will keep us defining what's possible."
cyber security specialist,Cyber Security Specialist,security,26,21,156000.0,3,65.4,66.7,34.6,"Cybersecurity, Risk Management, Firewalls, Azure, Incident Response, Windows",Senior Cyber Security Specialist,Eliassen Group,"Job Description
**Remote**
Our client is looking for a Senior Cyber Security Specialist to complement their existing team.
We can facilitate w2 and corp-to-corp consultants. For our w2 consultants, we offer a great benefits package that includes Medical, Dental, and Vision benefits, 401k with company matching, and life insurance.
Responsibilities Of The Senior Cyber Security Specialist
Assist in managing the vulnerability management program and associated technologies
Provide program oversight and reporting and manage the day-to-day operations of the Tenable Vulnerability Management tool
Analyze credentialed scan results, identify failures and work with appropriate resources to implement corrections as needed to reduce/eliminate overdue vulnerabilities
Respond to ad hoc scan requests and assist with monthly maintenance activities
Take pride in the quality of their work, and the effectiveness of the cyber security controls for which they are responsible
Requirements of the Senior Cyber Security Specialist:
Bachelor’s Degree in Information Security / Assurance, Computer Science, Information Technology, or a related discipline, or equivalent work experience or technical training with ","Cyber Security Specialist postings typically ask you to: Conduct threat and risk analysis and analyze the business impact of new and existing systems and technologies to eliminate risk, performance, and capacity issues. Analyze, investigate, test, evaluate, and deploy security technology and procedures. Develop custom systems for specialized security features and procedures for software systems, networks, data centers, and hardware. Develop and implement information security standards, guidelines, and procedures."
sql database administrator,SQL Database Administrator,database,26,24,105000.0,1,34.6,18.2,42.3,"SQL, SSIS, Windows, Data Modeling, Azure, ETL",SQL Database Administrator,Optomi,"SQL Database Administrator (SQL Server, Azure)
Optomi, in partnership with a medical donation center is seeking a SQL DBA to join their team! This candidate will be responsible for managing databases and integrations using the Microsoft SQL Server platform fully onsite at their Charlotte, NC!
Must Have Skills / Requirements:
TOAD and T-SQL (Transact SQL) Stored Procedures and Triggers.
Four (4) years’ experience and extensive, hands-on knowledge of Microsoft SQL Server database development, administration, and performance tuning.
Well experienced at developing and managing cubed databases as well as strong understanding of OLAP tools.
Experience with SQL Server (Windows platform) in a clustered environment.
Solid knowledge of good promotion process and maintaining development lifecycle throughout implementation process.
Working knowledge of network communications, Multi-tiered Architecture.
Excellent communication, problem solving, analytical skills with detail-oriented mind set.
Ability to learn new technologies quickly and to work within a structured project methodology.
Ability to solve technical issues independently or with limited guidance.
Ability to translate business requir","SQL Database Administrator postings typically ask you to: Work as part of a successful matrix team of IIS/Web Administrator, Oracle DBA and Server Engineers. Monitor and optimize SQL performance. Develop complex data extracts, applications, reports, dashboards, and ad-hoc queries by using T- SQL. Research, troubleshoot, and resolve data issues."
it support engineer,IT Support Engineer,it_support,26,19,93340.0,2,19.2,13.3,57.7,"Windows, Azure, Active Directory, Firewalls, Linux, AWS",IT Support Engineer I,Amazon,"Description
Are you passionate about helping people solve IT problems? Love being a part of an exciting and innovative environment? Join Amazon IT Services! We’re looking for people who strive to “Work Hard. Have Fun. Make History.”
Amazon is seeking bright, adaptable, and hardworking applicants to join our IT Services organization as an IT Support Engineer. IT Support Engineers work with Amazonians to provide and support the IT equipment and services that are used every day. We treat Amazon employees as our customers and provide timely, accurate, and professional assistance.
Amazon's IT Services Support is the first point of contact for technical service requests for Amazon Corporate and its subsidiary employees worldwide.
The successful IT Support Engineer will be customer focused and motivated by team success. You will be innovative, energetic, and able to adapt to new processes and procedures quickly while dealing with a high volume of requests. You will also be committed, flexible, and have demonstrated ability to maintain high levels of productivity while maintaining quality support.
Key job responsibilities
Provide comprehensive technical support
Acquire and maintain current","IT Support Engineer postings typically ask you to: Perform work in accordance with Cliffs’ best practices and policies. Manage, troubleshoot, plan, prioritize and track work efforts using the Cliffs ticketing system to ensure the timely resolution of user requests and problems. Create and maintain appropriate documentation. Provide basic user training when necessary."
it infrastructure engineer,IT Infrastructure Engineer,devops,26,26,148658.0,3,57.7,18.2,42.3,"Windows, Active Directory, VMware, Azure, AWS, Firewalls",IT Infrastructure Engineer,The ONE Group Ltd,"IT Infrastructure Engineer
Great chance for an Infrastructure Engineer to join a nationally recognised construction company who have created some of the most Iconic buildings in the UK.
You will work in an established IT team of 15 with a great management function and will be responsible for helping to design, implement and maintain the organisation's IT infrastructure.
In this varied role you will collaborate with cross-functional teams to support network operations, server administration, storage management and more.
Role/Responsibilities
Design, plan, and implement IT infrastructure solutions that align with the organisation's requirements and objectives. This includes network architecture, server deployments, storage systems, and virtualisation technologies.
Manage and support the organisation's network infrastructure, including switches, routers, firewalls, and wireless access points. Ensure network availability, performance, and security by monitoring, troubleshooting, and optimising network configurations.
Install, configure, and maintain physical and virtual servers, ensuring optimal performance, availability, and security. Perform regular server updates, patch management, ","IT Infrastructure Engineer postings typically ask you to: Execute projects of Digital Modernization and Lifecycle Management in Cell Therapy Manufacturing. Provide status reports of manufacturing resilience related deliverables. Work in Shared Services team, and participate infrastructure project with digital plant teams, enterprise architect team, IT operations team, and cyber resilience team. Maintain manufacturing IT architecture, infrastructure, and documentation."
fire and security engineer,Fire And Security Engineer,security,26,6,,0,7.7,0.0,3.8,,Fire and Security Engineer - Maintenance,Huntech - Engineering Recruitment Consultancy,"Location: West Midlands
Brief Overview
Looking for a Fire and security engineer. The successful candidate will have experience in the Installation and Maintenance of both fire and security systems.
About Our Client
Market leader in the fire and security industry providing all manner of Design, Install, and Support of all types of electronic fire and security systems.
About The Role
Installation of Intruder alarms, Fire alarms, CCTV, Perimeter Protection, Gate Automation, Access Control & Emergency Lighting (Texecom, Orisec, Honeywell Galaxy, Menvier, Scantronic, Pyronix, HikVision, Aviglion, Paxton, Came/ BPT, Sateon, Kentec, Fike, Apollo, EMS)
Fault finding of the above-mentioned systems is essential
About The Candidate
The incumbent should possess strong interpersonal skills and be IT savvy. The candidate must have good client communication skills and be able to work as part of a team.
Experienced in the Installation and servicing of Fire and Security systems
Ability to work by yourself and within a team
Experience in the installation of CCTV, Access control, Fires and intruder alarm systems is essential
Must be committed to finishing the task at hand by the deadline
Points Of Ap",Postings for Fire And Security Engineer do not phrase their day-to-day duties consistently enough to summarise automatically.
infrastructure security engineer,Infrastructure Security Engineer,security,25,4,150000.0,1,100.0,0.0,8.0,Firewalls,Senior Infrastructure Security Engineer,ClickJobs.io,"At Ripple, we’re building a world where value moves like information does today. It’s big, it’s bold, and we’re already doing it. Through our crypto solutions for financial institutions, businesses, governments and developers, we are improving the global financial system and creating greater economic fairness and opportunity for more people, in more places around the world. And we get to do the best work of our career and grow our skills surrounded by colleagues who have our backs.
If you’re ready to see your impact and unlock incredible career growth opportunities, join us, and build real world value.
Through our blockchain technology and rapidly growing network of financial institutions, Ripple is improving the global financial system and increasing economic inclusion for more people, in more places around the world. Ripple is looking for passionate Information Security professionals to build a world class Information Security program. As part of the Information Security team, you will help us achieve this mission by actively working to protect our staff, company, and the larger crypto communities we engage with.
Our Security Engineering team is growing, helping Rippler’s design,","Infrastructure Security Engineer postings typically ask you to: Collaborate with OTI's Architect teams for developing operable solutions for Citywide requirements. Configure ports, configure firewalls, and apply the base templates configurations, integrate the appliances into production network. Develop and validate base configurations for operational use. Create and review method-of-procedure for the change to be executed during the approved change window."
software quality assurance engineer,Software Quality Assurance Engineer,qa,25,24,130352.0,6,68.0,71.4,28.0,"Python, Java, SQL, JavaScript, Microservices, Oracle",Software QA Engineer,Bractlet,"About The Job
We are looking for a Software QA Engineer with a passion for quality who will be responsible for holding the high-quality bar by owning test automation and shaping Bractlet’s testing strategy. You will work very closely with software engineers to understand the technical design of applications and ensure testability of the developed components. You will build test automation with the goal of providing maximum coverage in the most efficient manner. In addition, you will be responsible for ensuring that the test infrastructure is easily maintainable and can scale to the demands of rapid continuous integration and deployment.
Responsibilities
Design and develop advanced test suites and own automation best practices.
Implement and execute test strategies on all supported platforms and languages to help improve overall quality and test code coverage.
Functional and automation testing.
Write backend integration tests and tests for RESTful APIs.
Develop frameworks and automated test cases using Selenium, Cypress, and/or other test frameworks.
Design and develop integration, regression, and stress tests using industry standard tools.
Collaborate with business analysts and dev","Software Quality Assurance Engineer postings typically ask you to: Design a shirt for fun, for family, or for a full-blown business. Develop and execute automated and manual test cases and test suites with minimal supervision. Identify and track software defects. Ensure timely completion of testing tasks escalating problems or issues when encountered."
fullstack wordpress developer,FullStack Wordpress Developer,engineering,25,2,,0,0.0,100.0,96.0,,Full Stack WordPress Developer | Dundee | Remote,DevFinders,"A dynamic London-based web and digital agency seeking a credible and consistent WordPress Developer with a curious mind who can find bespoke solutions for any situation and looking for exciting projects. We make extensive use of Advanced Custom Fields Pro and its flexible content field, therefor the successful person must be very comfortable working on ACF.
What’s In It For You -
Salary: £20,000 - £35,000 per year depending on experience
40 days paid holiday annually - (28 days + bank holidays + extended festive period shutdown)
Untaken annual leave will automatically roll over to the following year
Partnerships scheme where you will receive a share in the profit of the business.
Mandatory Skills
– minimum 4 years’ experience in:
Creating bespoke WordPress themes from scratch
Either using a boilerplate theme or creating new individual files from scratch
Not based on existing themes
Not based on customising child themes
Not based on page builders such as visual composer
Not based on using only plugins to extend side functionality
Competent with Advanced Custom Fields Pro (ACF)
Good understanding of custom post types, taxonomies, and WordPress theme structure
Competent at developing ",Postings for FullStack Wordpress Developer do not phrase their day-to-day duties consistently enough to summarise automatically.
design release engineer,Design Release Engineer,devops,25,12,78000.0,1,8.0,0.0,40.0,"Data Analysis, System Design",Design Release Engineer - Closures (Automotive),ALTEN Technology USA,"We’re ALTEN Technology USA
, an engineering company that provides solutions for engineering, technology, and product development projects. For decades, we’ve been helping our clients develop products that are changing the world, whether that’s by shaping the future of space exploration, saving lives with medical devices that set a new standard of care, or creating the fully autonomous electric taxi of tomorrow. Our team of more than 600 people works across industries including aerospace, medical devices and life sciences, unmanned systems and robotics, automotive OEM and tier 1 suppliers, commercial vehicle, electric vehicles, rail, and more. Our offices across the US have different industry focuses and engage with our clients in different ways, ranging from working on-site at client facilities to performing product development at our delivery centers.
ALTEN Group, our parent company, has been a leader in engineering and information technology for more than 30 years. ALTEN Group operates in 30 countries across Europe, North America, Asia, Africa and the Middle East and employs more than 36,000 people, 88% of whom are engineers. The company covers the whole development cycle and off","Design Release Engineer postings typically ask you to: Lead an agile team of Design Release Engineers to execute proper product development and engineering documentation across multiple projects. Lead definition of appropriate system-level engineering targets to meet function, quality, and attri. Perform the design analysis. Lead and support technical review and sourcing process."
business intelligence manager,Business Intelligence Manager,data,25,22,115000.0,7,96.0,83.3,24.0,"Power BI, Data Analysis, Tableau, Machine Learning, Big Data, Data Visualization",Business Intelligence Manager,GardaWorld,"Job Description
About GardaWorld
GardaWorld is the world’s largest privately owned security services company. We protect our clients’ staff and assets, wherever they are in the world. We offer different schedules, diverse work assignments spanning multiple industries and career advancement opportunities. We encourage diversity and are proud to be an equal-opportunity employer. GardaWorld Security Services is looking for a Business Intelligence Manager for our headquarters in St. Louis, MO.
Business Intelligence Manager
The Business Intelligence Manager is responsible for leading a team of Business Intelligence Analysts and planning, coordinating, and supervising all activities related to the design, development, and implementation of organizational reporting and analytics. The BI Manager is also responsible for maintaining, supporting, and upgrading reports, dashboards, and data warehouse to meet the needs of multiple GWSS departments. The position requires a subject-matter expert on effective and efficient information retrieval and delivery to key stakeholders. The Manager must represent GardaWorld’s Core Values: Integrity, Trust, Vigilance, and Respect.
Primary Responsibilities &","Business Intelligence Manager postings typically ask you to: Plan, design, develop, test, implement, and maintain BI applications and reports/dashboards in support of the company’s business objectives. Partner with data engineering teams to create ETL requirements that transform and load data from internal or external sources. Develop and manage data models and pipelines. Deploy and manage adaptation of new BI tools and services."
cyber security architect,Cyber Security Architect,security,25,21,,0,12.0,40.0,40.0,"Firewalls, DevOps, Cybersecurity, Incident Response, System Design, Risk Management",Cyber Security Architect - DV Cleared,Aspect Resources Ltd,"Role: Cyber Security Architect - DV Cleared
Contract Length: 18 Months initially
Location:
Aldermaston (100% on site, maybe occasional remote days)
IR35: INSIDE
Rate: £87.53/hr (Umbrella)
Security Clearance: DV & Sole Uk National
Minimum Requirement:
DV clearance
Sole UK National
Security Architect experience
Has worked in a defence industry previously, eg MOD
Has had hands on experience in security applications and/or appliances
Security Architect skills
Good working knowledge
Firewalls
DevOps
Cloud
intrusion detection systems (IDS)
intrusion prevention systems (IPS)
Experience More Important Than Qualifications
Has worked in highly classified environments
Technical background
Endpoint detection
Technical background
Stakeholder Management
Hands on with security tooling
Can work autonomously and as part of a team
Use initiative, ask right questions, flag issues, fit into project
The Role:
Essentially a security architect
Provide security architecture/expertise/support the cyber security team
Work in conjunction with other functions - get right feel, tech controls, make job easier
Security controls put in place - networks/systems
Need own security architect within Cyber Security Tea","Cyber Security Architect postings typically ask you to: Plan and organise penetration tests and audits. Assist projects and program s in the development of secure configuration guidelines for products and systems. Collaborate with Project Managers and System Design Architects on requirements, processes, design, implementation, testing, and user acceptance. Ensure policy compliance for a secure software development lifecycle (SDLC)."
sql developer,SQL Developer,engineering,25,22,118560.0,2,36.0,33.3,48.0,"SQL, SSIS, ETL, Azure, Data Modeling, Oracle",SQL Developer,"Sunrise Systems, Inc.","We are hiring for a SQL Database Programmer with strong .NET and C# experience local to Phoenix, AZ.
Job Details:
Job Title: Database Programmer - Microsoft SQL
Job Duration: 4+ Months on W2 only
Job Location: Phoenix, AZ 85003
Job Description:
The Database Programmer is a key IT team member at the client.
This role requires collaboration with programmers, database administrators, and business analysts to improve our data solutions.
Responsibilities include:
Team collaboration to enhance data solutions.
Designing data models for the court's needs.
Tuning SQL stored procedures and functions.
Writing effective SQL queries for business needs.
Troubleshooting database issues to identify causes.
Optimizing queries and procedures for performance.
Supporting developers with application architecture, coding, and query tuning.
Managing SSIS packages and SSRS reports.
Developing .NET, C# applications.
Solving complex technical problems.
Innovating processes for daily operations.
Following best practices in software development lifecycle.
Mentoring and training junior staff.
Communicating technical concepts to non-technical users.
Ensuring database design compliance with standards.
Additional","SQL Developer postings typically ask you to: Analyze, develop, test, implement, and support SQL applications and enhancements as required to support the growing and changing needs of ACES. Develop data models to meet storage and data quality needs. Author and fine-tune complex SQL queries and stored procedures to fulfill diverse application and reporting needs. Collaborate closely with cross-functional teams to grasp and address evolving database requirements."
special agent cybersecurity/technology background,Special Agent Cybersecurity/technology Background,security,24,1,105000.0,1,0.0,,0.0,Cybersecurity,Special Agent: Cybersecurity/Technology Background,Federal Bureau of Investigation (FBI),"HOW TO APPLY
STEP 1:
Click on the “Apply” button to be directed to the FBIJobs Careers website.
STEP 2:
Click the “Start” button to begin. You will be prompted to either Sign In to continue or to register with FBIJobs if you don’t already have an account.
STEP 3:
Follow the step-by-step process to submit your interest. You will be guided through each step. You must complete all sections of the form AND ALL REQUIRED DOCUMENTS MUST BE ATTACHED to successfully submit your interest.
1. Your resume, specifically noting relevant work experience and associated start and end dates.
2.
Other supporting documents:
College transcripts, if qualifying based on education, or if there is a positive education requirement.
Veterans: DD 214; Disabled Veterans: DD 214, SF-15 and VA letter dated 1991 or later.
Please see instructions on the site for attaching documents.
JOB DESCRIPTION
Use your cyber and IT background to become an FBI Special Agent!
FBI Special Agents apply their professional experience and unique skill sets to their work and role every day. Because technology permeates every aspect of what we do, our Agents also come from all IT backgrounds including network information, cybersecurit",Postings for Special Agent Cybersecurity/technology Background do not phrase their day-to-day duties consistently enough to summarise automatically.
analytics engineer,Analytics Engineer,data,24,24,138480.0,6,66.7,70.0,41.7,"Machine Learning, SQL, Python, Data Pipeline, ETL, Microsoft Fabric","Senior Analytics Engineer, Live Ops (Hybrid)",Activision Blizzard,"Job Title
Senior Analytics Engineer, Live Ops (Hybrid)
Requisition ID
R022210
Job Description
Your Mission is:
The Live Ops Analytics Team is seeking a talented Senior Analytics Engineer to collaborate directly with our analytics teams and studio partners to transform data into actional insights for strategic decision making. As part of the Live Ops team, you will build and maintain data pipelines and systems that enable efficient data analysis across the organization. You'll work closely with designers, engineers, business stakeholders, and analytics peers to build a foundational data layer that helps derive meaningful insights and recommendations, enhancing gameplay design and commercial decisions.
Responsibilities Include
Partnering with analysts and data scientists to proactively identify and implement analytics solutions in support of the development goals of game designers and engineers.
Develop and maintain data warehouses to ensure a centralized and organized repository for our analytics teams.
Employ data visualization tools (e.g., Tableau, Power BI) to create user-friendly dashboards that facilitate informed decision-making and optimization of game features
Partnering wit","Analytics Engineer postings typically ask you to: Ensure data quality by creating, maintaining, and enhancing data profiling methodologies. Drive actionable insights and recommendations that can be communicated across the business to non-technical stakeholders to guide our strategy and measure our KPIs. Ensure accuracy and consistency in conversion tracking performance. Collaborate on recommending conversion events as part of the strategy development process."
systems administrator os,Systems Administrator Os,network_infra,24,2,,0,100.0,,0.0,"DevOps, Git, CI/CD, Python, GitHub, Ansible","Senior Systems Administrator-OS, Virtualization, Network with Security Clearance",ClearanceJobs,"The Alaka`ina Foundation Family of Companies (FOCs) has a potential need for Senior Systems Administrators-OS, Virtualization, Network to support our government customer located in Fort Gordon, GA. DESCRIPTION OF RESPONSIBILITIES:
Provide complete ESD program operations. This includes but is not limited to ESD task coordination, trouble ticket assignment to appropriate personnel, and advanced troubleshooting.
Leverage ITIL frameworks to ensure process flow and continuous improvement is applied across all sustainment efforts.
Provide an Executive Summary (EXSUM) outlining key points obtained from any meetings to the government.
Provide/maintain a shared-nothing, scale-out, service oriented private training environment to support training and experimentation requirements.
Provide knowledge transfer consisting of training and over the shoulder support in the installation, configuration, administration, and troubleshooting of Virtualization Technologies.
Engineer, optimize, administer, manage, secure, and deploy all necessary hardware and software required to run multiple Virtualization Technologies.
Deploy, maintain, engineer, administer, troubleshoot and secure a software defined dat","Systems Administrator Os postings typically ask you to: Provide an Executive Summary (EXSUM) outlining key points obtained from any meetings to the government. Provide/maintain a shared-nothing, scale-out, service oriented private training environment to support training and experimentation requirements. Ensure that the Virtual Training Area (VTA) operates with maximum efficiency."
research scientist/engineer,Research Scientist/engineer,ai,24,6,72894.0,1,20.8,,0.0,"Machine Learning, Cybersecurity, Deep Learning, Excel, HTML",RESEARCH SCIENTIST/ENGINEER 1,University of Washington,"Req #: 211202
Department: DEPARTMENT OF MEDICINE: NEPHROLOGY
Posting Date: 02/09/2023
Closing Info: Open Until Filled
Salary: $3887 - $7765 per month
Shift: First Shift
Notes:
As a UW employee, you will enjoy generous benefits and work/life programs. For detailed information on Benefits for this position, click here. (https://hr.uw.edu/wp-content/uploads/sites/3/2018/02/benefits-professional-staff-librarians-academic-staff-20230119_a11y.pdf)
As a UW employee, you have a unique opportunity to change lives on our campuses, in our state and around the world. UW employees offer their boundless energy, creative problem solving skills and dedication to build stronger minds and a healthier world.
UW faculty and staff also enjoy outstanding benefits, professional growth opportunities and unique resources in an environment noted for diversity, intellectual excitement, artistic pursuits and natural beauty.
The Department of Medicine: Nephrology has an outstanding opportunity for RESEARCH SCIENTIST/ENGINEER 1 to join their team.
The Freedman Lab has an excellent opportunity for a Research Scientist/Engineer I. This position will be involved in human pluripotent stem cell culture and different","Research Scientist/engineer postings typically ask you to: Conduct experiments and collect scientific data. Analyze data and synthesize results into major scientific findings. Write papers, both as first author and collaboratively with other people in the lab, and external collaborators. Manage and supervise a team of subordinate employees including up to 8 s."
technical support,Technical Support,it_support,24,21,57720.0,2,41.7,25.0,50.0,"Windows, Machine Learning, Active Directory, SQL, Azure, ETL",Technical Support - Master Technician,Ingenics Corporation USA,"The Technical Support Team is looking for motivated and driven individuals to provide technical support to retailer technicians and internal customers. Support is provided using strong written, verbal, and face to face communication skills. This position is based in the office and requires occasional travel to resolve difficult customer concerns and travel for training. The candidate will provide the highest quality information and repair methods that comply with established repair methods and procedures. This position requires the candidate to work together as part of a local support hub and operate independently when necessary.
Primary Responsibilities:
Assist Retailer Technicians with guided expert level diagnostics to ensure a prompt vehicle repair
Analyze, document, and report technical faults found on products and diagnostic tools
When necessary, escalate appropriate problems or situations to resolve the concern timely
Assist the larger Retailer Technical Support Team with Master Tech Meetings as needed
Investigate and resolve difficult repair situations by duplicating and testing during development days
Evaluate support cases concerning customer complaints, prior warranty re","Technical Support postings typically ask you to: Provide input on process improvements and contribute to the technology road map for the strategic plan. Perform metrics trend analysis and reporting, guide resultant process improvement. Design, review, integrate application requirements (e.g. Perform routine technical procedures."
tableau developer,Tableau Developer,engineering,24,23,120450.0,1,25.0,75.0,50.0,"Tableau, SQL, Data Visualization, Data Analysis, ETL, AWS",TABLEAU DEVELOPER,Info Way Solutions,"Role: Tableau Developer
Location: Austin, TX
Developing, maintaining, and managing advanced reporting, analytics, dashboards and other BI solutions.
Performing and documenting data analysis, data validation, and data mapping/design.
Reviewing and improving existing systems and collaborating with teams to integrate new systems.
Conducting unit tests and developing database queries to analyze the effects and troubleshoot any issues.
Creating tools to store data within the organization.
Show more
Show less","Tableau Developer postings typically ask you to: Perform as liaison with LM Enterprise Ops and LM Business Areas. Provide expertise in dashboard architecture, design, and implementation, staying abreast of industry best practices and emerging trends. Work closely with team members to develop impactful reports and dashboards that drive actionable insights, streamline processes, and contribute to overall team success. Ensure consistency by adhering to established standards and templates, contributing to the overall quality and cohesion of the reporting ecosystem."
master data analyst,Master Data Analyst,data,24,20,90700.0,3,25.0,80.0,41.7,"SAP, Excel, Data Governance, Data Visualization, Oracle, Segment","Sr. Master Data Analyst, SAP S/4 Hana (Hybrid, AP51, 1 N Waukegan Road North, Chicago IL)",BioSpace,"Responsible for maintaining master data within the Procurement team and work cross-functionally to ensure master data is entered and maintained accurately. Accountable for supporting continuous improvement initiatives and best practices across the company that impact Procurement master data. The Sr. Master Data Analyst will also be responsible for supporting training and education of appropriate Procurement, S4 Hana tools and techniques within and outside of the organizations. Develop and establish relationships between division and local manufacturing site business functions to implement performance management processes, initiate investigation of process exceptions and minimize process gaps.
Ensure Master data integrity in key systems as well as maintain the processes to support the data quality, as well as development/documentation of processes with other functional data owners to support ongoing maintenance and data integrity.
Create and maintain data for load ready files for PTP Master data objects like Vendors, Purchase Info Records (PIRs), Source Lists, Quality Info Records (QIRs), Purchase Requisitions, Outline Agreements & Purchase Orders for loading Data into S4 HANA.
Iden","Master Data Analyst postings typically ask you to: Support Master Data team members by completing new material workflows, pricing requests or collaborating on group projects as needed. Collaborate with other Product Management or Master Data teams to ensure best practices are developed and shared throughout the organization. Communicate printed catalog updates to our Marketing teams in Headquarters and local office. Provide support as needed to various business teams."
penetration tester,Penetration Tester,security,24,21,172762.0,2,45.8,40.0,41.7,"Penetration Testing, Cybersecurity, Python, Burp Suite, Java, CISSP",Penetration Tester - SME,Eversource Solutions LLC,"RESPONSIBILITIES:
Assesses the current state of the customer’s system security by identifying all vulnerabilities and security measures. Helps customers perform analysis and mitigation of security vulnerabilities.
Design, perform and report on penetration testing of systems including cloud to satisfy the NIST 800-53 CA-8 security control and using methodologies that may include, NIST SP 800-115, Penetration Testing Execution Standard (PTES), and Information Systems Security Assessment Framework (ISSAF).
Produce reports and conduct management briefings on test activities, scenarios, results and recommendations.
Understand how to create unique exploit code, bypass AV and mimic adversarial threats.
Stay abreast of current attack vectors and unique methods for exploitation of computer networks.
Provide support to incident response teams through capability enhancement and reporting.
Assist in Red Cell maintaining infrastructure.
Develop or modify tools that automate discovery or exploitation (e.g. bash, Python, JavaScript, PowerShell)
Mentor Mid and Jr staff members by providing guidance on best security practices and communication techniques.
QUALIFICATIONS:
Minimum Qualifications:
Bac",Penetration Tester postings typically ask you to: Perform web app pentests. Perform vulnerability risk assessment. Perform physical pentests and social engineering. Perform cyber incident response as needed for programs.
pega developer,Pega Developer,engineering,24,18,107120.0,3,79.2,50.0,16.7,"Unit Testing, Java, SQL, XML, JavaScript, CSS",Senior Pega Developer/Lead,Zortech Solutions,"Title Pega Sr Developer/Architect
Location: Washington DC
Duration: 12 months
Start Date: ASAP
Number of consultants: 1
Description
Experience of 10+ years
Proven work experience as a Pega developer.
Advanced knowledge of Pega PRPC 7.x/8.x.
Familiarity with J2EE, XML, Java, JSP, and EJB.
Familiarity with Scrum and Agile methodology.
Knowledge of web technologies including JavaScript, CSS, HTML5, and XML.
Advanced knowledge of Pega Class Hierarchy, experience with Java and .NET based applications, and should be able to manage day to day tasks as a project team member while supporting the team.
Excellent task management skills.
Ability to troubleshoot complex software issues
Meeting with business analysts to discuss the pega specific requirements.
Designing and developing Pega BPM applications.
Performing solution architecture within the Pega PRPC environment.
Designing class structures, application frameworks, and data models.
Coordinating with the project team to ensure the business architecture matches the needs of the project and program.
Integrating web services.
Troubleshooting application issues, coding bugs, and bottlenecks.
Conducting system performance tests.
Maintaining th","Pega Developer postings typically ask you to: Provide deep technical expertise in all aspects of solution design and application development for specific business environments. Support, maintain, and document software functionality. Maintain compliance standards. Perform other duties as assigned."
electrical test engineer,Electrical Test Engineer,qa,24,22,155000.0,7,45.8,33.3,25.0,"Python, Data Analysis, System Design, Prototyping, Windows, C++",Electrical Test Engineer,Quest Global,"Title: Electrical Test Engineer
Location: Houston, TX (On-site)
Duration:-12+ Month
Keywords:
Electrical Engineer, Test system Design, Test Automation, Python, NI Hardware
Required Skills:
Basic understanding of Analog and Digital Electronics including various components working principal such as batteries, inductors, capacitors, filters, amplifier topologies, A/D & D/A converters, micro-controller & processor-based architecture, various communication protocols
Experienced in Python/LabVIEW test program development with the ability to monitor and evaluate waveforms and signals in real time and perform typical signal analysis
Must have strong troubleshooting capability while verification & validation of the test system and design and capable of providing design solution for electronics.
Experienced in test plan creation, functional verification and qualification testing, system integration testing, reliability testing
Experience with automation testing, interfacing with test equipment such as oscilloscopes, power supplies, function generators, current and voltage meters using python or LabVIEW.
Skills in testing and troubleshooting power electronics circuits
Key Responsibilities:
De","Electrical Test Engineer postings typically ask you to: Lead verification including tracing to requirements, creating test protocols, performing tests, and documenting test reports. Develop test fixtures based on test criteria including both hardware and software fixtures/tools to automate test platforms. Support product NPI and product tester development at CM or JDM. Support and own testing and design for different hardware circuits used in power electronics converters."
power platform developer,Power Platform Developer,engineering,24,20,90000.0,1,41.7,78.6,58.3,"SQL, Azure, Power BI, JavaScript, .NET, Dynamics 365",Power Platform Developer,KDR Talent,"Power Platform Developer | Bristol office - Hybrid working | Up to £75,000 Base + Benefits
This is a
Power Platform
role for those who want to work in professional services and support the development of the capability. Working across multiple departments you will design and build solutions that help integrate environments. You will also act as the subject matter expert for all things Power Platform. So, if you’re an experienced
Power Platform Developer
and want to be part of a team within a forward-thinking IT division, then look no further.
In this close-knit team; you’ll be responsible for building new apps, flows and dashboards on an existing
Power Platform
. You’ll also have an opportunity to help define and build a Power Platform framework to provide extra value for our client base.
Existing skills you’ll need:
Commercial experience in Power Platform
Have built Power Apps end to end as well as leveraging Power Automate and Power BI
Ideally, you’ll be experienced in other MS tech like Azure, Dataverse.
Hands-on development of end-to-end solutions.
Preferred knowledge in development using the following programming languages: C#, .net, JavaScript, HTML, CSS etc.
3 rd party API i","Power Platform Developer postings typically ask you to: Prepare mockups/prototypes based on requirements and use knowledge of Power Platform features/tools to offer solutions that meet business needs. Ensure data integrity, security, and performance. Work with teams to support the product management side of applications. Test and understand the entire project as assigned."
ui developer,UI Developer,engineering,23,23,135000.0,1,43.5,81.8,47.8,"JavaScript, React, CSS, HTML, Git, Node.js",UI Developer,Lorven Technologies Inc.,"Job Title: UI Developer
Location: New York, NY
Job Description
Primary Responsibilities:
Develop prototypes and full-featured internal and client-facing web applications using React, Bootstrap, CSS/Sass, npm, typescript, and JavaScript / ECMAScript.
Develop user interfaces from wireframes.
Work with middle-tier developers for API interactions.
Work closely with the Software Engineering managers, Project Management, and Quality Assurance staff on technical projects and assignments.
Perform coding, debugging, testing and troubleshooting throughout the application development process.
Gather and document user requirements when required.
Provide accurate estimates for the team’s requirements, design, development and testing efforts.
Adhere to the company’s SDLC policies regarding source code control, code peer reviews, sign off, and release promotions.
Requirements
Bachelor’s degree in Software Engineering, Computer Science or a related field of study.
5+ years of experience in UI software development using React.
5+ years of experience in financial services or a related field.
Nice to have technologies: Java, Spring Boot, REST API development and SQL.
Ability to work independently and","UI Developer postings typically ask you to: Write and provide feedback on Request for Comments (RFCs) for new features in our collaborative design process. Author and document re-usable components inside a React application (React/Redux). Build server-side services and API endpoints using Node and NestJS. Build tools and new features to help our partners manage campaigns, contracts, reporting and analytics."
appian developer,Appian Developer,engineering,23,19,144476.0,2,65.2,60.0,43.5,"Java, SQL, JavaScript, Spring, DevOps, Data Modeling",Senior Appian developer,TechTammina LLC,"Role: Appian developer
Location: Washington DC
Duration: Long term
Rate: Market
Note: This is day one onsite, Hybrid role (2 days onsite and 3 days remote)
Minimum 6 years of IT experience with 4+ years delivering solutions using Appian.
Experience with Appian 16x/17x/18x/19x/20x/21x versions.
Able to write complex Appian SAIL Code. (Just not drag and drop)
Strong understanding of Appian Objects such as Records, Reports, Tasks, News, Sites, Actions, Expression Rules, Constants, Query Rules, Web API, Interface Rules, CDTs, Process Models. Constants, Decisions, Integrations, Connected Systems, Data Stores, Groups, Feeds etc.
Have worked on end-to-end Appian BPM implementation (Design/Develop/Deploy/Package)
Experience in building frameworks and BPM concepts
Sound Knowledge of Appian Process/Solution and Infrastructure Architecture (Infrastructure Architecture must include knowledge of
Appian In-Memory KDB Engines, Sizing, Scaling Vertically/Horizontally)
Sound Knowledge App Servers such as JBOSS, TOMCAT etc. and Web Servers such as Apache etc.
Expert in user interface development, engineering cross-browser, cross device compliant code
Experience with application delivery using agile ","Appian Developer postings typically ask you to: Perform Integration, setup SSO, Third party credentials. Work with other members of the team to ensure that functionality is developed in an efficient and effective manner. Support the development of user guides for new projects and enhancements. Partner with architecture/development teams on business planning."
store support supervisor,Store Support Supervisor,engineering,23,1,44564.0,1,0.0,,0.0,,"Store Support Supervisor (Customer Service, Front End Support) - Full Time",Whole Foods Market,"Assists with scheduling and supervision of Store Support Team Members as well with the as day-to-day flow of the department. Supports the Store Support Team Leader and Associate Team Leader(s) to ensure smooth operation of the Store Support Team. All Whole Foods Market Retail jobs require ensuring a positive company image by providing courteous, friendly, and efficient service to customers and Team Members at all times. All positions must be performed in accordance with team and store Standard Operating Procedures. Further, Team Members must be prepared and able to perform the duties inherent in other Team Member job descriptions. All positions must strive to support WFM core values and goals, promote national, regional, and store programs and initiatives, and ensure adherence to all applicable health and safety regulations including Food Safety and regulatory duties required in the department.
Job Responsibilities
Supervises and delegates tasks to Team Members.
Works with Team Trainer to train Team Members in a manner that builds and sustains a high-performance team and minimizes turnover.
Assists in training of new Team Members, utilizing learning checklists and training material",Postings for Store Support Supervisor do not phrase their day-to-day duties consistently enough to summarise automatically.
cyber engineer,Cyber Engineer,security,23,16,174100.0,5,87.0,28.6,30.4,"Cybersecurity, Windows, Linux, System Design, SIEM, Python",Cyber Engineer Sr,SAIC,"Job ID 2304191
Location
OMAHA, NE, US
Date Posted
2023-03-24
Category
Cyber
Subcategory
Cyber Engineer
Schedule
Full-time
Shift
Day Job
Travel
No
Minimum Clearance Required None
Clearance Level Must Be Able to Obtain
Secret
Potential for Remote Work
No
Description
We are looking for candidates passionate about craftsmanship, teamwork, and delivering user capability to join SAIC supporting the Air Force weather community on the Technology Application Development & Sustainment (TADS) contract.
Cyber Security Engineers will design, develop, and maintain software systems from science to operations within an empowered, cross-functional team. Work within and across practices and organizations to provide leading-edge technology or application solutions that result in meeting DoD Security standards, where the focus is on development and delivery. Interfaces with the government security managers and users on technical issues. Constructs, installs, and implements products or complex technology or application solutions for a unit or organization. Provides design and technical support on services/products solutions, utilizing current and emerging technologies. Provides technical presentations ","Cyber Engineer postings typically ask you to: Execute guidance from platform Chief Engineer, Systems Engineering Manager, and functional management. Partner with stakeholders to understand their needs and requirements. Provide technical support for pathfinders, proofs-of-concept, and prototypes in various areas. Develop and tune cyber tools and technology like ELK, Kafka, Suricata, BRO, cuckoo, yara, etc."
quality assurance automation,Quality Assurance Automation,qa,23,16,120000.0,1,91.3,16.7,26.1,"Java, SQL, Git, Jira, Data Analysis, Jenkins",Lead QA Automation,IT Minds LLC,"Responsibilities
Develop and execute test plans and test cases with a strong emphasis on using code to solve technical challenges and shorten the test cycle through automation.
Estimate test efforts, analyze and communicate test results.
Add to and improve our existing test automation framework, tools and technologies, to continually advance the quality bar.
Write specialized testing tools for our software platform, as needed.
Collaborate with teammates in Development, Test and Product Management to design and implement test and validation strategies.
Contribute to the maintenance and expansion of our Continuous Integration (CI) environment.
Identify required improvements in the test and development processes; make contributions to our automation tools, successfully addressing specific needs.
Participate in day-to-day QA activities.
Candidate Profile
10+ years' experience as a QA Automation Engineer
Experience with UI test automation frameworks (Selenium, Cypress, Appium)
Experience with API test automation frameworks against well-known protocols
Experience automating tests using JS frameworks, primarily (though other experience is welcome!)
Some experience writing React code in or","Quality Assurance Automation postings typically ask you to: Write specialized testing tools for our software platform, as needed. Collaborate with teammates in Development, Test and Product Management to design and implement test and validation strategies. Identify required improvements in the test and development processes; make contributions to our automation tools, successfully addressing specific needs. Analyze Business Requirements Documents to get better understanding of the system both on technical and business perspectives."
oracle database administrator,Oracle Database Administrator,database,23,18,110275.0,2,43.5,44.4,39.1,"Oracle, SQL, Python, Linux, MongoDB, Unix",Oracle Database Administrator,Tata Consultancy Services,"Role- Oracle Database Administrator
Location-Philadelphia, Pennsylvania
Job Title Oracle Core DBA (Exadata Admin)
Relevant Experience (in Yrs) 8-12 Yrs
Technical/Functional Skills Must have skills: Exadata Admin, Core DBA, OCI, DB Storage, DB Backup Nice to have skills: Basic knowledge of Linux system administration, Cloud Networking
Experience Required -Creating an EXACC instance and Database Deployment
-Administering an EXACC instance
-Create and Manage Users for Oracle Cloud at Customer
-Create and Manage Keys and Certificates
-Manage & Configure Object Storage for DB Backups
-Patching of EXACC and DB
Roles & Responsibilities
-Manage all components of EXACC (Compute, Storage, Security & networking)
-Monitor Oracle Cloud services and set alert thresholds for specific metrics.
-Monitor Your Usage and Universal Credits Balance for Oracle Cloud at Customer
Generic Managerial Skills
Working closely with development teams to understand their requirements, provide guidance on Exadata best practices, and assist in deploying applications.
Documenting configurations, processes, and best practices, as well as sharing knowledge with team members and stakeholders.
Thanks & Regards,
Disha Ran","Oracle Database Administrator postings typically ask you to: Troubleshoot and RCA Oracle outages, along with Tuning and Adjusting New Production databases. Configure and build Golden Gate Extracts/replicate for multiple databases. Configure error handling for restart, lag,logging, production support and status reporting in Golden Gate. Develop, monitor and optimiz."
help desk manager,Help Desk Manager,it_support,23,14,118750.0,2,100.0,20.0,21.7,"MCP, Incident Response, Windows, Azure, Active Directory, Firewalls",Help Desk Manager (Tier I),Computer World Services Corp. (CWS),"Job Description
Computer World Services, Corporation (CWS) is seeking an exceptional candidate to serve as the
Help Desk Manager (Tier I)
for the US Department of Justice (DOJ) Service Desk and information technology (IT) Services for all Civil Division components supported by the Office of Information Technology (OIT). OIT requires support to provide enterprise-level service desk and incidental information technology services in support of OIT’s operational requirements. Services include: Help Desk Support, IT Operations Management and Support, Mobile Support, IT Asset Management, Software Development and Support, IT Security Program Support, IT Incident Response and Reporting, Classified Processing, IT Training Services, Laptop Lending Program Support, Application Services Help Desk, SharePoint Support, Litigation IT Travel Support, Reasonable Accommodation Support, Case Information Management System (CIMS), and Civil Online Relativity Application (CORA) Support, and Copy Center Operations. The Civil Division consists of approximately 2,700 personnel primarily located in the Washington, DC National Capital Region (NCR).
The
Help Desk Manager (Tier I)
for the DOJ CIV Help Desk and","Help Desk Manager postings typically ask you to: Research show that women and underrepresented groups only apply to jobs only if they feel they meet 100% of the qualifications. Lead the transformation of technical support process to provide exceptional “white glove” service to users. Plan, direct, and coordinate of the internal information technology help desk. Oversee critical production events, targeting and managing trend analysis and metrics reporting."
gameplay programmer,Gameplay Programmer,engineering,23,15,312042.0,1,47.8,100.0,21.7,"C++, Prototyping, GitHub",Experienced Gameplay Programmer,Skillsearch,"A world-renowned UK studio is seeking an experienced Gameplay Programmer to work on a sci-fi shooter game. The team is based in Oxford, helping shape a brand-new IP. This gameplay programming role is hybrid, working full-time hours from both the Oxford office and from home and earning a compelling salary and benefits. The unannounced project you will be working on is a thematically dark Sci-fi shooter title. You'll join a small, passionate, and experienced team with a proven record of delivering quality experiences. If you were already working here as Gameplay Programmer, these are some tasks you could expect to take on: Working to build general gameplay systems Metagame/analytics and game flow Working with game designers, UI artists and animators to implement game mechanics Collaborating with members of the programming team on systems and features that have the potential to influence future titles Excellent C/C++ programming skills and sound knowledge of object-oriented development are essential to the success of this Gameplay Programmer position. You must also have: Professional experience working on at least one published console/PC game Previous work related to gameplay and gen","Gameplay Programmer postings typically ask you to: Create the backbone upon which the design team authors our game’s missions, random events, ambient life, and everything in between. Work-life balance is important to us, and we want everyone at Rebellion to work in the way that works best for them. Optimize code and gameplay systems to ensure high performance. Collaborate with content and marketing teams in a cross-functional team."
unit specialist,Unit Specialist,it_support,23,2,,0,0.0,,0.0,,Unit Specialist - Adult Population - 1st Shift,Rosecrance Health Network,"Now Featuring a $1,000 Sign On Bonus paid out in your first 9 months!
Let’s change lives together.
Join a purpose-driven community of champions.
Position Purpose
This is an entry level clinical position working in the addiction field. This role provides a therapeutic environment to our clients in our adults unit, by leading groups, transporting clients to outside meetings, assisting with relapse prevention, and preparing our clients with the life skills needed to help them during the recovery process. This position is a great way to gain experience in the substance abuse field. This is a great opportunity for continuing education by obtaining the certified alcohol and other drug abuse counselor certificate (CADC).
Job Requirements
High School diploma or GED and one year of addiction treatment experience or an equivalent combination of education, training and experience
Skilled in behavioral management techniques
Ability to coordinate and present lectures for patients, parents and community resources
Valid Illinois driver’s license
Certified Addictions Counselor or able to be certified within 24 months
Essential Responsibilities
Work hours prescribed by the Supervisor and any additi","Unit Specialist postings typically ask you to: Provide direct counseling services including individual, case management, group and lecture activities on a daily basis. Coordinate and supervise patient recreational activities. Monitor assigned patients by consulting with the primary counselor in deve. Ensure that patient service records are maintained consistent with required rules and regulations."
ai engineer,AI Engineer,ai,23,18,193300.0,4,82.6,33.3,26.1,"Machine Learning, Deep Learning, Python, C++, AWS, Azure",Lead AI Engineer,Motion Recruitment Partners LLC,"Our company is a fast-growing global entertainment and technology company that is making high-end games and development solutions readily available for a global audience. Not only have we created critically acclaimed titles, but we are invested in developing engaging experiences for the patrons of professional gaming events.
Finding yourself here, you might be the type who is interested in developing further in the cutting-edge sector of AI, specifically getting to work on deep generative artificial neural networks.
We are currently looking to bring on a Lead AI Engineer who specializes in the design and implementation of AI models built on the Stable Diffusion platform. It is important that you have familiarity working with gaming engines like Unity and Unreal, because you will be contributing to the integration of AI Models to these software frameworks.
There will be no shortage of engaging projects featured in this role. You will get to lead the development and optimization of AI-driven features for game environments, in addition to conducting research and experimentation for the enhancement of user experiences through AI integrations.
What makes us truly awesome is everyone's s","AI Engineer postings typically ask you to: Develop custom models and algorithms to apply to large datasets, as well as processes for monitoring and analyzing their performance. Write clean, efficient, and well-documented code. Assist with setting up on-prem and cloud infrastructure required for implementing AI solutions. Build AI models to make predictions."
account executive,Account Executive,security,23,9,90000.0,2,8.7,100.0,8.7,"Cybersecurity, Machine Learning, Risk Management, SAP, Segment, Excel",Account Executive (IT & Cyber Security),"Impact Networking, LLC","Description
Impact is hiring B2B Technology Accounts Executives for our Nationally ranked Best and Brightest Workplace!
The main responsibilities of an Account Executive will be evaluating prospective clients with discovery, analysis, and ultimately recommendations of strategic solutions. These solutions will leverage Impact’s Managed Services to address the core challenges and objectives that are uniquely identified for each customer.
The Account Executive will have the ability to solve business problems, drive innovation and consult on long-term business roadmaps for our clients by following our consultative and thorough sales process. As an Account Executive you will:
Solve Business Problems
- Conduct discovery with clients to identify business needs as is pertains to IT, Cyber Security, Digital Transformation & Marketing. Translate into a recommendation that brings together the solution and the value to the organization.
Drive Innovation
- Bring precision to a client's decision-making process by presenting and evaluating solution options and aligning decision makers.
Become a Trusted Business Advisor
- Exhibit through storytelling and our Business Transformation Assessment how ",Account Executive postings typically ask you to: Research current events and market trends to hunt and identify potential new enterprise customers to qualify sales opportunities.
information security engineer,Information Security Engineer,security,22,20,136250.0,2,81.8,80.0,22.7,"Cybersecurity, Incident Response, Risk Management, Firewalls, Software Architecture, Linux",Information Security Engineer III,Simmons Bank,"It's fun to work in a company where people truly BELIEVE in what they're doing!
We're committed to bringing passion and customer focus to the business.
Position Summary
Information Security Engineers are responsible for the design, implementation and maintenance solutions that protect our customers and data. You’ll join a team of associates dedicated to keeping adversaries out of the corporate network by taking steps to ensure the confidentiality, integrity and availability of Simmons information systems.
Essential Duties And Responsibilities
Designs, implements, and monitors information security systems
Identifies and defines system security requirements
Designs computer security architecture and develops detailed cybersecurity designs
Evaluates new technologies and processes that enhance security capabilities
Prepares and documents standard operating procedures and protocols
Configures and troubleshoots security infrastructure devices
Communicates security concerns to management in a timely manner
Provides security guidance for other technology and business projects to ensure their security
Provides assistance to system users related to information systems security matters
Acts a","Information Security Engineer postings typically ask you to: Conduct technical investigation of security related incidents and post incident digital forensics to identify causes and recommend future mitigation strategies. Provide security consulting on large projects for internal clients to ensure conformity with corporate information, security policy, and standards. Review and correlate security logs. Identify security vulnerabilities and issues, perform risk assessments, and evaluate remediation alternatives."
ux/ui designer,Ux/ui Designer,design_ux,22,21,102500.0,4,63.6,40.0,45.5,"User Research, Figma, Prototyping, HTML, CSS, Data Analysis",Senior UX/UI Designer,MDA Edge,"Benefits: Medical, Dental, Vision, Life insurance, Paid time off, Matching 401k, Mental health benefits.
Duties & Responsibilities
Collaborate with Product Managers and Key Stakeholders to understand project goals, target audience, and user requirements.
Conduct user research and usability testing to gather insights and inform design decisions.
Create wireframes, prototypes, and high-fidelity designs that effectively communicate interaction and design concepts.
Develop user flows, information architecture, and navigation maps to guide the user experience.
Design visually appealing user interfaces that adhere to brand guidelines and maintain consistency across platforms.
Iterate designs based on feedback, user testing, and data analysis to continuously improve the user experience.
Collaborate with developers to ensure seamless implementation of design concepts and provide guidance throughout the development process.
Stay up to date with industry trends, best practices, and emerging technologies to incorporate innovative design solutions.
Advocate for user-centered design principles and educate stakeholders on the importance of UX/UI design in achieving business goals.
Excellent coll","Ux/ui Designer postings typically ask you to: Create and maintain documents and specs that would drive UX/UI concepts from inception to ship. Work Location: Hybrid City: Surrey Type: Permanent About Delta Controls Inc. Conduct user research and usability testing to gather insights and inform design decisions. Create wireframes, prototypes, and high-fidelity designs that effectively communicate interaction and design concepts."
guidewire business analyst,Guidewire Business Analyst,product,22,5,,0,81.8,50.0,9.1,"SQL, Unit Testing, ETL",Guidewire Business Analyst - Senior Associate,PwC,"Specialty/Competency:
Guidewire
Industry/Sector:
Insurance
Time Type:
Full time
Travel Requirements:
Up to 80%
A career within Functional and Industry Technologies services will provide you with the opportunity to build secure and new digital experiences for customers, employees, and suppliers. We focus on improving apps or developing new apps for traditional and mobile devices as well as conducting usability testing to find ways to improve our clients’ user experience. As part of our team, you’ll help clients harness technology systems in financial services focusing on areas such as insurance, sales performance management, retirement and pension, asset management, and banking & capital markets.
To really stand out and make us fit for the future in a constantly changing world, each and every one of us at PwC needs to be a purpose-led and values-driven leader at every level. To help us achieve this we have the PwC Professional; our global leadership development framework. It gives us a single set of expectations across our lines, geographies and career paths, and provides transparency on the skills we need as individuals to be successful and progress in our careers, now and in the f","Guidewire Business Analyst postings typically ask you to: Review your work and that of others for quality, accuracy and relevance."
expression of interest crestron control systems programmer,Expression Of Interest Crestron Control Systems Programmer,engineering,22,1,105000.0,1,0.0,100.0,100.0,C++,EXPRESSION OF INTEREST- CRESTRON CONTROL SYSTEMS PROGRAMMER - VIRTUAL - ATLANTA,J. Patrick & Associates,"Job Description
EXPRESSION OF INTEREST- CRESTRON CONTROL SYSTEMS PROGRAMMER – VIRTUAL/REMOTE
Looking for your next career move in AV, but not sure where to start?
Who We Are
J. Patrick & Associates focuses on recruiting for AV technical, sales and management talent.
We have continuous demand from our hiring firm partners for strong hands-on AV technical talent, and can connect you to the right opportunity to accelerate your career.
I’m ready! How do we get started?
Just apply to this role below and one of our recruiters will contact you to discuss your career needs in depth. The J. Patrick AV Recruiting team will work to identify suitable situations that meet your requirements.
Feel free to apply to other AV roles at https://www.jpatrick.com/av-vtc
Many of our AV Systems Integrator hiring firms are seeking CRESTRON PROGRAMMERS in ATLANTA to service clients in the Metro region.
The ideal candidate will have demonstrated experience with AV systems and gained relevant certifications in Crestron Programming, and other programming languages such as AMX, C#, and C++.
This position involves creating code for advanced control and audiovisual systems. Crestron certifications are REQUIRED. A",Postings for Expression Of Interest Crestron Control Systems Programmer do not phrase their day-to-day duties consistently enough to summarise automatically.
manufacturing test engineer,Manufacturing Test Engineer,qa,22,19,,0,45.5,0.0,13.6,"C++, SAP, Python, Machine Learning, Linux",Senior Manufacturing Test Engineer,Raytheon UK,"Job Title; Senior Manufacturing Test Engineer
Location; Glenrothes, Fife, Scotland.
We are seeking a highly skilled and motivated Senior Manufacturing Test Engineer to join our dynamic team.
As a Senior Manufacturing Test Engineer, you will play a pivotal role in enhancing technical customer stewardship and driving continuous improvement in quality and efficiency within our Unit Build & CCA manufacturing area.
Main Duties:
Life cycle ownership for test costs and efficiency
Continually improve existing test solutions through yield analysis, test time reduction, faster diagnostic process etc.
Drive through corrective actions to improve efficiencies & product quality
Specify top level test requirements for new products and introduce them into production efficiently
Support production in high level of diagnostics
Technical advancement / mentorship of diagnostic technicians & engineers.
Enhance customer stewardship, by providing effective solutions to problems and future demands
Provide input to design authorities for successful DFM/DFT implementation
Provide input to business capture team for bid and proposal purposes
Active team member
Candidate Requirements:
Essential:
Minimum of HND","Manufacturing Test Engineer postings typically ask you to: Write up test plans for products. Manage test equipment material list and asset tracking. Test Software Development: Develop test software modules using Universal Software Test Architecture (USTA), leveraging programming languages such as C and Visual Basic. Train assembly and technical support staff on troubleshooting equipment and product issues and root cause evaluation."
cmm programmer,Cmm Programmer,engineering,22,19,84760.0,2,36.4,0.0,18.2,Excel,CMM Programmer,TRIGO Aerospace Defense & Rail,"Position Summary:
Under general supervision and reporting to the Director of Quality Operations, the CMM Programmer serves as a vital link between Tadra and our Prime Aerospace customers. Working onsite at our customers’ location, you are the liaison with executive management and all functional departments to understand customer requirements and to drive results. Applicants must have solid aerospace, program management and manufacturing experience with well-developed interpersonal skills and the ability to develop strong relationships.
Essential Functions:
The essential functions include, but are not limited to the following:
CMM Programming skills in a variety of programming languages, such as: PCDMIS, CALYPSO, or other programming languages
Must have exceptional knowledge of GD&T (ASME Y14.5) and drawing interpretation.
Prepare inspection reports and maintain files of inspection documents.
Review inspection records received for compliance.
Maintain inspection and measuring equipment.
Prepare and coordinate Non-Conformance Reports (NCRs) for nonconforming parts.
Will manage all training, management of the lab scheduling of work to be performed and setting priorities.
Performs othe","Cmm Programmer postings typically ask you to: Provide quality support for all facets of manufacturing - first piece, in-process, incoming, final inspection. Maintain safety and quality standards using acceptable housekeeping practices and 5s processes on equipment and work area. Perform audits of work areas to ensure compliance with VirTra ISO 9001 procedures and Lean Manufacturing Principles. Work with the team to meet manufacturing deadlines."
cybersecurity operations manager,Cybersecurity Operations Manager,security,22,3,130000.0,1,100.0,100.0,95.5,"Cybersecurity, Incident Response, Linux, VMware, Windows, Splunk",Cybersecurity Operations Manager,WPS Health Solutions,"U.S. citizenship is required for this position due to Department of Defense restrictions.
Who We Are
WPS Health Solutions is a leading not-for-profit health insurer and federal government contractor headquartered in Wisconsin. WPS offers health insurance plans for individuals, families, seniors, and group health plans for small to large businesses. We process claims and provide customer support for beneficiaries of the Medicare program and manage benefits for millions of active-duty and retired military personnel across the U.S. and abroad. WPS Health Solutions has been making health care easier for the people we serve for more than 75 years. Proud to be military and veteran ready.
Culture Drives Our Success
WPS’ Performance-Based Culture is where the great work and innovations of our people are seen, fueled, and rewarded. We accomplish this by creating an inclusive and empowering employee experience. We recognize the benefits of Diversity, Equity, and Inclusion as an investment in our workforce—both current and future—to effectively seek, leverage, and include diverse perspectives that fuel agility and innovation on high-performing teams. This results in people bringing their auth",Postings for Cybersecurity Operations Manager do not phrase their day-to-day duties consistently enough to summarise automatically.
cybersecurity,Cybersecurity,security,22,11,167675.0,4,54.5,50.0,18.2,"Cybersecurity, Incident Response, Risk Management, AWS, Azure, Oracle",Cybersecurity / Privacy Attorney,BCG Attorney Search,"Practice Area: Data Privacy - Transactional, Job Type: Attorney,
Firm Type: Law Firm, Experience: 3 Years, Park City office of a BCG Attorney Search Top Ranked Law Firm seeks a cybersecurity/privacy attorney with 3+ years of experience. The candidate will assist the clients in all aspects of privacy and cybersecurity, including strategic counseling, compliance, incident response and defense of regulatory actions, data breach investigations, and cyberattacks. Work involves data breach prevention and remediation, training, and reviewing safeguards designed to meet clients' unique needs and circumstances. Must have hands-on experience advising clients on state and federal privacy laws and conducting deal diligence in financing and commercial transactions. Prior experience with data breach response and defense of enforcement actions brought by state attorneys general, FTC, OCR/HSS, SEC Cybersecurity unit, and the EU regulators would be a plus. Must be admitted to practice in Utah, Idaho, Montana, or Nevada.Additional Skills: The candidate should have experience with information security and privacy using sound judgment to provide strategic legal counsel to business leaders throughout t","Cybersecurity postings typically ask you to: Work involves data breach prevention and remediation, training, and reviewing safeguards designed to meet clients' unique needs and circumstances. Assist in the development and implementation of secure coding practices, conducting training sessions for developers on secure coding and security awareness. Assist in the design, development, and testing of backend or front-end web-based systems. Assist in the design, development, and testing of robust, scalable microservices."
sentinel,Sentinel,devops,22,2,135450.0,2,95.5,0.0,9.1,,Sentinel (GBSD) - Principal/Sr. Principal Systems Engineer - Communication - (C3SS)(6805-1),Northrop Grumman,"At Northrop Grumman, our employees have incredible opportunities to work on revolutionary systems that impact people's lives around the world today, and for generations to come. Our pioneering and inventive spirit has enabled us to be at the forefront of many technological advancements in our nation's history - from the first flight across the Atlantic Ocean, to stealth bombers, to landing on the moon. We look for people who have bold new ideas, courage and a pioneering spirit to join forces to invent the future, and have fun along the way. Our culture thrives on intellectual curiosity, cognitive diversity and bringing your whole self to work - and we have an insatiable drive to do what others think is impossible. Our employees are not only part of history, they're making history.
Embark on a career putting innovative, reliable, and agile products and ideas into orbit, and beyond. Northrop Grumman has opportunities waiting for you that play a vital role in human space exploration, national defense, and scientific discovery, supporting multiple programs across the universe. With us, you'll discover a culture of curiosity and collaboration that will have you Defining Possible from th",Postings for Sentinel do not phrase their day-to-day duties consistently enough to summarise automatically.
controls systems engineer,Controls Systems Engineer,devops,22,13,99755.0,2,50.0,0.0,13.6,"MATLAB, C++, Excel, Linux, System Design, .NET",Senior Controls Systems Engineer,Blue Signal Search,"Upgrade your resume prior to applying with
resumeandcareerservices.com
.
Our client is a leader in the plastics and manufacturing industry, providing solutions and services to customers nationwide. They are actively seeking a seasoned Senior Control Systems Engineer to join their dedicated team. This role requires an individual with a comprehensive understanding of control theory, system architecture, and hands-on experience with real-time control systems to drive innovative solutions.
The Senior Control Systems Engineer will champion the design, development, and optimization of advanced control systems for a diversified range of projects, ensuring alignment with the company's vision and client needs.
This Role Offers:
Competitive base salary, performance bonuses, medical/dental/vision, 401(k) match, etc.
A long-time established company with excellent industry recognition within packaging.
Inviting and tight-knit culture that stems from the family-run business model and leadership.
Major growth opportunity in the dynamic, fast-growing packaging industry.
Gain industry knowledge and mentors by working alongside seasoned professionals.
Strong record of corporate responsibility, emplo","Controls Systems Engineer postings typically ask you to: Work in a Linux-based environment leveraging third-party and open-source code where appropriate. Design, develop, and oversee PLC, Advanced Motion, and HMI Programs tailored to project needs and client specifications. Collaborate closely with cross-functional teams, ensuring seamless integration of control systems. Analyze client requirements in-depth, translating them into actionable project plans and strategies."
technical support manager,Technical Support Manager,it_support,22,19,105000.0,1,100.0,75.0,18.2,"Helm, CI/CD, Windows, Java, Oracle, Linux",Technical Support Manager,GTS International,"Job Title:
Manager, Technical Support
About Us: We're on the lookout for a seasoned Technical Support Manager to take the helm of our technical support operations. This pivotal role involves overseeing the entire lifecycle of helpdesk tickets, providing hands-on support to customers and internal teams, crafting technical training materials, and actively participating in the testing of our cutting-edge CCTV products. If you have a solid background in a technical field, particularly within the realms of CCTV or IT, and possess top-notch problem-solving and communication skills, we want to hear from you.
Key Responsibilities:
Helpdesk Oversight:
Steer the lifecycle of helpdesk tickets from initiation to resolution, collaborating with different departments to ensure optimal solutions.
Field calls and emails from customers, offering fault-finding assistance and general technical support. Technical Training and Onboarding:
Develop and deliver technical training programs for engineers and customers.
Provide technical onboarding and guidance to customers, ensuring their proficiency in utilizing our products. Product Evaluation and Testing:
Conduct hands-on testing of CCTV products to detec","Technical Support Manager postings typically ask you to: Provide technical onboarding and guidance to customers, ensuring their proficiency in utilizing our products. Work closely with cross-functional teams from all Task Orders to identify and mitigate technical risks. Ensure appropriate staffing and assignment of tasks to developer staff. Provide phone support on technical issues for sales engineering, warranty, field sales organization, and customers."
snowflake developer,Snowflake Developer,engineering,22,16,,0,59.1,10.0,45.5,"Snowflake, Python, Azure, SQL, Data Warehousing, Databricks",Snowflake Developer,Quantum Integrators,"Role:
Snowflake Developer
Location: New York, NY - Onsite
Duration: 6+ Months
W2 Consultants Preferred
Job Descripion:
Required Technical and Professional Expertise
8-10 years of experience with Information Technology;
7+ years in Data Warehouse and ETL development and 4+ years of strong experience in designing and implementing a fully operational solution on Snowflake Data Warehouse.
Excellent understanding of Snowflake Internals and integration of Snowflake with other data processing and reporting technologies
Hands-on experience with Snowflake utilities like SnowSQL, SnowPipe, experience in administering Snowflake, experience with data loading from cloud (Azure) & APIs etc.
Experience with creating dbt (data build tool) models for snowflake
Thanks & regards
Vibha Patel
vibha.patel@quantumintegrators.com
Show more
Show less","Snowflake Developer postings typically ask you to: Perform code reviews to ensure fit to requirements, optimal execution patterns and adherence to established standards. Collaborate with stakeholders to understand data needs, architect data models, and ensure data accuracy and integrity. Optimize Snowflake performance by implementing best practices and fine-tuning queries. Develop and maintain ETL processes and pipelines for data ingestion and transformation within Snowflake."
project developer,Project Developer,engineering,21,13,113500.0,3,61.9,100.0,42.9,Excel,Senior Project Developer (Renewable Energy),Michael Page,"100% remote role |Ability to work on large utility-scale projects
About Our Client
Our client is a leading player in the renewable energy sector, committed to driving sustainable energy solutions across the United States. They are dedicated to the development, construction, and operation of utility-scale wind, solar, and storage projects within WECC, MISO, and PJM markets.
Job Description
The Senior Project Developer (Renewable Energy) will be responsible for:
Lead the end-to-end development process for utility-scale solar and storage projects, from site identification and permitting to financial modeling and stakeholder engagement.
Stay up-to-date with the regulatory, market, and policy trends in the PJM and MISO markets, identifying opportunities and mitigating risks.
Identify and evaluate potential project sites, considering land acquisition, environmental, and grid interconnection requirements.
Oversee the permitting process, ensuring compliance with local, state, and federal regulations.
Create and maintain financial models to assess project feasibility, ROI, and risk analysis.
Develop and maintain relationships with key stakeholders, including landowners, local communities, u","Project Developer postings typically ask you to: Identify and evaluate potential project sites, considering land acquisition, environmental, and grid interconnection requirements. Oversee the permitting process, ensuring compliance with local, state, and federal regulations. Create and maintain financial models to assess project feasibility, ROI, and risk analysis. Develop and maintain relationships with key stakeholders, including landowners, local communities, utilities, and regulatory bodies."
aem developer,Aem Developer,engineering,21,15,135000.0,1,38.1,37.5,38.1,"Java, JavaScript, HTML, CSS, XML, React",AEM Developer,eJAmerica,"Job Description:
We are seeking a skilled and experienced AEM Developer to join our dynamic team. As an AEM Developer, you will be responsible for designing and building components, templates, dialogs, and workflows using the Adobe Experience Manager (AEM) architecture, including Sling, CRX, OSGI, and JCR. Your role will also involve preparing platform setups and other project standard documents for AEM projects, as well as developing strong relationships and technical understandings with clients.
Key Responsibilities:
Design and build components, templates, dialogs, and workflows using the AEM architecture (Sling, CRX, OSGI, JCR).
Prepare platform setups and other project standard documents for AEM projects.
Develop and maintain good relations and technical understanding with clients.
Configure websites and develop various dynamic components in AEM.
Participate in software design, development, and implementation using standard WCM and/or eCommerce platforms such as Adobe AEM (CQ), SDL Tridion, Sitecore, Fatwire, CrownPeak, hybris, Oracle/ATG Demandware, Intershop, and IBM WebSphere Commerce.
Serve as a subject-matter expert and be the ""go-to"" person for key disciplines.
Demonstrat",Aem Developer postings typically ask you to: Provide input into estimating engagement activities and execute engagements following the Agile methodology including SCRUM. Document knowledge and best practices. Lead the specification and software design phases of the software development life cycle. Manage the design and implementation of new software development and enhancement efforts and software testing with other technologists.
database architect,Database Architect,database,21,20,140000.0,3,42.9,50.0,28.6,"SQL, Data Governance, Oracle, ETL, Big Data, MongoDB",Senior Database Architect,ManTech,"Secure our Nation, Ignite your Future
Become an integral part of a diverse team while working at an Industry Leading Organization, where our employees come first. AtManTech,you’ll help protect our national security while working on innovative projects that offer opportunities for advancement.
Currently,ManTechis seeking a motivated, career and customer-oriented
Database Architect
to join our team in the
Ft
.
Detrick
,
MD
area. This is anonsiteposition.
Responsibilities include but are not limited to:
Design strategies for enterprise database systems and set standards for operations, programming, and security.
Design and construct large relational databases.
Integrate new systems with existing warehouse structure and refine system performance and functionality.
Basic Qualifications:
A minimum of 4 years of relevant experience is required
Experience working as a Database Architect with one or more of the following databases: MongoDB, Postgres, Elastic
Experience with ETL and Big Data
Experience or knowledge of SAFe, Agile Scrum and Kanban
Strong attention to detail
Ability to take initiative and solve problems independently
Strong follow through, verbal and written communication skil",Database Architect postings typically ask you to: Design and construct large relational databases. Support data synchronization efforts. Create and optimize data models and scripts to automate database workflows and ETL processes. Collaborate closely with BI and IT leadership to shape the future of DevOps at SVP.
servicenow business analyst,Servicenow Business Analyst,product,21,18,93075.0,3,23.8,57.1,66.7,"ServiceNow, DevOps, System Design, Jira, Agile / Scrum",ServiceNow Business Analyst,SPECTRAFORCE,"Role:ServiceNow Business Analyst
Location: Chicago, IL (Hybrid)
Duration: 06+ Months
Project Overview
The ServiceNow Business Analyst is responsible for gathering IT and business stakeholder requirements related to ServiceNow and partnering with the ServiceNow Application Architect and development team to transform the requirements into a viable solution. This BA will be working on the following initiatives: Data Integrity, Onboarding Module implementation
QUALIFICATIONS (Must Haves)
At least 3 years in a ServiceNow business analyst role Deep knowledge of ITSM processes, including Request Management, Change Management, Configuration Management, Incident Management and Problem Management. Experience working in a global setting Excellent communication skills (both written and verbal) Strong interpersonal skills. Ability to build positive relationships with key stakeholders. Strong analytical and problem solving skills. You have a Bachelor’s Degree and bring 5+ years of experience with the ServiceNow platform
You have experience with the ServiceNow modules and capabilities including ITSM, ITAM, ITOM, CSDM, CMDB, Discovery, DevOps, APM, Vulnerability, HR, GRC and Integration HUB. Onboa","Servicenow Business Analyst postings typically ask you to: Work alongside leaders to maintain awareness of the customer experience team's progress and achievements. Document enhancements for developers to implement in SNOW environment. Work closely with stakeholders and product management to gather, analyze, and prioritize requirements. Ensure quality delivery by working with development to ensure solutions meet the stakeholders' requirements and are adequately tested by QA."
college of it ft instructor software engineer,College Of IT Ft Instructor Software Engineer,engineering,21,1,74900.0,1,0.0,,0.0,,College of IT: FT Instructor- Software Engineering (Programming in Angular & Python),Western Governors University,"The salary range for this role takes into account the wide range of factors that are considered in making compensation decisions including but not limited to skill sets; experience and training; licensure and certifications; and other business and organizational needs.
At WGU, it is not typical for an individual to be hired at or near the top of the range for their role, and compensation decisions are dependent on the facts and circumstances of each case. A reasonable estimate of the current range is:
Pay Range: $59,900.00 - $89,900.00
If you’re passionate about building a better future for individuals, communities, and our country—and you’re committed to working hard to play your part in building that future—consider WGU as the next step in your career.
Driven by a mission to expand access to higher education through online, competency-based degree programs, WGU is also committed to being a great place to work for a diverse workforce of student-focused professionals. The university has pioneered a new way to learn in the 21st century, one that has received praise from academic, industry, government, and media leaders. Whatever your role, working for WGU gives you a part to play in",Postings for College Of IT Ft Instructor Software Engineer do not phrase their day-to-day duties consistently enough to summarise automatically.
azure data engineer,Azure Data Engineer,data,21,20,121680.0,3,47.6,58.3,57.1,"Azure, SQL, Databricks, ETL, DevOps, Power BI",Senior Azure Data Engineer,Wise Skulls,"Title: Senior Azure Data Engineer
Location: Weehawken, NJ [Day 1 Onsite (Hybrid)]
Duration: 6+ Months (Possibility of Extension)
Implementation Partner: Infosys
End Client: To be Disclosed
Jd
In your role as a Senior Azure Data Engineer, you will be responsible for designing data and pipeline architectures for streaming data, and for optimizing data collection and flow
across functional teams. Your responsibilities include assisting mentoring junior data engineers, working with artificial intelligence engineers, software developers, data analysts, and data scientists with data initiatives and ensuring a consistent data delivery architecture is put in place throughout ongoing projects. Our ideal candidate for this position has expertise in designing pipelines using Data Brick, Azure Data Factory, expertise in Python, SQL and NoSQL databases. Spark-SQL.
Your Skills (Responsibilities)
Experience designing batch and streaming data processing architectures.
Create a framework for cleansing, mapping, transforming, optimizing data for storage and use according to business and technical requirements.
Solution design using Databricks, Azure Data Factory, Microsoft Azure services and other t","Azure Data Engineer postings typically ask you to: Design & implement Security framework, incl. Implement automation and streamline processes to optimize the entire data and analytics platform, ensuring efficient throughput and high-performance outcomes. Develop processes that facilitate data transformation, manage data structures, metadata, dependencies, and workload management. Collaborate with business users to understand functional and data requirements, contributing to the enhancement of data models and pipelines."
healthcare data analyst,Healthcare Data Analyst,data,21,17,73774.0,4,14.3,88.9,42.9,"SQL, Data Analysis, Python, Excel, SAS, Data Modeling",Healthcare Data Analyst II,Boston Children's Hospital,"This Healthcare Data Analyst II will be responsible for…
Researching, designing, developing, implementing, and maintaining reporting and analytical facilities in the context of the hospital's clinical and/or financial systems. Collaborating with clinical and administrative staff to ensure that reports are timely, accurate, meaningful, and interpretable. Ensures that analyses and reports provide detailed, specific data regarding performance of individuals, teams, programs, divisions, and the department as a whole.
Generating reports from a variety of internal and external sources, including benchmarking databases e.g. PHIS, PACT, and specialty-specific registries.
Performing standardized data validation activities to ensure the highest quality information for decision-making.
Using visualization tools and techniques creates dashboards and reports for decision-making.
Building new databases as needed, and maintaining a valid and accurate data repository to ensure availability of required information. Advising on the development of data collection and management systems. Defining specifications for key data elements, data collection procedures, and integrity of databases. Improving an","Healthcare Data Analyst postings typically ask you to: Work closely with team members to support successful outcomes. Coordinate and provide the necessary information for analysis studies on existing and new. Lead, analyze, and present. Perform analysis to assess quality and meaning of data."
nlp team engineer,NLP Team Engineer,ai,21,2,,0,100.0,100.0,4.8,NLP,NLP Team Lead Engineer,STOITECH Executive Search and Placement,"Are you an experienced NLP Engineer with in-depth expertise in computational linguistics, artificial intelligence, programming, and a strong understanding of fundamental NLP concepts?
RYTE, a breakthrough Artificial Intelligence health tech company is looking for an NLP Team Lead Engineer who will contribute to pushing the boundaries of RYTE’s natural language processing capabilities and driving innovation within the company’s linguistic technology initiatives.
Finding the right physician, selecting the organization providing the most suitable service, and obtaining the most relevant health information, whether in the US or globally, can be complex and filled with uncertainty. Enter RYTE: an AI-driven platform designed to simplify this process. By analyzing data from millions of healthcare providers, experts, medical procedures, clinical outcomes, and a variety of other data points, RYTE offers users a comprehensive view of their options, uniquely tailored to their needs. It offers:
Personalized Recommendations: Based on your specific situation, RYTE's platform presents the best healthcare options for you, no matter where you are in the world.
Unprecedented Insights: With billions ",Postings for NLP Team Engineer do not phrase their day-to-day duties consistently enough to summarise automatically.
firmware design engineer,Firmware Design Engineer,engineering,21,8,156950.0,2,52.4,11.1,42.9,"C++, Bash, Python, System Design",Firmware Design Engineer - 46531BR,Synopsys Inc,"At Synopsys, we’re at the heart of the innovations that change the way we work and play. Self-driving cars. Artificial Intelligence. The cloud. 5G. The Internet of Things. These breakthroughs are ushering in the Era of Smart Everything. And we’re powering it all with the world’s most advanced technologies for chip design and software security. If you share our passion for innovation, we want to meet you.
Our Silicon IP business is all about integrating more capabilities into an SoC—faster. We offer the world’s broadest portfolio of silicon IP—predesigned blocks of logic, memory, interfaces, analog, security, and embedded processors. All to help customers integrate more capabilities. Meet unique performance, power, and size requirements of their target applications. And get differentiated products to market quickly with reduced risk.
Firmware Design Engineer
Seeking a highly motivated and innovative firmware engineer. The candidate would be working as part of a highly experienced PHY IP team, and be involved in developing firmware for embedded processors in current and next generation SerDes products. The position offers an excellent opportunity to work with an expert team of engine",Postings for Firmware Design Engineer do not phrase their day-to-day duties consistently enough to summarise automatically.
sap abap developer,SAP Abap Developer,engineering,20,15,100880.0,3,30.0,50.0,40.0,"SAP, Unit Testing, Java, CI/CD, Jenkins, HTML",SAP ABAP Developer,CACI International Inc,"Job Category: Information Technology
Time Type: Full time
Minimum Clearance Required to Start: Public Trust
Employee Type: Regular
Percentage of Travel Required: Up to 10%
Type of Travel: Continental US
CACI’s Agile Digital Solutions Operating Group is searching for individuals who can deliver application development and support for NASA's enterprise business systems. Selected candidates will deliver and sustain capabilities in a fast-paced SAFe agile development environment. Work includes collaborating on systems and solutions supporting large portfolios from business, analysis, technical, systems, data, and enterprise functions.
More About The Role
Serve as an SAP ABAP Developer as we develop, test, debug, implement, maintain and document solutions in an SAP NetWeaver application. Responsibilities include creating, modifying and maintaining Reports, Interfaces, Conversions, Extensions, Forms and Workflows (RICEFW) objects on ECC, CRM, SRM and other SAP systems which support the mission specific requirements of our client. Selected candidate(s) will:
Implement SAP ABAP software applications and interfaces within SAP NetWeaver instances
Develop, test, debug, implement, maintain and","SAP Abap Developer postings typically ask you to: Design, develop and maintain SAP interfaces using various technologies such as RFC, IDoc, ALE, and Web services. Work on Smart Form and Adobe Forms. Develop and maintain custom workflow. Collaborate with functional consultants and end-users to understand business requirements and provide technical solutions that meet their needs."
azure cloud engineer,Azure Cloud Engineer,devops,20,17,124800.0,3,45.0,85.7,35.0,"Azure, PowerShell, Terraform, Windows, DevOps, Active Directory",Azure Cloud Engineer,Motion Recruitment,"A Philly based software company is looking to hire an Azure Cloud Engineer to design and implement their cloud environment. This is currently a hybrid environment and they are looking for an Engineer who can migrate, upgrade, and design Azure solutions. You will be working with multiple Azure solutions including compute, network, identity management, and M365.
In this role, you will be working closely with development, database, and network teams to ensure Cloud technologies are implemented and engineered properly to better the business. The ultimate goal of this role is to design and deploy secure Cloud solutions. You will be playing a critical role within the company so they need someone who can hit the ground running and is up for a challenge. Required Skills & Experience
3-5 Years’ Azure Cloud Expertise
Experience with on prem, virtual, and Cloud servers, Windows
Azure Compute Expertise, IaaS, migrations, engineering
Azure Networking Experience, Virtual WAN, Azure Firewall
M365 Expertise, Active Directory, O365, GPOs, etc.
Scripting Experience, powershell, bash, python
Desired Skills & Experience
SaaS Exposure
Azure or VMware Certifications
What You Will Be Doing Tech Breakdown","Azure Cloud Engineer postings typically ask you to: Assist in managing, enhancing and monitoring the environments to ensure maximum value. Provide on-going support of hosted applications and infrastructure. Partner with other functional IT teams to deliver secure, reliable solutions information systems. Maintain an organized and accurate inventory of architected solutions and systems."
project manager,Project Manager,product,20,13,122500.0,2,100.0,12.5,40.0,"Power BI, Cybersecurity, Alteryx, Excel, Tableau, SAP",Sr. Project Manager (Multifamily Developer),Michael Page,"Opportunity to work for a local developer w/ excellent company culture|Industry leading compensation packages
About Our Client
My client is a St. Louis based development firm with projects in the multifamily space. Their projects can range upwards of $50M in scope. In recent years, they have made efforts to expand into new markets - luxury apartments and commercial projects. They take part in early phases of the construction process for their clients to maximize the value and quality of projects. Their focus on innovation has allowed them to grow rapidly, resulting in multiple needs within their business. They are developing projects all across the U.S. and looking to add a Senior Project Manager to handle the team and build lasting relationships with their current and prospective clients.
Job Description
Overseeing and managing multiple projects simultaneously, ensuring that they are delivered on time, within budget, and to the satisfaction of stakeholders.
Developing project plans, defining project scope, goals, and deliverables, and identifying required resources and budget.
Leading project teams, assigning tasks, monitoring progress, and providing guidance and support as needed","Project Manager postings typically ask you to: Ensure adherence to the STERIS PMO project management process and accurate/effective updates to STERIS leadership and our Customers. Identify critical issues and contingency plans on projects. Prepare and present reports defining project progress, problems, and solutions for Custom. Work collaboratively in teams and across organizations."
embedded firmware engineer,Embedded Firmware Engineer,engineering,20,16,152622.0,4,60.0,16.7,30.0,"C++, Python, Linux, MATLAB, REST API, System Design",Principal Embedded Firmware Engineer,GivEnergy,"Principal Embedded Firmware Engineer
Location: Fully on-site in our manufacturing site in Stoke -on-Trent, ST6 4PB. You must have the ability to reliably commute, or plan to relocate before starting work.
Schedule: Monday – Friday, 9am – 5pm.
Experience Level: Due to the nature of the role, a high level experience in a similar role is preferred.
Salary: £60,000k - £70,000k pa depending on experience (plus performance bonus scheme).
Who Are We?
GivEnergy is a leading manufacturer of electronic equipment designed to manage domestic and commercial energy use and production. We specialise in our range of inverters and battery systems which allow our users to store their renewable/cheap-rate energy, ease pressure on the grid and save some serious money!
What you’ll be doing:
We’re looking for a Principal Embedded Firmware Engineer to join our Product Team. The role will involve the understanding and analysis of firmware and algorithm requirements and the latest IOT Security Standards. The role will be responsible for the specifications, design, implementation, and test.
You’ll be part of a small team and will have the ability to influence the design and implementation of innovative new ","Embedded Firmware Engineer postings typically ask you to: Ensure that communications protocols correctly interface with customer’s equipment. Provide product support from early concept, through product development and throughout production. Develop software for complex processing algorithms using both open source and internally developed libraries and APIs. Support the development of kernels and drivers for ARM Linux-based operating systems."
cloud data engineer,Cloud Data Engineer,data,20,13,130000.0,3,75.0,92.3,65.0,"Python, Azure, ETL, AWS, Redshift, Databricks","Senior Cloud Data Engineer - GBP70,000",Nigel Frank International,"Senior Cloud Data Engineer - £70,000
I am working with a market leading manufacturer of specialist medical equipment who are looking for a Senior Cloud Data Engineer at the start of a number of exciting data driven projects. You would be joining at the start of a greenfield project where you will be responsible for the data migration, development and maintenance of the brand new Azure Data Platform!
The overall goal of the business and ultimately this role is to deliver data to healthcare professionals to aid with rehabilitation of patients. You will join a close-knit team, with talented professionals who specialise in a number of areas including software development and data science. You will be the in house expert for the team on all things data engineering and will take the lead on the creation, development and maintenance of the Azure data platform.
As part of this role, you will be responsible for some of the following areas.
Design, maintain and optimize both on premise and cloud based database solutions.
Develop and maintain robust ETL pipelines.
Work with other specialists within the team to make technical decisions that will benefit the overall business.
Take the lead of m","Cloud Data Engineer postings typically ask you to: Lead a small team of data platform engineers in the design, development, and implementation of data engineering solutions. Design and implement data pipelines to collect, transform, and load data into data warehouses and data lakes. Maintain and optimize data systems to ensure high availability and performance. Work with other engineering teams to integrate data engineering solutions with other systems."
cloud security engineer,Cloud Security Engineer,security,20,17,147106.0,6,70.0,100.0,25.0,"AWS, Azure, Incident Response, GCP, DevOps, Cybersecurity",Senior Cloud Security Engineer,Reperio Human Capital,"Apply Now
Salary
$140-160k
Location
Georgia, USA
Type
Permanent
Start
ASAP
Senior Cloud Security Engineer
85981
Desired skills:
AWS, Azure, Infrastructure
Our Client is a leading technology company that provides innovative cloud-based solutions to a diverse range of clients across industries. With a focus on security, reliability, and scalability, they deliver exceptional services that help clients leverage the full potential of cloud computing.
This Sr. Cloud Security Engineer will collaborate with various departments within the company to ensure the security, privacy, and compliance of cloud infrastructures. This role requires extensive knowledge and hands-on experience with cloud-based security solutions, preferably in a similar industry.
Responsibilities:
Design, implement, and manage security controls and configurations for our cloud infrastructure across multiple platforms and providers.
Develop and maintain cloud security policies, procedures, and standards to ensure compliance with regulatory requirements and industry best practices.
Conduct regular audits and vulnerability assessments to identify and mitigate potential security risks.
Monitor and analyze security logs, eve","Cloud Security Engineer postings typically ask you to: Collaborate with Engineering and Operations teams on security issues with your deep understanding of secure software, networks, solutions, and architectures. Ensure compliance with regulations and privacy laws. Conduct regular vulnerability assessments and penetration testing to identify weaknesses in the cloud infrastructure and applications. Ensure compliance with industry specific security standards (e.g."
structural engineer,Structural Engineer,devops,20,1,137834.0,1,40.0,0.0,85.0,,Structural Engineer - Construction Engineering - Kiewit Infrastructure Engineers,Kiewit,"Requisition ID:
169877
Job Level:
Mid Level
Home District/Group:
Kiewit Infrastructure Engineers
Department:
Design Engineering
Market:
Transportation
Employment Type:
Full Time
Position Overview
Kiewit Infrastructure Engineering has an opening for a dynamic Experienced Structural Engineer in our Construction Engineering Services (CES) Group. The role is based out of Lenexa, KS, with the opportunity for flexible work. The ideal candidate will be a part of a growing team that supports all aspects of the construction process by performing innovative design engineering through brainstorming conceptual designs, performing and/or reviewing structural calculations, developing plans, scheduling tasks to meet client needs, as well as mitigating risk to keep our construction crews safe.
Our Construction Engineering Services (CES) Group consists of innovative design engineers whose expertise in designing and building temporary structures adds value to the success of our clients’ projects. Additionally, CES provides on-site engineering and coordination support through leading and collaborating with Kiewit’s construction teams.
Our CES group supports design-build tasks that include: Bridge ere",Postings for Structural Engineer do not phrase their day-to-day duties consistently enough to summarise automatically.
manager software engineer,Manager Software Engineer,engineering,20,8,178500.0,4,100.0,60.0,25.0,"DevOps, AWS, Java, Workday, CI/CD, Distributed Systems",Manager Software Engineering 3,Northrop Grumman,"At Northrop Grumman, our employees have incredible opportunities to work on revolutionary systems that impact people's lives around the world today, and for generations to come. Our pioneering and inventive spirit has enabled us to be at the forefront of many technological advancements in our nation's history - from the first flight across the Atlantic Ocean, to stealth bombers, to landing on the moon. We look for people who have bold new ideas, courage and a pioneering spirit to join forces to invent the future, and have fun along the way. Our culture thrives on intellectual curiosity, cognitive diversity and bringing your whole self to work - and we have an insatiable drive to do what others think is impossible. Our employees are not only part of history, they're making history.
Northrop Grumman Aeronautics Systems has an opening for a
Manager, Software Engineering 3
, to join our team of qualified, diverse individuals. This position is located on site in
Melbourne, FL.
The successful candidate will be responsible for leading software deliverables from proposal through delivery and sustainment. Responsibilities include ensuring the deliverables meet technical quality, cost and sc","Manager Software Engineer postings typically ask you to: Develop requirements and negotiate with the customer where needed;. Provide technical guidance and mentorship to the team members, holding regular car. Develop requirements and negotiate with the customer where needed; develo."
model based systems engineer,Model Based Systems Engineer,devops,19,15,,0,36.8,57.1,36.8,"System Design, Data Modeling, Segment, Jira, Workday, SQL",Sr. Model Based Systems Engineer (MBSE) (ENKG23060),"Air Combat Effectiveness Consulting Group (ACE Group), LLC","Description
POSITION DESCRIPTION AND RESPONSIBILITIES:
A Senior Model-Based System Engineer will support the execution of an advanced research and development program in system engineering/digital engineering. Support the engineering team to establish and manage digital representations of the weapon system’s technical baselines. Guide the analysis and synthesis of Requirements, Interfaces, Behavior, Structure and Parametrics (RIBS-P) across the weapon systems technical baselines utilizing Model-Based Systems Engineering (MBSE)/SysML and various modeling and simulation tools. Provide support in establishing the foundation of a digital engineering environment across various tools and classification levels in support of program priorities. Guide and manage the implementation of the necessary methods, process, tools, training, and network data transfers to establish an efficient, synchronized, and cohesive digital engineering environment across Government and Industry reconciled against the authoritative source of truth.
Perform the following using MBSE tools/methods: requirements analysis/synthesis, requirements definition and management, function analysis, performance analysis, syste","Model Based Systems Engineer postings typically ask you to: Analyze and/or evaluate results of major engineering weapon systems. Support all program milestones, technical reviews, and decision analysis/trade studies. Design and build templates to assist Subject Matter Experts in providing critical system information. Define/refine internal and external interfaces."
flutter developer,Flutter Developer,engineering,19,5,,0,47.4,83.3,31.6,"Firebase, Swift, Git, GraphQL, JSON, GitHub",Flutter Developer,r3 Consultant,"Looking for experienced Flutter developer with the following skills -
Translate and Build the designs and Wireframes into high-quality responsive UI code.
Knowledge regarding state management,
One design pattern like Bloc, Provider or MobX, API integration with HTTP or Retrofit, Google API's integration
Good understanding of Android SDK, Swift, iOS SDK (or) similar cross platform
Experience of handling location services, notifications, 3rd party integration in flutter.
Must have work experience with Flutter SDK and Dart programming language
Strong debugging, aptitude and problem solving skills.
Knowledge on Firebase or Firestore is a plus.
Knowledge in MVVM (model view view model) architecture.
Immediate Joiners Would Be Preferred Over The Others.
Experience Required - 2 to 5 year
Employment Type: Full-time
IMMEDIATE JOINERS ONLY
Show more
Show less",Flutter Developer postings typically ask you to: Ensure high quality of delivered functionality. Design and implement complex features for Flutter applications. Work closely with UI/UX designers to create visually appealing and responsive interfaces. Write efficient queries for core Data.
ux developer,UX Developer,design_ux,19,9,150850.0,2,68.4,100.0,5.3,"CSS, JavaScript, HTML, React, TypeScript, User Research",Principal UI/UX Developer – AI Innovation,Jobs for Humanity,"Company Description
Jobs for Humanity is partnering with Dell to build an inclusive and just employment ecosystem. Therefore, we prioritize individuals coming from the following communities: Refugee, Neurodivergent, Single Parent, Blind or Low Vision, Deaf or Hard of Hearing, Black, Hispanic, Asian, Military Veterans, the Elderly, the LGBTQ, and Justice Impacted individuals. This position is open to candidates who reside in and have the legal right to work in the country where the job is located.
Company Name: Dell
Job Description
Principal UI/UX Developer
The Software Engineering team delivers next-generation application enhancements and new products for a changing world. Working at the cutting edge, we design and develop software for platforms, peripherals, applications and diagnostics — all with the most advanced technologies, tools, software engineering methodologies and the collaboration of internal and external partners.
Join us to do the best work of your career and make a profound social impact as a
Principal UI/UX Developer
on our
AI Innovation Center
Team in
Hopkinton, Massachusetts
.
What You’ll Achieve
As a Principal UI/UX Developer with Dell, your primary responsibilit","UX Developer postings typically ask you to: Conduct user research, usability testing, and gather feedback to inform design decisions and iterate on designs. Create wireframes, user flows, and interactive prototypes to communicate design concepts and interactions effectively. Work closely with development teams to ensure the successful implementation of designs while maintaining design integrity. Design and build scalable, high-performance web applications with a focus on exceptional user experience."
actimize developer,Actimize Developer,engineering,19,13,133120.0,1,52.6,66.7,31.6,"SQL, Oracle, Unix, Java, Jira, Linux",Actimize Developer,Synechron,"Summary:
We are seeking a Actimize Developer. The primary responsibility will be to provide technical expertise and coordinate for day to day deliverables for the team. One need to assist in the technical design of large business systems; builds applications, interfaces between applications, understands data security, retention, and recovery.
Responsibilities:
To be able to design, build and implement customized Actimize solution using Risk Case Manager, Actimize Visual
Modeler, Actimize Designer, Oracle/PLSQL, AUTOSYS JIL and UNIX shell scripts
Agile Development utilizing SCRUM and SDLC. Enjoy working on a diverse set of projects and working part of a fast paced team
Interface with various developers, scrum masters and analyst to prepare designs for new applications and
documents all processes to ensure effective evaluation of all applications in JIRA. Ticket driven work environment with strict standards in JIRA
Analyze and ensure efficient transition of all technical design documents and develop various Actimize packages to provide support to all application developers.
Required Skills :
Delivery focused techno-functional role. Candidates must have more than 5 plus years of devel","Actimize Developer postings typically ask you to: Analyze and ensure the efficient transition of all technical design documents and develop various Actimize packages to provide support to all application developers. Analyze and ensure efficient transition of technical design documents, develop Actimize packages, and provide support to application developers. Research and evaluate alternative solutions and make/implement recommendations. Prepare essential documentation to define requirements, test plan and analysis."
golang developer,Golang Developer,engineering,19,18,,0,52.6,83.3,31.6,"AWS, Java, SQL, Python, Kubernetes, NoSQL",Golang Developer,Diverse Lynx,"Role: Golang Developer
Experience: 7+ Year
Duration: 12+ Months
Location: San Jose, CA- 100% Remote Job
Role
A Golang developer role is to build optimized, scalable, and modular software using required technologies.
You are tasked with developing and coding back-end components and connecting applications to other web services.
Have expertise in implementing micro services (using tools and technologies for messaging, RPC, containerization, etc.)
Experience working with SQL/NoSQL databases, ability to write complex queries and optimize them
Understanding of containerization technologies (Docker, RKT, Kubernetes, etc.)
Basic experience with CI/CD systems (Jenkins, TeamCity, GoCD, Concourse, etc.)
Strong experience working with AWS/Google Cloud
Good experience in Python.
Provable proficiency in Go programming
Excellent written and verbal communication skills
Knowledge in Angular JS and React JS is add on
Portfolio of work with examples that showcase technical skill
Strong analytical skills
Time management and organizational skills
Knowledge of Go templating, common frameworks, and tools
Experience working with a team
Diverse Lynx LLC is an Equal Employment Opportunity employer. All qua","Golang Developer postings typically ask you to: Work as part of an agile scrum team to deliver business value. Perform requirements analysis and estimate work effort, release analysis and deployment. Work with technical lead, solution architect, development, and DevOps team to build quick prototypes leveraging existing or new architecture. Work with other developers in the team and support teams to automate unit testing, deployment, and validation processes."
c# developer,C# Developer,engineering,19,19,125000.0,3,68.4,91.7,63.2,".NET, SQL, Azure, JavaScript, Angular, React",Senior C# Developer,Visionaire Partners,"Senior C# Developer
Exciting opportunity to join a small technology company developing new applications for external clients.
RESPONSIBILITIES:
Backend development in C# .NET 6 on AWS
Participate in the overall application lifecycle
Primary focus on coding, debugging, and writing unit tests
API development
Build high-quality reusable code that can be used in the future
Conduct UI tests and optimize performance
Collaborate with a multidisciplinary team of designers, developers, and system administrators
Participate in conferences and educational programs
Follow new and emerging technologies
Learn about new technologies
Stay up to date with current best practices
This opportunity is a direct hire position located in Norcross. We offer flex hours, a bonus plan, and 401k, etc. Fantastic opportunity to develop next-generation applications. We'll consider helping with relocation expenses for out-of-town candidates.
REQUIRED SKILLS:
3+ years as a backend C# Development
API development experience
SQL and database experience
Knowledge of SOLID Design Principles
Agile experience
Critical thinking and problem-solving skills
Team player
Good organizational and time-management skills
Excellent ","C# Developer postings typically ask you to: Lead the development of software drivers and integration with hardware components including (but not limited to) cameras, motors, optics, lasers, and control boards. Identify bottlenecks and bugs, devise solutions to mitigate and address these issues. Collaborate with cross-functional teams to define, design, and deliver new features and innovative front-end and back-end developments. Provide expert guidance and support in the development and troubleshooting of system integrations and complex software solutions."
audit specialist,Audit Specialist,it_support,19,6,65000.0,1,5.3,100.0,10.5,"SQL, Power BI, Python, Excel",Audit Specialist,FBC Farm and Small Business Tax Consultants,"Position Overview
FBC provides income tax preparation, accounting and consultation services that help Canadian farmers and small business owners minimize their income taxes and maximize their assets. Our unique long-term membership approach is designed to meet customer needs year around and throughout their lifetime. With this approach, we can help customers in ways that other firms cannot.
The
Audit Specialist
responds to CRA queries for assigned Members, contacts the member for information and keeps the member and the auditor informed at every stage of the audit. The audit starts with CRA inquiry or request for information, then requires the gathering information to respond to the CRA request, negotiates (counter proposal) with CRA, comes to an agreement, and review the NOA and when necessary, files a notice of objection when an agreement could not be reached with the auditor. The audit specialist must focus on timely turnaround of information, keeping each party informed at every step, and have knowledge (may be required to research or contact subject matter experts within FBC) on the income tax act and how the tax laws impact the Member under audit. They will collaborate with l","Audit Specialist postings typically ask you to: Prepare audit programs and time budgets. Train and supervise staff members assigned to an engagement. Manage the effective and timely execution of IT internal audit projects. Perform testing of IT general controls, cyber security, data privacy, NIST framework, SDLC, IT operations and governance."
systems security engineer,Systems Security Engineer,security,19,10,120000.0,3,84.2,0.0,31.6,"Cybersecurity, Risk Management, CISSP, System Design, Incident Response, Linux",Senior Systems Security Engineer (P3),Raytheon,"Date Posted:
2024-01-04
Country:
United States of America
Location:
MA131: Tewksbury, MA Bldg 1 Assabet 50 Apple Hill Drive Assabet - Building 1, Tewksbury, MA, 01876 USA
Position Role Type:
Onsite
Do you want to secure our nation’s weapons systems against threats?
Would you consider yourself a “non-standard thinker” fascinated by systems and security?
At Raytheon, the foundation of everything we do is rooted in our values and a higher calling – to help our nation and allies defend freedoms and deter aggression. We bring the strength of more than 100 years of experience and renowned engineering expertise to meet the needs of today’s mission and stay ahead of tomorrow’s threat. Our team solves tough, meaningful problems that create a safer, more secure world.
Raytheon is the leader for cyber security defense and solutions. We employ the world’s best minds from diverse fields. As a member of our Systems Security Engineering (SSE) team, we want you to develop solutions to secure the Warfighter’s technology advantage. Systems Security Engineering creates holistic security solutions leveraging Anti-Tamper (AT), Cyber Security, Software Assurance, and Supply Chain Risk Management to supp","Systems Security Engineer postings typically ask you to: Analyze cyber and cybersecurity policies, guidelines, and directives to develop technical requirements for acquisition documentations. Lead the analysis of the system design and development data including performance predictions, testability analysis, failure modes, and product support. Lead or support the program planning in SSE, cyber warfare, cybersafe, software assurance and cybersecurity design implementation in acquisition programs. Work independently and as a member of a team in coordination with engineers in development, integration, test and modeling."
desktop support engineer,Desktop Support Engineer,it_support,19,16,60000.0,1,15.8,0.0,36.8,"Windows, Active Directory, ServiceNow, Azure, Excel, PowerShell",Senior Desktop Support Engineer,Experis UK,"Role Title: ICT Desktop Support Engineer
Contract Length: 3 Months
Location: London
The role of the Desktop Support Analyst is to provide second line support for all staff. This role handles technical queries that have been escalated from the IT Service Desk, which is the central point of contact for all IT related incidents and service requests.
The Desktop Support Team are responsible for resolving support requests and continuous service delivery demands. IT Support staff work in a dynamic, fast-paced environment which provides services to staff over the phone, through e-mail, with remote tools, and in person (for walk-in customers).
Technical
Working knowledge of an ITSM tool, preferably ServiceNow.
Be certified to ITIL Foundation level.
Working knowledge of ISO27001.
Working knowledge of Citrix Desktop Director.
Be proficient in Microsoft Office products including Skype for Business/Teams.
Working knowledge of document and case manage systems.
Knowledge of VPN and remote access solutions.
Knowledge of desktop hardware.
Accurately record, update and document incidents and requests using the ITSM tool.
Take ownership of issues by carrying out problem analysis to implement tempora",Desktop Support Engineer postings typically ask you to: Provide support for asset and stock management tasks. Work with vendors to remediate complex AV issues as needed. Provide timely communication on issue status and resolution. Maintain ticket updates for all reported incidents.
devops,DevOps,devops,19,14,104000.0,1,31.6,100.0,47.4,"DevOps, CI/CD, AWS, Jenkins, Azure, Linux",DevOps - Cloud - Contract - W2 Only (no C2C) - Remote,Ampcus Inc,"DevOps - Cloud
Monday - Friday 9am - 5pm EST fully remote position.
This position is part of the Enterprise DevOps Shared Services team focused on creating service offerings that enable development teams to improve continuous delivery of applications by applying DevOps best practices, processes, and tools across the organization. This position will provide leadership around architecture and design decisions, and innovation of the Enterprise DevOps products and service offerings.
This role will be responsible for partnering with Enterprise Architecture, Cloud CoE and Platform teams to drive, and execute a cloud first strategy, roadmap, and architecture for the destination state of the Enterprise DevOps organization. This role will define, build, guide, and oversee architectures that lead the technical direction of DevOps across the enterprise.
The Senior Platform Engineer understands engineering needs including those required to build, deploy, and operate a platform through all phases of its software delivery lifecycle and is focused on improving developer productivity, streamlining the current onboarding experience, and overall SDLC process that supports modern service and applicat","DevOps postings typically ask you to: Lead moderately complex initiatives and deliverables within technical domain environments. Design, code, test, debug, and document for projects and programs associated with technology domain, including upgrades and deployments. Collaborate and consult with peers, colleagues, and mid-level managers to resolve technical challenges and achieve goals. Lead projects and act as an escalation point, provide guidance and direction to less experienced staff."
fullstack software developer,FullStack Software Developer,engineering,19,17,125000.0,3,52.6,66.7,47.4,"SQL, Python, HTML, CSS, JavaScript, React",Full Stack Software Developer,Inkeros,"Inkeros is Canada's fastest-growing omni-channel Marketing Vendor with operations from coast to coast.
We are a data-driven, progressive organization that is eager to hire someone who values agility, resilience, and integrity. Candidates who are open-minded, tech-savvy, and ready to adapt to the future of business are the ideal individuals we're enthusiastic to meet.
We are seeking a Full Stack Software Developer to join our Vancouver team. The ideal candidate will have accumulated 2+ years in Frontend/UI Design, Javascript, and backend development with Python.
What is expected in this role:
Full-stack software development helping build a platform from the ground up – this will represent the global interface for the core systems of Inkeros business operations
Build application components that are responsive, performant, and accessible that engage audiences through the use of complex web interactions
Build reusable components with HTML, CSS, JavaScript, and Python for use across large-scale systems and document them as necessary
Manage individual project priorities, deadlines, and deliverables with your technical expertise in both frontend and backend technologies
We move quickly an",FullStack Software Developer postings typically ask you to: Manage your tasks and statuses of projects and work assignments. Prepare detailed system and software designs. Provide technical input to other areas of the business. Plan and execute testing and implementation of projects large and small.
net fullstack developer,Net FullStack Developer,engineering,19,19,134700.0,2,36.8,33.3,31.6,".NET, SQL, Angular, JavaScript, Azure, CSS",Senior .Net Full-Stack Developer / Chicago,Motion Recruitment,"My client is looking to add a Full Stack Developer in the NorthWest Suburbs.
The client is in the non-profit space and this person will be asked to create applications utilizing C# and .NET to build robust code. Releases will be done using Azure cloud infrastructure building pipelines.
A seasoned developer who has strong skills using SQL server will make this individual a great fit for the role!
Required Skills & Experience
6+ years of experience with C# and .NET technology(.NET 6, MVC 5)
Full-stack development experience with JavaScript(Angular 12+)
Skilled at working with SQL server
Skilled at working with ORM like Entity, LINQ
CI/CD experience, building pipelines
Ability to work in Scrum environment
Great communication skills both written and verbal.
Desired Skills & Experience
.NET core, .NET 6 experience
Experience with Azure tools Azure DevOps, Azure Service Bus CosmoDB, Azure Data Factory
JavaScript experience using Angular
What You Will Be Doing
30% Frontend work
70% Backend work
The Offer
Base Salary
Bonus
You Will Receive The Following Benefits
Medical Insurance
Dental Benefits
Vision Benefits
Paid Time Off (PTO)
*Applicants must be currently authorized to work in the US ","Net FullStack Developer postings typically ask you to: Troubleshoot application defects making necessary code changes. Develop all the business logic for all the modules in a separate business layer using ASP .Net Web API with C#. Create database objects like Tables, Views, Stored Procedures & Functions to fetch, update & store data into SQL Server Database. Prepare and participate in release readiness for software development deployments to the TEST, UAT and PROD environments."
executive team leader service engagement,Executive Team Leader Service Engagement,engineering,19,1,90000.0,1,100.0,,0.0,,"Executive Team Leader Service & Engagement (Assistant Manager Front End)- Eau Claire, WI",Target,"Description: The pay range is $60,000.00 - $120,000.00
Pay is based on several factors which vary based on position. These include labor markets and in some instances may include education, work experience and certifications. In addition to your pay, Target cares about and invests in you as a team member, so that you can take care of yourself and your family. Target offers eligible team members and their dependents comprehensive health benefits and programs, which may include medical, vision, dental, life insurance and more, to help you and your family take care of your whole selves. Other benefits for eligible team members include 401(k), employee discount, short term disability, long term disability, paid sick leave, paid national holidays, and paid vacation. Find competitive benefits from financial and education to well-being and beyond at https://corporate.target.com/careers/benefits.
ALL ABOUT TARGET
Working at Target means helping all families discover the joy of everyday life. We bring that vision to life through our values and culture. Learn more about Target here.
ALL ABOUT SERVICE & ENGAGEMENT
Advocates of guest experience who welcome, thank and exceed guest service expec",Postings for Executive Team Leader Service Engagement do not phrase their day-to-day duties consistently enough to summarise automatically.
computer numerical control programmer,Computer Numerical Control Programmer,engineering,19,19,86560.0,4,5.3,0.0,15.8,"Linear, Angular",Computer Numerical Control Programmer,Lexicon Solutions,"Senior CNC Programmer:
Full-time in Corvallis, OR
Are you someone who thrives in a hands-on role, passionate about the intricacies of machining and eager to be part of a state-of-the-art manufacturing facility? Join our close-knit team as a CNC Programmer, where your technical finesse and creative flair will elevate the manufacturing processes of our products.
What you'll do:
· Program our product’s components from prototype through production on vertical/horizontal mills, lathes and a mill-turn.
· Operate and perform set-up of complex components on 3, 4 and 5 axis machines: Haas/Mori Seiki Vertical, Mazak Horizontal, and Mazak Integrex.
· Work with engineering on design for manufacturability.
· Improve existing CNC programs to help with quality and efficiency.
· Design tooling and fixtures for work holding.
· Proof your CNC programs before handing them off to production.
· Generate setup instructions and machine tool lists for operators.
· Work with vendors on tooling/material quotes.
What you'll bring:
· 5+ Years in a CNC programming role.
· Proficiency in Mastercam Mill (2D/3D toolpaths) with 3 and 4 axis.
· A good working knowledge of horizontal mills (we have a Mazak 3-machine","Computer Numerical Control Programmer postings typically ask you to: Create and update manufacturing standard procedure, which defines specific manufacturing processes. Prepare CNC programs in relevant languages for machine controllers, ensuring accuracy and efficiency in the machining process. Assist machine operators by addressing questions related to CNC programs and inspection materials. Create inspection sheets with dimensions and locations for active jobs and provide inspection points for manual inspections."
quantitative developer,Quantitative Developer,engineering,19,16,152500.0,2,21.1,75.0,21.1,"Python, C++, Java, Linux, Pandas, Machine Learning",Quantitative Developer – Global Prestigious Hedge Fund – Excellent Compensation + Benefits,Mondrian Alpha,"My client, a highly prestigious global hedge fund, is seeking an elite Quant Developer with strong Python skills to join a brand-new investment team in New York.
In this role you will be working closely with traders, quants and researchers and will be responsible for building infrastructure to facilitate trading pipelines, designing and deploying research tools, and helping architect their greenfield research & trading buildout.
You will be joining a new quantitative investment team, working alongside some of the brightest programmers and traders in the industry, and would receive sizable increases on any base salary alongside market-leading bonuses.
As well as a market-leading compensation package, they offer exceptional benefits such as private healthcare and life insurance.
Requirements:
· Experience on the buy/sell side
· Highly proficient with Python.
· Experience with cloud-based environments (AWS/Google Cloud/Azure) and distributed/parallel programming.
· Minimum of a bachelor's degree in a STEM subject.
· Outstanding communication and teamwork skills.
· Ability to implement research ideas into efficient & scalable tooling.
· Aptitude for turning mathematics and data analysi","Quantitative Developer postings typically ask you to: Implement and maintain quantitative models, utilizing programming languages such as C++, Python, or Java. Monitor and assess the performance of trading strategies, identifying areas for improvement and optimization. Build bespoke frameworks for exploring, designing and deploying systematic strategies and signals."
service desk,Service Desk,it_support,19,16,,0,57.9,55.6,47.4,"Windows, Linux, Active Directory, Firewalls, Jira, Azure",Service Desk Lead,White Horse Professional Resources,"I'm currently looking for a Service Desk Team Lead to join a local award-winning and market-leading MSP, within the Somerset/Wiltshire area. You will be a crucial member of the organisation, by being heavily involved in the management of Service Engineers and Service Desk Dispatchers, ensuring they deliver great customer service and technical support to clients.
This is a great opportunity for an experienced IT professional looking to go further down the management route, with a company that provides its employees with consistent training and career progression opportunities.
The company also offers hybrid working, providing employees with a 3 days in office and 2 days at home split (after 3 months).
Daily Responsibilities:
Monitor incoming incidents and minor change requests.
Ensure the smooth operation of the Service Desk.
Provide technical support directly to customers.
Liaise with key client stakeholders.
Leadership Requirements:
Conduct 1-2-1 meetings.
Responsible for the management of Service Desk Engineers.
Provide Employees with the support that they require.
Support the Service Delivery Director by providing feedback on trends and points of improvement for customers.
Accou",Service Desk postings typically ask you to: Document any/all steps taken. Ensure the smooth operation of the Service Desk. Provide technical support directly to customers. Provide Employees with the support that they require.
radar systems engineer,Radar Systems Engineer,devops,19,13,142892.0,4,73.7,77.8,47.4,"Data Analysis, MATLAB, Prototyping, C++, Java, Machine Learning",Radar Senior Principal Systems Engineer with Security Clearance,ClearanceJobs,"2023-11-09Country
Date Posted:
United States of AmericaLocation:
MA801: Marlborough, MA 1001 Boston Post Road Building 2, Marlborough, MA, 01752 USAPosition Role Type:
Summary
OnsiteAt Raytheon, the foundation of everything we do is rooted in our values and a higher calling - to help our nation and allies defend freedoms and deter aggression. We bring the strength of more than 100 years of experience and renowned engineering expertise to meet the needs of today's mission and stay ahead of tomorrow's threat. Our team solves tough, meaningful problems that create a safer, more secure world. Job Summary:
The Systems Engineering Directorate is the central focus for Mission Systems Integration activities within Raytheon, responsible for defining customer needs, functional and product architecture, requirements definition and decomposition, Model Based Systems Engineering (MBSE), system performance, and System Security Engineering (SSE).
The SPY-6 Family of Radars and GhostEye Family of Radars are seeking a Systems Engineer to help in the execution of integration and analysis activities. In this role, the selected candidate will be responsible for helping to identify issues, generate sol","Radar Systems Engineer postings typically ask you to: Perform data reduction on radar and optical signatures. Develop simulation programs to evaluate system. Perform planning and monitoring to ensure work scope, schedule, budget, and program metrics are well defined, maintained, and met. Lead and present key technical flight test tracking design plans and implementation approaches a."
cyber security manager,Cyber Security Manager,security,19,17,142002.0,3,100.0,70.0,52.6,"Cybersecurity, Incident Response, CISSP, Risk Management, SIEM, Firewalls",Cyber Security Manager,Integral Recruitment Limited,"Epsom, KT17 (3 days in the office per week - hybrid)
£80,000 - £85,000 plus excellent benefits including a generous pension scheme, private healthcare, personal development training, rising holiday and lots more
Keywords: IT Security, Cyber Security, Risk Analysis, SIEM, Antivirus, Web Security, Email Filtering, CISSP, FIM, VMware, Azure, Windows, Network Security.
My client is a hugely successful organisation within the financial services sector. They are highly regarded and well-established. They offer a fantastic working environment as well as an excellent benefits package including a generous pension, private healthcare, personal development training, rising holiday and lots more
It’s an exciting time to join the organisation as they are growing their IT team and as such, they looking for an experienced Cyber Security Analyst to join them on a permanent basis, to be responsible for the management of all security related tools and processes within the organisation.
This role would suit an experienced candidate in a similar, senior, security focussed role who is looking to progress their career in a forward-thinking organisation which heavily rewards its staff.
Cyber Security Man","Cyber Security Manager postings typically ask you to: Identify vulnerabilities and work with technical subject matter experts to identify and implement countermeasures. Prepare reports on the status of security safeguards applied to computer systems. Ensure IS and network nodes are operated, maintained, and disposed of in accordance with established security policies and practices. Collaborate with North American Region & Global Mining Solu."
cyber intelligence analyst,Cyber Intelligence Analyst,security,18,14,128331.0,4,50.0,100.0,5.6,"Cybersecurity, Incident Response, CISSP, Risk Management, Active Directory",Cyber Intelligence Analyst,"Noetic Strategies, Inc.","Job Title:
Cyber Intelligence Analyst
Location: Quantico, VA
Position Requirements
Active DoD Top Secret / SCI Clearance
MINIMUM SKILLS REQUIRED:
Defense intelligence all-source analysis experience working with intelligence tools/data sources to solve complex problems.
Ability to research, analyze, document, and convey technical information.
Experience providing technical expertise on how the software industry functions and operates, to include knowledge of programming services, system services, open source, and software as a service (SaaS)
Excellent verbal, writing, and briefing skills with the ability to communicate both technical and operational information to wide-ranging audiences.
Cyber operations background with a deep understanding of current foreign threats
Demonstrate knowledge of current cyber threat actors/intrusion techniques and cyber threat avenues of attack
Work independently with little to no guidance and/or direction to develop and maintain overall analytical production
DESIRED SKILLS:
Ability to develop comprehensive threat analysis across the Net-Centric/cyber domain with a special emphasis on cyber threat capabilities
Extensive knowledge on the software develop",Cyber Intelligence Analyst postings typically ask you to: Analyze and track vulnerability disclosure program (VDP) incidents as it relates to intelligence reporting. Research and analyze intelligence reporting and threat assessments from all available sources of information. Identify threat tactics and methodologies. Review and comprehend cyber resiliency dependencies across the entire DAF weapon system enterprise.
cyber defense analyst,Cyber Defense Analyst,security,18,9,142350.0,1,5.6,0.0,22.2,"Incident Response, Cybersecurity, Excel, Risk Management, Linux, Unix",Cyber Defense Analyst 2,"Secure Innovations, LLC","Why Work at SI?
Secure Innovations (SI)
successfully and continuously strives to become experts in the Cybersecurity field by only focusing on Cyber! Because of this, we proudly stand behind our motto, ""We're Not Standard Cyber. We're the Cyber Standard.""
SI was built on the principle that people matter first and foremost. SI believes in providing a strong work/life balance by investing in our employees and encouraging professional and personal growth. We do this by offering exceptional benefits, flexible schedules, and the tools necessary to achieve success through paid training, mentoring, and the opportunity to work alongside top-notch security professionals.
Secure Innovations was recently awarded as
PRIME
on this mission-focused cyber program!
The
Cyber Defense Analyst 2
uses information collected from a variety of sources to monitor network activity and analyze it for evidence of anomalous behavior. Identifies, triages, and reports events that occur in order to protect data, information systems, and infrastructure. Finds trends, patterns, or anomaly correlations utilizing security-relevant data. Recommends proactive security measures. Conducts analysis to isolate indicators o","Cyber Defense Analyst postings typically ask you to: Coordinate and provide expert technical support to enterprise-wide cyber defense technicians to resolve cyber defense incidents. Perform cyber defense trend analysis and reporting. Perform initial, forensically sound collection of images and inspect to discern possible mitigation/remediation on enterprise systems. Work with a team to resolve issues and perform tasks in parallel."
service desk technician,Service Desk Technician,it_support,18,16,,0,16.7,11.1,50.0,"Windows, Active Directory, ServiceNow, PowerShell, Excel, Azure",Service Desk Technician,Central Point Partners,"Position:
Service Desk Technician
Position Type:
6 months contract with possibility of extension
Work Hours:
7am-3:30pm
Location:
Westford, MA
Description:
Our client is looking for a Service Desk Technician to join their team.
Qualifications:
Answer, evaluate, log, and prioritize incoming requests via phone, email or chat for assistance from users experiencing problems with hardware, software, networking, and other computer-related technologies. Ability to troubleshoot and resolve technical support questions of customers in a professional manner.
Daily problem recognition, research, isolation, resolution, and follow-up for routine user problems, referring more complex problems to supervisor or Tier technical staff.
Technical knowledge of current company standard applications and network operations including but not limited to: Windows 10, MS Office365, TCP/IP, Windows Server (2003-current)
Practical operating knowledge of Ethernet and WAN technology required
Experience with PC or network administration.
Knowledge of standard business desktop software and hardware.
Use predefined processes to provide security access, remote access, and other activities as assigned.
Experience in wo","Service Desk Technician postings typically ask you to: Manage equipment deployments, inventory, knowledge management, self-portal, service catalog, and grow IT service management processes. Create problems for root cause analysis. Provide hardware and software support for our customers, internal staff, agency partners, and policyholders, including training, problem analysis, and problem-solving. Perform secondary administrative tasks on the iSeries system."
helpdesk technician,Helpdesk Technician,it_support,18,11,65000.0,1,33.3,60.0,27.8,"Windows, Cybersecurity, Active Directory, MCP, VMware, ServiceNow",Helpdesk Technician - Tier 3,LeadingIT,"Helpdesk Technician-Tier 3
Level 3 Technician
Are you a perfectionist who enjoys following directions? Do you need variety and change to keep from getting bored? Do you agonize over details and making sure all your work is perfect? Do you enjoy solving problems? Are you a team player whose first question is “How can I help you?” Do you enjoy juggling multiple tasks?
What this role will entail:
Solve uncommon issues that have been escalated
Perform remote network and server troubleshooting
Learn and integrate new security technologies
Determine the best solution based on the issue and details provided by customers
Handle project implementation from start to finish
Record notes regarding the issue and troubleshooting taken
Create and maintain documentation
Follow-up and update customer with status and information
What we need from you (system requirements):
Driven to succeed at work and in all of life, hard work required
ACCOUNTABLE to our clients as well as our company
Keep a POSITIVE mindset with a solution focus.
Desire for EXCELLENCE in what we do, all day every day.
HUMBLY CONFIDENT you can make it happen, and if not, able to ask for help.
Proven experience as a help desk techni","Helpdesk Technician postings typically ask you to: Monitor and respond quickly and effectively to requests received through the helpdesk. Install, test, and configure new workstations, peripheral equipment, and software. Monitor system performance and functionality. Provide support to our driving associates in person and over the phone."
flight software engineer,Flight Software Engineer,engineering,18,11,150000.0,9,77.8,0.0,16.7,"C++, Software Architecture, Linux, Agile / Scrum, Segment, System Design","Flight Software Engineer, Senior",York Space Systems LLC,"Salary: $110,000 - $165,000
York Space Systems was founded to radically improve spacecraft affordability and reliability, transforming, and enabling next-generation space mission operations worldwide. Today, York is one of the most innovative aerospace companies, specializing in end-to-end customer solutions and the rapid production of spacecraft platforms. York’s complete Space Segment Solution includes spacecraft production, payload integration, system integration & test, launch services, ground segment services, and mission operations, enabling customers to leverage York’s existing technology solutions to get to orbit rapidly and responsively. We’re looking to expand our team across the board.
York Space Systems is looking for a talented and enthusiastic embedded Flight Software Engineer, Senior. This individual will be responsible for design, analysis, and testing of the embedded space vehicle flight software.
The successful candidate takes part in software engineering activities associated with the delivery of embedded flight software products for an Earth-orbiting mission. This assignment includes implementation of functional spacecraft capabilities that fall in areas of spac","Flight Software Engineer postings typically ask you to: Provide key decision makers critical information from simulation and flight test results. Work directly with customer to ensure features and changes are captured. Collaborate with team members, management, and customers to ensure projects are completed to standard. Identify risks and form contingency plans as soon as possible."
fullstack net developer,FullStack Net Developer,engineering,18,17,131352.0,2,38.9,28.6,38.9,".NET, SQL, Azure, Angular, JavaScript, React",Full Stack .Net Developer,ArrowCore Group,"Position: Full Stack
.Net Developer
Location:
Fremont, CA (Remote to Start)
Duration: 6+ Mos
About The Role
Our Client is looking for a software developer for its current and next generations of all Business Applications teams in Fremont, CA and Austin, TX.
Responsibilities
Design, development and implementation of mission critical applications using the AngularJS 10+, .NET Framework and SQL technology stack in AWS or other cloud environment.
Design and develop robust scalable high performing high-volume production applications with users across the globe.
Build internal systems and support business needs with your domain expertise.
This position will work closely with application developers, business analysts, business stakeholders and QA teams.
Skills Requirements
6-8 years of solid experience with the .NET platform, AWS/Azure and Enterprise application development
6+ years of solid programming experience with C#, .Net Core, WebAPI and Angular10+
Experience in MySQL is required and good knowledge in query optimization and data analysis is desired
Expert knowledge of Web Services, REST, JQuery, SOAP and JSON is required. (Building REST APIs.)
Strong object oriented and software ar",FullStack Net Developer postings typically ask you to: Design and develop robust scalable high performing high-volume production applications with users across the globe. Build internal systems and support business needs with your domain expertise. Design database models and work with the DBA team to implement the efficient and scalable database solution. Create a messaging queue-based implementation for long running processes.
aerospace systems engineer,Aerospace Systems Engineer,devops,18,3,117476.0,2,27.8,,0.0,"Prototyping, Excel, Unix, Linux",Aerospace Systems Engineer (R38231),BLUE ORIGIN,"At Blue Origin, we envision millions of people living and working in space for the benefit of Earth. We’re working to develop reusable, safe, and low-cost space vehicles and systems within a culture of safety, collaboration, and inclusion. Join our diverse team of problem solvers as we add new chapters to the history of spaceflight!
This role is part of the Lunar Permanence business unit, which develops Blue Origin’s multiple Blue Moon lander product lines. To further Blue Origin's mission of having millions of people living and working in space, we are building sustainable infrastructure for our transport of crew and cargo from Earth to the lunar surface.
We are seeking someone to apply their systems engineering, fluids and propulsion expertise, natural leadership and organizational skills, and commitment to quality to positively impact the bold missions at Blue Origin. You will work on the full life cycle of Lunar spacecraft. Starting in early life cycle you will write requirements, facilitate architectural trade studies, and help the team formulate early design cycles. Midlife cycle you will ensure robust requirements flow down to the component level, spearhead compiling design ",Postings for Aerospace Systems Engineer do not phrase their day-to-day duties consistently enough to summarise automatically.
bridge engineer,Bridge Engineer,devops,18,1,127593.0,1,33.3,,0.0,,Bridge Engineer - Kiewit Infrastructure Engineers,Kiewit,"Requisition ID:
170868
Job Level:
Mid Level
Home District/Group:
Kiewit Infrastructure Engineers
Department:
Design Engineering
Market:
Transportation
Employment Type:
Full Time
Position Overview
At Kiewit, we build bridges, highways, transit systems and runways to connect the world. We are hiring Bridge Engineers. The role is located in Westlake, TX, with the opportunity for flexible work. Our capabilities are reinforced by one of the largest privately-owned fleets of construction equipment in North America, which enables us to rapidly mobilize the necessary resources for any Design/Build project. Clients are turning to us for Design/Build and other alternative project delivery methods due to our successful track record in transportation design and construction! Wanna join our team?
We are opening an office in the Fort Worth/Westlake Texas area and will be adding 50 engineers/leaders to the team in various disciplines and are searching for Bridge Engineers at all levels!
We have a great backlog of work, new pursuits and existing design build projects for you to work on. The team in Fort Worth will be supporting our latest D/B project in Texas - South East Connector. This project i",Postings for Bridge Engineer do not phrase their day-to-day duties consistently enough to summarise automatically.
chief systems engineer,Chief Systems Engineer,devops,18,9,197812.0,4,100.0,33.3,50.0,"SAS, Risk Management, C++, Segment, Machine Learning",Chief Systems Engineer,CACI International Inc,"Job Category: Engineering
Time Type: Full time
Minimum Clearance Required to Start: TS/SCI
Employee Type: Regular
Percentage of Travel Required: Up to 10%
Type of Travel: Local
CACI seeks a talented individual to join our team as a Chief Systems Engineer supporting the Systems Engineering management and direction of a large program, within the National Security and Innovative Solutions Sector.
As a forward-thinking, technically minded Chief Systems Engineer, you will lead and provide technical direction to a team of System Engineers. Your technical leadership will enable stakeholders to achieve Missile Defense (MD) mission objectives in the following technical areas: Enterprise Information Environment, and Research Development Test & Evaluation (RDT&E) IT Services and Solutions, Missile Defense System (MDS) Mission IT Support and Solutions, MDS Mission Operations, MD Integration & Operations Center (MDIOC) Facility Operations and Sustainment, and Systems Engineering & Integration.
The Chief Systems Engineer will lead systems engineering lifecycle implementation and process improvement and implementation activities across several disciplines including configuration management, repor","Chief Systems Engineer postings typically ask you to: Oversee and support customer implementation of Systems Engineering Project Process Area - Project Planning, Project Assessment and Control, Decision Man. Analyze and propose appropriate engineering standards and processes for a project. Lead contractor systems engineering activities for a project to include supervising the work of the project engineering staff and technicians."
software engineer embedded/c++/orlando,Software Engineer Embedded/c++/orlando,engineering,18,2,,0,100.0,100.0,55.6,"C++, Machine Learning, GitLab, Agile / Scrum, Linux, Git","Software Engineer Sr/Embedded/C++/Orlando, Fl",Lockheed Martin,"Lockheed Martin is a global security and aerospace company that employs approximately 114,000 people worldwide and is principally engaged in the research, design, development, manufacture, integration and sustainment of advanced technology systems, products, and services.
Lockheed Martin Missiles and Fire Control (MFC) is one of four Lockheed Martin business areas. MFC is a recognized designer, developer and manufacturer of precision engagement aerospace and defense systems for the U.S. and allied militaries.
MFC is looking for an experienced Software Engineer to develop embedded software. Selected candidate will integrate algorithms into C++ applications. Candidate is expected to be proficient in C/C++. It is desirable that the candidate have experience with embedded development using a real-time operating system. For this first assignment, the candidate will work in a team with both technical and career leaders.
Candidates filling this position will need a US citizen and will need a clearance at the level specified in “Clearance Level” or will need the ability to get a clearance if not specified.
#MFC23 #mfcnews #mfchotjobs
Show more
Show less",Postings for Software Engineer Embedded/c++/orlando do not phrase their day-to-day duties consistently enough to summarise automatically.
sld thermal systems engineer,Sld Thermal Systems Engineer,devops,18,1,107784.0,1,44.4,,0.0,,SLD Thermal Systems Engineer II - Lunar Permanence (R34999),BLUE ORIGIN,"At Blue Origin, we envision millions of people living and working in space for the benefit of Earth. We’re working to develop reusable, safe, and low-cost space vehicles and systems within a culture of safety, collaboration, and inclusion. Join our diverse team of problem solvers as we add new chapters to the history of spaceflight!
This role is part of the Lunar Permanence business unit. To further Blue Origin's mission of having millions of people living and working in space, we are building the sustainable infrastructure for our transport of crew and cargo from Earth to the Lunar Surface.
As part of a diverse and hardworking team of engineers, you will contribute to the definition and development of spacecraft thermal control systems. You should be comfortable working in a fast-paced and often uncertain environment, contributing to innovative solutions, while demonstrating personal leadership, technical competence, and attention to detail.
You will work directly with NASA and our National Team Partners as part of the Human Landing System (HLS) Sustaining Lunar Development (SLD) program. You will play a key role in developing the Lunar Transportation system that will return human",Postings for Sld Thermal Systems Engineer do not phrase their day-to-day duties consistently enough to summarise automatically.
technical support representative,Technical Support Representative,it_support,18,12,67970.0,2,0.0,16.7,66.7,"Linux, ServiceNow",Technical Support Representative,Trimble Inc.,"Your Title:
Technical Support Representative
Job Location:
Minnetonka, MN (Onsite Role)
Shift:
1st Shift-Monday-Friday, 5:15AM- 1:45PM
Our Department:
Customer Support
Do you want to be a part of a leading provider of Transportation Management Software (TMS), Asset Management Software (AMS), and Fleet Management Software (FMS)? We are devoted to propelling companies in the trucking industry toward increased efficiency, lower costs and optimize operations. Come join our growing team!
What You Will Do
The role of the Technical Support Representative entails the provision of initial technical troubleshooting and addressing customer inquiries pertaining to Trimble Transportation products. These inquiries encompass a wide range of topics, including software, hardware, account management, installation procedures, and best practices within our product and industry domain. The Technical Support Representative is tasked with delivering an exceptional customer experience through various communication channels such as phone, email, and chat. The ideal candidate will possess a strong technical aptitude to effectively troubleshoot all facets of Trimble Telematics and other Transportation techno",Technical Support Representative postings typically ask you to: Provide accurate and timely support by documenting all issues and resolutions. Maintain communications with customers during the problem resolution process. Provide prompt and effective technical support and guidance to resolve issues.
mechanical systems engineer,Mechanical Systems Engineer,devops,17,11,158800.0,3,82.4,0.0,17.6,"System Design, Excel",Senior Mechanical Systems Engineer,Talascend - Where Opportunities Await.,"Talascend is currently seeking a Senior Mechanical Systems Engineer for a contract opportunity located in Richland, WA.
This position works a 9/80 schedule, offering every other Friday off.
PRIMARY RESPONSIBILITIES:
You will be working as part of the Mechanical Systems team designing the fluid and gas systems in the WTP process facilities.
You will be responsible for assisting with discipline work process execution in a technically adequate manner and in accordance with company, contract, and industry codes and standard.
You will be preparing technical reports, studies, and design documentation, calculations using engineering software, and specifications for complex mechanical equipment for the waste treatment process and supporting systems.
The ideal candidate will have solid experience in process system design and will be capable of developing design documents, including piping and instrument diagrams and equipment data sheets, that incorporate the applicable design and nuclear safety requirements.
You will be interfacing and coordinating with other engineering disciplines and the client in the development of the design.
The primary role of the Senior Mechanical Systems Engineer ",Mechanical Systems Engineer postings typically ask you to: Identify and interact with 3 rd party suppliers of fuel cell air compressors to develop key technical and commercial information. Support the characterization and performance validation testing of fuel cell air compressors. Review test reports to ensure key information is documented. Document and communicate technical and commercial plans and progress regarding components through internal reports and presentations.
information systems security engineer,Information Systems Security Engineer,security,17,12,145000.0,4,58.8,57.1,41.2,"Risk Management, Cybersecurity, Linux, Agile / Scrum, CISSP, Windows",Information System Security Engineer,Apex Systems,"MUST HOLD AN ACTIVE TS/SCI CI POLY Security Clearance
Job Description:
Serve as information security engineer for an IC program, consulting the development, integration, and configuration of information systems
Lead Risk Management Framework (RMF) Assessments and Authorization (A&A) efforts, to include POA&M mitigation, the Continuous Monitoring program, and interfacing with government counterparts
Develop and update information security policy documentation for the contract, ensuring that it aligns with best practices and remains consistent with the current operating environment
Applying best practices and processes to capture, refine, and assist in the prioritization of requirements based on risk, engineering principles, and mission requirements
Work alongside as a developer/engineer to provide enhanced security architectures, development tools, and information systems to facilitate secure missions
Develop, configure, maintain, and monitor system security architectures, identifies vulnerabilities, and provides suggested mitigation alternatives
Participates in design, development, and implementation of information systems to ensure these systems are in compliance with required sec","Information Systems Security Engineer postings typically ask you to: Ensure acquired or developed system(s) and architecture(s) are consistent with organization's cybersecurity architecture guidelines. Perform security reviews, identify gaps in security architecture, and develop a security risk management plan. Provide engineering support to current and future PM IS&A systems for development, integration, testing, production, demonstration and fielding. Provide systems engineering support in order to integrate new technologies or enhancements of existing systems."
it product analyst,IT Product Analyst,product,17,1,120000.0,1,100.0,100.0,100.0,,Sr. IT Product Analyst - Project Finances,Trane Technologies,"At Trane TechnologiesTM and through our businesses including Trane® and Thermo King®, we create innovative climate solutions for buildings, homes, and transportation that challenge what’s possible for a sustainable world. We're a team that dares to look at the world's challenges and see impactful possibilities. We believe in a better future when we uplift others and enable our people to thrive at work and at home. We boldly go.
Join Trane as a
Sr. IT Product Analyst - Project Finances
! As a Sr. IT Product Analyst, will partner with the business Product Owner(s) to design the technical tools to execute against a given set of capabilities. This individual will be responsible for providing a technical roadmap (including involvement in activities for LRP (Long Range Plan) and AOP (Annual Operating Plan), orchestration of the development delivery process, and oversight of the stabilization and support of these business-critical applications. This is an ideal opportunity for a “techno-functional” individual who has a knack for understanding / perceiving business needs and creating unique high-level technical solutions for the same. This Sr. Analyst position will support a business works",Postings for IT Product Analyst do not phrase their day-to-day duties consistently enough to summarise automatically.
systems engineer with global technology leader,Systems Engineer With Global Technology Leader,devops,17,1,,0,0.0,,0.0,,Systems Engineering Graduate with Global Technology Leader,Gradfuel,"We are looking for graduates to join our Systems Engineering team.
This is an exciting engineering graduate programme designed to create the next generation of aspiring technical experts, specialists and leaders in the UK. We are looking for people with a passion for engineering combined with an inquisitive mind and an intrinsic interest in people, leadership and success through teamwork. If you are looking for a broad learning experience, we will offer you extensive development and challenges, and support you with a unique level of exposure within our business so that you can you can drive your career progression at the rate right for you.
This is a three-year rotational programme, consisting of three, one year long placements:
For the first two years, you will complete two year long placements. Rotating across sites around the country, across the different business units experiencing the engineering lifecycle. You will be assigned to a new or existing program where you will work with and be supported by other engineers to design and develop engineering solutions to meet the needs of our customers
In the third year of the scheme, you will complete a further one year long placement",Postings for Systems Engineer With Global Technology Leader do not phrase their day-to-day duties consistently enough to summarise automatically.
software verification test engineer,Software Verification Test Engineer,qa,17,1,146988.0,1,58.8,0.0,100.0,,Software Verification & Test Engineer II - Lunar Permanence (R38261),BLUE ORIGIN,"At Blue Origin, we envision millions of people living and working in space for the benefit of Earth. We’re working to develop reusable, safe, and low-cost space vehicles and systems within a culture of safety, collaboration, and inclusion. Join our diverse team of problem solvers as we add new chapters to the history of spaceflight!
This role is part of the Lunar Permanence business unit. To further Blue Origin's mission of having millions of people living and working in space, we are building the
sustainable infrastructure
for our transport of crew and cargo from Earth to the Lunar Surface.
As a Software Verification and Test Engineer II on Lunar Permanence, you will directly support program execution of crewed and uncrewed lunar vehicles. The products developed provide Lunar Permanence vehicles with software products to enable unprecedented crew and mass to surface capabilities. This position will support technical development for software test and verification. You will review requirements, integrate with stakeholders, create test plans and procedures, and perform activities to verify and validate vehicle flight software. You will directly impact the history of space exploration",Software Verification Test Engineer postings typically ask you to: Design and implement test plans and procedures for the overall software verification effort. Coordinate tasking for the verification team with the verification and SIL manager through agile developme.
cloud software engineer,Cloud Software Engineer,engineering,17,15,181750.0,2,47.1,50.0,35.3,"Java, Big Data, System Design, Hadoop, Kubernetes, Docker",Cloud Software Engineer 2,Columbia Technology Partners,"Description:
The Cloud Software Engineer develops, maintains, and enhances complex and diverse Big-Data Cloud systems based upon documented requirements. Directly contributes to all stages of back-end processing, analyzing, and indexing. Provides expertise in Cloud Computing, Hadoop Eco-System including implementing Java applications, Distributed Computing, Information Retrieval (IR), and Object Oriented Design. Works individually or as part of a team. Reviews and tests software components for adherence to the design requirements and documents test results. Resolves software problem reports. Utilizes software development and software design methodologies appropriate to the development environment. Provides specific input to the software components of system design to include hardware/software trade-offs, software reuse, use of Commercial Off-the-shelf (COTS)/Government Off-the-shelf (GOTS) in place of new development, and requirements analysis and synthesis from system level to individual software components.
Qualifications:
An active TS/SCI clearance + FS polygraph
Eight (8) years experience software engineering experience in programs and contracts of similar scope, type, and comp","Cloud Software Engineer postings typically ask you to: Design and manage Cloud MapReduce analytics workflows. Develop code for Cloud Distributed Coordination Frameworks. Build Something to Be Proud Of. Conduct containerization and container deployment training sessions, which include hands-on software configuration and programming exercises."
test engineer manager,Test Engineer Manager,qa,17,15,121500.0,9,100.0,25.0,23.5,"Windows, Data Analysis, React, C++",Test Engineering Manager,Michael Page,"Plan and direct engineering activities and test department operations. Drive engineering projects and align department activities with company policies and objectives.
Client Details
Our client leads in the interconnect product industry. They design, engineer, and manufacture cable assemblies, wiring harnesses, and more.The organization is comprised of multiple, vertically integrated manufacturing businesses.
Description
* Oversee the Test and Systems Engineering Design teams
* Provide support, improve, conceptualize, and construct automated testing systems
* Configure, integrate, and program test stations for streamlining testing procedures
* Create LabVIEW software for product management and test automation
* Evaluate testing needs and specifications * Analyze and troubleshoot circuit, setup, and testing issues
* Explore innovative methods for new testing systems and products controlled by embedded microprocessors
* Facilitate proposal submissions to clients and fulfill customer request for quotations (RFQs)
* Coordinate updates to existing documents and technical data packages for current products
* Supervise the backlog and prioritize production and design projects
Profile
Bach",Test Engineer Manager postings typically ask you to: Design and develop test procedures and equipment to support environmental and electronic testing of power supplies and power conversion products. Ensure all needed Test systems are available and maintained in a functional state. Ensure sufficient trained staff within Test Engineering to meet demand for new and existing products. Work Schedules: Lockheed Martin supports a variety of a.
axiom developer,Axiom Developer,engineering,17,11,,0,11.8,25.0,47.1,"SQL, Oracle, Tableau, Data Modeling, Data Analysis, Python",Axiom Developer,Resource Consultings Services Inc,"Role- Axiom Developer
Location- ONSITE - Pittsburg, PA
Duration- 12 months
Essential Functions
●Leads complex problem solving and provides technical guidance and support to colleagues and solution development.
●Proposes, designs & codes software solutions to address complex business needs.
●Oversees technical and procedural documentation as required.
Top Five Skills Required
●3 years of Hands on configuration experience using Axiom for very large data sets.
●Very good Oracle and PLSQL skills Axiom reporting (candidate should be able to explain experience with these reports)
●Knowledge of Banking, Financial and US regulatory environment
●Experience working in projects using waterfall or agile
●Knowledge and experience of data modeling and data warehouse concepts.
●Working knowledge of software design patterns and architecture
Regards
_______________________________
Sajjad
Resource Consultings Services Inc.
Parsippany, NJ
Ofc :: +1 (201)-809-9207 Ext-424
Email:
sajjad@rconsultinginc.com
Show more
Show less",Axiom Developer postings typically ask you to: Collaborate with partners to understand business requirements and translate them into AxiomSL solutions. Configure and implement AxiomSL data models rules and workflows to meet regulatory reporting needs Customization and Development. Develop and maintain custom solutions within the AxiomSL platform. Write and optimize SQL queries and scripts to extract transform and load ETL data for reporting purposes.
pursuit specialist,Pursuit Specialist,it_support,17,2,85491.0,1,70.6,100.0,5.9,,Senior Pursuit Specialist - Health,HDR,"About Us
At HDR, we specialize in engineering, architecture, environmental and construction services. While we are most well-known for adding beauty and structure to communities through high-performance buildings and smart infrastructure, we provide much more than that. We create an unshakable foundation for progress because our multidisciplinary teams also include scientists, economists, builders, analysts and artists. That's why we believe diversity is our greatest strength. HDR is proud to be an equal opportunity workplace and an affirmative action employer.
Watch Our Story:
' https://www.hdrinc.com/our-story'
We believe that the way we work can add meaning and value to the world. That ideas inspire positive change. That coloring outside the lines can illuminate fresh perspectives. And that small details yield important realizations. Above all, we believe that collaboration is the best way forward.
At HDR, we are compelled to improve the communities where we live, work and play. To do that, we need a talented individual who is interested in driving marketing submittals for a range of building types. You will be successful because you love to manage multiple deadlines and teams, ",Postings for Pursuit Specialist do not phrase their day-to-day duties consistently enough to summarise automatically.
digital business analyst,Digital Business Analyst,product,17,14,,0,17.6,75.0,47.1,"SAP, SQL, Power BI, Python, Alteryx, Salesforce",Senior Digital Business Analyst,Talent,"Fixed Term Opportunity: 12 Months
Must be an Australian Citizen (Mandatory)
Proven Experience in developing Business Analysis Centre of Excellence
Our Client
Our client is a government-owned organisation responsible for providing services which are essential to the nation’s safety and economic security. They are committed to the continual improvement of their services by becoming leaner, more efficient and more responsive to the changing needs of their customers.
About The Role
We are looking for an experienced, cross-functional,
‘Senior Digital Business Analyst’
you will provide comprehensive and meaningful information, analysis and reporting to assist our client in achieving its strategic, financial, operational, and commercial objectives
Our ideal candidate will act as pillar of strength and help lay down the foundation for the adoption of new project methodologies and ways of working for our client, as well as initiating and being part of the Centre of excellence for business analysis across the delivery portfolio.
The platform these implementations will be showcased on would be on SAP S4/HANNA under our client’s ‘SAP Cloud & Workforce Rostering Project’. The ideal candidate wo","Digital Business Analyst postings typically ask you to: Build and maintain relationships with stakeholders and cross-functional teams to deliver digital, tech, and business solutions from start to end. Partner with commercial teams and other parties to collect, analyze, document, and communicate the user digital requirements. Manage change in requirements. Partner with business process owners, application directors and developers to ensure each project meets a specific need and resolves successfully."
military and family life counselor,Military And Family Life Counselor,engineering,17,3,,0,0.0,,0.0,,Military and Family Life Counselor - Embedded,Magellan Federal,"This position is included in a Collective Bargaining Agreement.
The Embedded position supports military members at Fort Moore. Candidates must be local to Fort Moore or willing to relocate to become local and be licensed at the independent level in the state of Georgia as a Social Worker (LCSW), Therapist (LMFT), or Mental Health Counselor (LPC).
Provides the full breadth of MFLC consultation and counseling services to the command structure and military service members and their families as an embedded counselor assigned to a dedicated military unit. Responsible for providing MFLC services including non-medical, short-term, walk-around counseling, training/health and wellness presentations, and consultation to the brigade/regiments command regarding behavioral health issues with a understanding of the particular military unit, cultural and mission.
Provides non-medical, short-term, solution focused, walk-around counseling directly to service and family members of a dedicated military unit (brigade, wing or regiment) as an embedded counselor. Services include assessment, brief counseling and consultation, action planning, referral to resources (assuring linkage as appropriate), and ",Postings for Military And Family Life Counselor do not phrase their day-to-day duties consistently enough to summarise automatically.
fullstack web developer,FullStack Web Developer,engineering,17,13,109600.0,3,47.1,33.3,35.3,"PHP, HTML, JavaScript, React, SQL, CSS",Full Stack Web Developer,Blue Signal Search,"Upgrade your resume prior to applying with
resumeandcareerservices.com
.
Our client is a leading provider in the legal services space with over 40 years of successful growth. The company is expanding and looking to hire a Full Stack Web Developer to support development of their online solutions and service offerings.
The Full Stack Web Developer will be responsible for application development, design, and maintenance. They will utilize their full-stack development background in various programming languages to run the full development lifecycle, working alongside other developers on platforms such as CRM, Customer Portal, Public websites, custom tools, and several third-party integrations. This role will work closely with an agile team and system developers to deliver high-quality, testable software that meets project requirements.
Candidates must be able to work onsite in Lewes, DE.
This Role Offers:
Comprehensive benefits package includes competitive base salary, 401(K), healthcare, vision, dental, tuition reimbursement, perks, and more.
Excellent industry reputation with over 40 years of experience in the space.
Strong pipeline of support with state-of-the-art technical resource","FullStack Web Developer postings typically ask you to: Support in all stages of the project lifecycle from requirements to design, to development, to testing, and implementation. Develop and build out CRM, Customer Portal, Public websites, custom tools, and several third-party integrations. Build backend APIs and frontend UIs that are simple and powerful. Create code in full stack capacity – involving several languages."
ml engineer,ML Engineer,ai,17,11,178500.0,1,76.5,88.9,52.9,"Machine Learning, Deep Learning, Python, Git, Linux, C++",Senior ML Engineer,CyberCoders,"Funded (40+ Mill) Industry-Leading Autonomous Driving Software Co. Seeks Senior ML Engineer! San Jose, CA!
We are an industry-leading provider of some of the world's top autonomous driving software that has acquired over 40 Mill in funding! As we grow our team, we are looking for people who want to build long-term careers with us!
Onsite opportunity with flexibility up to 1 day per week remotely.
What's In It for You
Competitive salary contingent on experience
Health, dental, and vision benefits
Equity
Potential Bonus
Some flexibility to work remotely (one day per week)
Opportunity to be part of a leader in the autonomous driving market!
What You Need for this Position
4-5 years of professional experience in Machine learning, Deep Learning
Experience working on AI-related projects
Experience in deep learning, computer vision, and/or object Detection
Ability to travel to Isreal at least once per year and CA Driver's license
M.Sc. or equivalent work track experience in CS, EE, Physics, or other quantitative field
Python, C++, Linux, Git (Plus)
Automotive AI and/or medical device company (Plus)
Ph.D. (Plus)
What You Will Be Doing
Designing, training, and optimizing novel computer visi",ML Engineer postings typically ask you to: Build and deploy applications that utilize AI/ML models. Collaborate with data scientists to ensure the accuracy of ML models. Lead initiatives to empower citizen data scientists across Penske by providing self-service AI resources. Design data pipelines and infrastructure to support our enterprise machine learning systems.
plc programmer,Plc Programmer,engineering,17,14,67600.0,2,0.0,0.0,29.4,"System Design, Excel, HTML",PLC Programmer,ProSearch,"Our client, based in Houlton, Maine, is searching for a Senior Plant Controls Engineer to join their team. This direct-hire role offers the chance to work onsite and tackle moderately complex engineering projects.
Key Responsibilities:
-
Engineering Excellence
: Develop and implement engineering solutions that meet project goals and customer requirements.
-
Control Systems:
Design automation and process control systems integrating PCs, PLCs, AC or DC Drives, Position Controllers, and more.
-
Statistical Control:
Incorporate statistical control components into system design, including control charting, real-time and historical trending, remote monitoring, and data acquisition/control.
-
Programming Pro:
Develop, install, and debug control system programming, encompassing PC operating, PC/PLC communications, PLC HMI, and specialty component software.
Qualifications:
-
Tech-Savvy:
Strong knowledge of networking equipment, software, routers, and cabling.
-
PLC Expertise:
Detailed understanding of plant PLCs and HMI software.
-
HMI Mastery:
Proficiency with HMI hardware and software, including Wonderware Intouch and Active Factory.
-
Drive Knowledge:
Familiarity with AC & DC drives, coo","Plc Programmer postings typically ask you to: Perform basic troubleshooting using standard electrical/mechanical equipment, detailed drawings, and machine manuals. Assist Service Delivery Manager in the development of programming standards and library functions. Work cross-functionally with process, mechanical and service delivery teams. Support limited runs with product running through the machine."
electrical automation engineer,Electrical Automation Engineer,devops,17,7,105650.0,3,23.5,0.0,17.6,Data Analysis,Electrical & Automation Engineer,Stantec,"Electrical & Automation Engineer - ( 230003D9 )
Description
At our core, we’re a community. Together, we exercise creative thought, developing engineering and designs as individual as the people and projects we touch. From approval and permitting to design and construction management services, we put the goals of our clients and their communities at the center of everything we create. Join us as we assist mining companies in getting mined materials to communities around the globe. We are a leader in underground hard rock mining engineering and related technology, serving the largest, deepest, and most technically challenging mines in the world. This is where great ideas and rewarding careers are built.
Your Opportunity
Stantec’s Mining Practice is hiring an Electrical & Automation Engineer to join our growing team in North Bay ON, Sudbury ON or Saskatoon SK. This position reports to the Supervisor of Electrical & Automation. As an Electrical & Automation Engineer, you will be a key member of the electrical/automation team working with various clients in completing feasibility studies and detailed engineering projects for underground and surface mining operations. You will have the ","Electrical Automation Engineer postings typically ask you to: Design power distribution, control panels, and systems interconnect to meet NFPA79, IEC 60204-1, UL 508A standards. Design functional safety circuitry as per ISO 13849-1. Troubleshoot, identify, and solve electrical syst. Create Budgetary Estimates and Bid Packages on assigned projects."
javascript developer,JavaScript Developer,engineering,17,12,,0,35.3,75.0,23.5,"JavaScript, React, AWS, CSS, TypeScript, Node.js",Senior JavaScript Developer (React),Syrinx Consulting,"We are hiring for multiple roles in Boston, Burlington, and Chelmsford, MA for mid-level and senior-level experienced ReactJS engineers.
Must have experience with React.js!
Apply directly to creposa@syrinx.com
We have partners in the Ed Tech, Fin Tech, and Real Estate Tech domains right now! What gets you the most excited?
We are looking for an awesome front end focused developer that has enterprise experience with ReactJS. You should also have an advanced knowledge of JavaScript, including ES6 or ES7 or even ES8, prototype-based inheritance, event delegation, closures, AJAX, JSON, JS memory model, etc.
Required
Experience with React.js
Experience with javascript toolchain, from build system to automated testing
Experience with other modern JavaScript frameworks including Node, Angular2+, Ember, or Backbone.
Redux application architectures.
NPM and Module Design
Strong knowledge of HTML5, CSS, DOM, AJAX, and RestfulAPI
Experience with Agile processes
Strong communication skills
Experience with backend technology and frameworks.
Show more
Show less","JavaScript Developer postings typically ask you to: Implement and optimize data models, business logic, and user interfaces to meet project requirements. Collaborate with cross-functional teams to understand customer and business needs, ensuring alignment with development goals. Design and define API contracts for efficient web services. Provide expertise in infrastructure components, including services, network, and hosting."
big data engineer,Big Data Engineer,data,16,16,,0,56.2,40.0,62.5,"Big Data, Spark, SQL, Hadoop, Java, Python",Senior Big Data Engineer,Wise Skulls,"Job Title : Senior Big Data Engineer
Location : Dallas,TX
Duration : 36 Months
Implementation Partner : TCS
End Client : To be disclosed
Job Description
Strong experience building and optimizing 'big data' pipelines, architectures and data sets.
Strong experience with relational SQL
Hands on in NoSQL (Any two) - Postgres, teradata , netezza and CosmosDB and implement in on-prem/Azure
Strong experience with programming background - object-oriented/object function scripting languages, Python and Java
Worked on File Formats: JSON, Avro and Parquet
Experience with big data platforms - Hadoop, Spark and Kafka
Good working knowledge of message queuing, and highly scalable 'big data' data stores.
Experience with data pipeline and workflow management tools like Airflow.
Worked in SAFe Agile
Good To Have
Familiarity with data management tools (Tamr, Trifacta)
Experience with cloud services: Azure, GCP Stream Processing
Roles and Responsibilities
Development activities in Big Data, NOSQL technologies
Work with Product Owners and Agile Facilitator/Deliver Lead to do implementation of product as per strategy and roadmaps.
Maintains awareness of emerging technology in the market and technical i","Big Data Engineer postings typically ask you to: Drive the creation and refinement of metrics, monitoring, and alerting mechanisms to give us the visibility we need into our production services. Collaborate with data scientists, analysts, and other stakeholders to understand data requirements and design efficient solutions. Manage and optimize Spark clusters to ensure high performance and reliability. Perform data exploration, data cleaning, and data transformation tasks to prepare data for analysis and modeling."
statistical programmer,Statistical Programmer,engineering,16,12,165520.0,4,75.0,60.0,31.2,"SAS, Statistical Analysis, SQL, SAP, XML, Data Analysis","Associate Principal Statistical Programmer, Real World Evidence- Hybrid",Merck,"Job Description
This position provides high quality statistical programming analysis and reporting and regulatory submission deliverables for Real World Evidence projects across our company's Biostatistics and Research Decision Sciences (BARDS) group. The associate principal statistical programmer utilizes strong expertise in multiple programming languages including SAS and R to efficiently manipulate electronic healthcare databases to discover disease prevalence and risk factors, describe drug utilization patterns and disease progression, answer clinical development questions, and support regulatory submissions. In this role, the associate principal statistical programmer will gather and interpret user requirements from BARDS epidemiologists, retrieve the required data from electronic healthcare databases, and develop disease cohorts, analytical datasets, tables, figures, and submission deliverables and perform validation activities following departmental SOPs. The associate principal statistical programmer will be a key collaborator with BARDS epidemiologists and partner with the team mapping data to RWE industry submission standards to execute project plans efficiently and overs",Statistical Programmer postings typically ask you to: Oversee CRO development of SDTM and ADaM specifications and related deliverables. Maintain the highest standards of quality and documentation. Implement methods for efficient re-use and adaptation of SAS programs for multiple purposes and studies. Document the quality control review process.
software tester,Software Tester,qa,16,14,,0,37.5,33.3,18.8,"Jira, Agile / Scrum, SAP, Dynamics 365, Linux, Windows",Senior Software Tester,CACI International Inc,"Job Category: Information Technology
Time Type: Full time
Minimum Clearance Required to Start: None
Employee Type: Regular
Percentage of Travel Required: None
Type of Travel: None
CACI is seeking a Sr. Software Tester primarily responsible for verification and validation of services and application deployed on the Microsoft Platform. This includes SharePoint Online and CRM Dynamics 365 software products.
More About The Role
Develop, document and execute test plans, test cases, and test scripts for integration, functional, regression and user acceptance testing to identify system and software problems and their causes, record defects and reporting the results of testing.
Develop and implement quality assurance methodologies to ensure compliance with quality assurance standards, guidelines, and procedures.
Work closely with developers, business analysts, and product owner to define testing approach for validating requirements against developed software.
Collaborate with Product Owners to understand product specifics and create test strategies.
Participate in product backlog grooming, sprint planning, product demonstrations and sprint retrospectives.
Execute test cases, document resul","Software Tester postings typically ask you to: Develop and implement quality assurance methodologies to ensure compliance with quality assurance standards, guidelines, and procedures. Work closely with developers, business analysts, and product owner to define testing approach for validating requirements against developed software. Collaborate with Product Owners to understand product specifics and create test strategies. Execute test cases, document results and track issues to completion."
cloud infrastructure engineer,Cloud Infrastructure Engineer,devops,16,13,133900.0,5,56.2,71.4,43.8,"Azure, AWS, Kubernetes, Linux, GCP, Docker",Cloud Infrastructure Engineering Associate - Summer Internship 2024,Heartland Business Systems,"Job Type
Full-time, Temporary, Internship
Description
Position Summary:
The Cloud Infrastructure Engineering Associate will assist in development, implementation, and supporting related services and solutions for consulting clients. This position will participate in building customer-focused relationship with clients to identify business challenges and develop specifications and requirements to arrive at the best solution.
Roles and Responsibilities/ Essential Functions:
Work as a member of the HBS Cloud Architecture Team (CAT) as a contributor that provides consultative and proactive project support to Heartland Business Systems’ (HBS) account base.
Obtain knowledge on a variety of technologies and platforms as directed by your leader and customer demand.
Provide support, maintenance, and administration for customer environments.
Contribute to, when possible, the process to assess, develop, implement, optimize, and document security technologies and processes, data protection, cryptography, key management, identity, and access management (IAM) within SaaS, IaaS, PaaS, and other cloud environments.
Cross-Education / Mentoring of other Heartland Interns, Engineers, and related perso","Cloud Infrastructure Engineer postings typically ask you to: Collaborate and be a leader across multiple internal teams to ensure successful delivery and timely execution of the scope of work. Provide senior level support, maintenance, and administration for customer environments and review for other potential concerns or enhancement opportunities. Implement and manage security architectures for cloud/hybrid systems. Work in and always model a positive team atmosphere between regional and virtual practices while maintaining a professional and respectful demeanor."
it support manager,IT Support Manager,it_support,16,12,77500.0,3,100.0,75.0,25.0,"Windows, VMware, Firewalls, Active Directory, Azure, SAP",IT Support Manager – Lead and Manage a Team,Bowman Williams,"We are seeking two IT Support Managers to provide 50% hands-on Tier III support and 50% Management and Operations for small IT team.
Interested in working for a small IT company that has an entrepreneurial feel but is backed by $20 million in revenue?
Interested in joining a team that certifies its Techs (70% of Technicians received at least 2 certifications in the first 12 months)
Interested in working with IT professionals who do it right the first time?
This would be considered a Tier III role. This position involves Windows, VMware support & new project installs for companies leveraging Cloud and virtualization technology.
The successful candidate for the IT Support Manager is responsible for client design and system support of Windows environments. A CCNA is a plus. MSCE and MCSA is a BIG plus.
IT Support Manager – Windows Environment Qualifications
A combination of hands-on technical work and management and operations for a small IT Consulting company
Experience being a Team Lead on the Help Desk or handling escalations for an IT support team
Designing and troubleshooting with Windows Server 2012/2016 and Exchange 2010/2013 & Office 365
Experience supporting small and mid-siz","IT Support Manager postings typically ask you to: Manage supplier relationships and contracts and related budgets. Support the Head of IT Operations in achieving departmental and team objectives, deputising in their absence. Ensure that all IT-related policies, processes, and procedures are followed, that confidentiality is maintained, and tha. Identify, implement and regular review of logistics IT solutions (SAP/ERP Warehouse Solutions and Infrastructure for future warehouse) as applicable."
active directory security engineer,Active Directory Security Engineer,security,16,1,173350.0,1,100.0,100.0,100.0,"AWS, Active Directory, Azure, Excel",Sr. Active Directory Security Engineer (Hybrid),Jobs for Humanity,"Company Description
Jobs for Humanity is partnering with Capital One to build an inclusive and just employment ecosystem. Therefore, we prioritize individuals coming from the following communities: Refugee, Neurodivergent, Single Parent, Blind or Low Vision, Deaf or Hard of Hearing, Black, Hispanic, Asian, Military Veterans, the Elderly, the LGBTQ, and Justice Impacted individuals. This position is open to candidates who reside in and have the legal right to work in the country where the job is located.
Company Name: Capital One
Job Description
West Creek 4 (12074), United States of America, Richmond, Virginia
Sr. Active Directory Security Engineer (Hybrid)
Do you have experience with building modern authentication solutions that include Ping, AWS directory services and Active Directory with security principles in mind? Do you have a desire to learn and work on exciting leading edge technologies, design solutions for complex on-premises and cloud-based directory solutions, and push both technology and security into the future? If so, then keep reading as this role might be for you.
Capital One is seeking an experienced engineer within the Cyber Identity and Access Management organi",Postings for Active Directory Security Engineer do not phrase their day-to-day duties consistently enough to summarise automatically.
ux researcher,UX Researcher,design_ux,16,12,98000.0,3,18.8,80.0,31.2,"User Research, A/B Testing, Vector Databases, Data Analysis, Machine Learning, Prototyping",UX Researcher,RVO Health,"AT A GLANCE
We are seeking a passionate and experienced UX Researcher to join our team. As a UX Researcher at RVO Health, you will play a pivotal role in understanding our users, their needs, and behaviors. Your insights will inform the design and development of user-centric healthcare solutions, ensuring that our products are intuitive, engaging, and effective.
Where You'll Be
To prioritize togetherness, culture, and accountability, RVO Health operates on a hybrid in-office work schedule. We expect employees to work from our Minneapolis office Tuesday, Wednesday and Thursday each week. You are welcome to work remotely Mondays and Fridays if you wish.
11000 Optum Cir Eden Prairie, MN 55344
What You’ll Do
Plan, execute, and analyze user research studies to gain a deep understanding of user behaviors, preferences, and pain points.
Collaborate closely with cross-functional teams, including designers, product managers, and developers, to integrate user insights into the product development process.
Conduct usability testing, surveys, interviews, and other research methods to gather user feedback and validate design decisions.
Create and maintain user personas, journey maps, and other u","UX Researcher postings typically ask you to: Collaborate closely with cross-functional teams, including designers, product managers, and developers, to integrate user insights into the product development process. Conduct usability testing, surveys, interviews, and other research methods to gather user feedback and validate design decisions. Create and maintain user personas, journey maps, and other user-centered design artifacts to inform product strategy. Identify opportunities for improving the user experience and advocate for user-centered design principles throughout the organization."
pl/sql developer,Pl/sql Developer,engineering,16,14,124800.0,1,50.0,54.5,68.8,"SQL, Oracle, Java, Unix, ETL, Data Analysis",PL/SQL Developer / Data Analyst,HireKeyz Inc,"Job Details
Role: PL/SQL Developer / Data Analyst
Location: Hybrid (Annapolis, MD) ; 3 days remote ; 2 days onsite
Duration: 12-month contract
SCOPE
Analyzing, testing, debugging and repairing PL/SQL based applications & packaging and configuring Oracle object components for deployment
Required Skills
Active Oracle PL/SQL certification
Twelve (12) or more years of SQL programming experience
Twelve (12) or more years of PL/SQL programming experience
The ability to:
Break down complex programming concepts into organized and concise units.
Work in an agile, self-motivated environment with multiple, concurrent priorities.
An understanding of relational data concepts and the ability to apply these concepts to concrete solutions.
Development skills with Oracle PL/SQL (Packages, Functions, Procedures, triggers), Materialized Views, DBLinks, and Oracle Jobs.
Strong analytical skills for evaluating, documenting, and enhancing existing and new data models.
Experience with:
Reverse Engineering and Refactoring PL/SQL code
Extraction, Transform and Load programming
Data Warehouse/ Data Mart design
Asynchronous event-driven applications
Knowledge of the following:
BI Publisher,
Java syntax,
SQL ","Pl/sql Developer postings typically ask you to: Write scripts, stored procedures, and reports. Work in an agile, self-motivated environment with multiple, concurrent priorities. Build and operationalize the minimally inclusive data necessary for the enterprise data and analytics initiatives. Drive automation through effective metadata management."
net software engineer,Net Software Engineer,engineering,16,9,110240.0,3,68.8,10.0,62.5,".NET, SQL, DevOps, AWS, Azure, JavaScript",Senior .NET Software Engineer - Biotech Instrumentation (JP10677SSF),"3 Key Consulting, Inc.","Job Title:
Senior .NET Software Engineer - Biotech Instrumentation (JP10677SSF)
Location:
Thousand Oaks, CA., OR South San Francisco
Business Unit:
Research & Automation Technologies (R&AT) - Center for Research Acceleration through Digital Innovation
Employment Type:
Contract to Hire
Duration:
3 years with likely conversion to FTE
Posting Date:
09/07/1022
3 Key Consulting is hiring
Senior Software Engineer
for a consulting engagement with our direct client, a leading global biopharmaceutical company.
Job Description
Manager is looking for onsite support, either to the Thousand Oaks or South San Francisco locations. This is a developer role and not a typical software engineer. they will be writing software for automation used in robotics for lab equipment.
Qualifications
Manager needs individual with min Bachelors and 4 YOE or Masters with 2 YOE.
Looking for expertise with Microsoft development technologies (Visual Studio, .NET framework, C#, WPF), and Python.
Experience with cloud-based technologies, in particular AWS.
Experience with database technologies (SQL Server, Oracle, NoSQL).
Experience with DevOps (GitLab, TeamCity).
The Research & Automation Technologies (R&AT) group wi",Net Software Engineer postings typically ask you to: Support and develop software engineers by mentoring and educating. Ensure high-performing and scalable solutions by proactively monitoring and assessing various performance metrics both pre and post-implementation. Provide end user mentoring and training in 1-1 and small group settings. Partner with the various subsidiaries to create a vision for future advancement of our applications.
global product manager,Global Product Manager,product,16,15,150000.0,4,100.0,0.0,18.8,Data Analysis,Senior Global Product Manager,"Gateway Recruiting - Gateway to Global Careers - Contingent, Retained, Contract Recruiting Services","The Job Opportunity:
The
Sr. Global Product Manager
position will be the internal and external champion for all physician, nurse, and patient stakeholders as it relates to our remote pressure monitoring offerings for heart failure. The selected candidate will be responsible for serving as a key contributor to the strategy, product development and commercialization efforts for HF Monitoring solutions, including a Class III implantable sensor and delivery system designed to enable frictionless acquisition of critical heart failure monitoring information. The person in this position will be regarded as a leader and deep technical expert related to assigned product(s)/product lines with broad knowledge of related fields.
Job Responsibilities:
Monitor, analyze, and evaluate domestic and international market trends, consumer behavior and competitor activity to identify unmet needs and market opportunities.
Provide guidance and support on related product development activities, market development activities, and collaboration with regional sales and marketing teams to ensure world-class commercialization.
Clearly define user needs/customer requirements, product positioning, key issues, st","Global Product Manager postings typically ask you to: Collaborate with cross-functional colleagues to develop integrated business plans for assigned programs. Partner with clinical and systems engineering colleagues to shape customer requirements. Conduct market research and competitive analysis to stay up to date on industry trends and best practices. Develop and execute the product and service strategy, road-map, and all other elements of a product factbook for all the products and services owned."
controls automation engineer,Controls Automation Engineer,devops,16,13,120000.0,1,68.8,14.3,43.8,System Design,Controls & Automation Engineer III,Hargrove Controls & Automation,"Overview
Supports the design of larger and more complex automation and controls engineering assignments and/or small automation projects. This position can be expected to operate as the technical lead on smaller projects or part of a project team that completes complex tasks within the job function under some supervision.
Configure and develop Foxboro Evo, Emerson DeltaV, Honeywell Experion, ABB, Yokogawa, and/or Honeywell TDC Control System applications per project specifications
Develop Foxboro Evo, Emerson DeltaV, ABB, Honeywell Experion, Yokogawa, and/or Honeywell TDC programming that will allow plant operations to control process manufacturing equipment
Work in a team environment with engineers and specialists from Hargrove and our clients
Ideal Background
Qualifications
5+ y ears of developing and implementing Foxboro Evo, ABB, Yokogawa, Emerson DeltaV, Honeywell Experion, Honeywell TDC, or other DCS systems
B.S. or M.S. degree in Chemical, Electrical, or Computer Engineering or Engineering Technology (Significant experience can replace degree requirement)
Familiarity with project scope, specifications, and design criteria upon assignment to a project task team.
Experience in","Controls Automation Engineer postings typically ask you to: Provide accurate system diagrams, loop diagrams, block diagrams, and network diagrams for new or existing software systems. Perform as lead engineer on the solutions developed by the team; understand and ensure compliance with the functional descriptions. Design Group provides engineering, project management, regulatory compliance, and other technology services to the world’s leading companies. Develop system documentation including electrical drawings."
security operations center officer,Security Operations Center Officer,security,16,1,,0,0.0,,0.0,,Security Operations Center Officer,Allied Universal,"Overview
Allied Universal®, North America’s leading security and facility services company, provides rewarding careers that give you a sense of purpose. While working in a dynamic, diverse and inclusive workplace, you will be part of a team that fuels a culture that will reflect in our communities and customers we serve. We offer medical, dental and vision coverage, life insurance, retirement plan, employee assistance programs, company discounts, perks and more for most full-time positions!
Job Description
Start Your Career With A Growing Company Today!
Interviews Available Daily!
No Guard Card? No Problem! We can assist with obtaining a Guard Card at no cost to the applicant!
Weekly Pay/Daily Pay
Uniforms and Equipment provided at no cost
Full Time, Permanent, Excellent Benefits, Career Progression
Pay Rate: $19.00 / hour
Paid Training
As a Security Operations Center Officer, you will serve and safeguard clients in a range of industries such as Commercial Real Estate, Healthcare, Education, Government and more.
Responsibilities
Provide customer service to our clients by carrying out safety and security procedures, site-specific policies and when appropriate, emergency response act","Security Operations Center Officer postings typically ask you to: Monitor closed circuit television systems and alarms. Monitor and operate facility computers systems regularly, as assigned. Monitor closed circuit tel."
publishing systems engineer,Publishing Systems Engineer,devops,16,2,,0,100.0,,0.0,XML,Publishing Systems Engineer I/II/III,Excellus BCBS,"Summary
Job Description:
The Document Solutions team focuses on the design and creation of correspondence and transactional statements using various software programs. The Publishing Systems Engineer operates in a business analyst/document-generation specialist role as part of the Document Solutions team. This role focuses on programming within the various systems utilized by our Solutions Team.
Essential Responsibilities/Accountabilities
Level I:
Develops code; analyzes, researches, and resolves system issues for electronic publishing-related problems.
Creates, maintains, and follows all documented processes and standards.
Builds new and updates existing workflows and documents using xml and text data in variable data composition systems based on the requirements and functional specifications.
Documents functional specifications and solutions for work to be performed.
Develops or assists in the development of systems testing and implementation plans. Reviews test results to ensure compliance with design specifications.
Participates in business requirement planning and analysis sessions.
Identifies best practices and participates in creation of Organizational Standards.
Performs ba",Postings for Publishing Systems Engineer do not phrase their day-to-day duties consistently enough to summarise automatically.
embedded software developer,Embedded Software Developer,engineering,16,10,153750.0,3,50.0,14.3,43.8,"C++, Linux, Python, Segment, Unit Testing, Cybersecurity",Embedded Software Developer – Satellite Communications,Syntronic - A Global Design House,"Are you ready to be part of a leading global engineering design house specializing in the design and development of embedded software/hardware, electronics, and electro-mechanics?
What we’re looking for
Highly motivated and dynamic professionals
Motivated designers with broad backgrounds and service mindset to be a consultant
Professionals with ability to work both with in-house projects and on-site assignments at our customer’s locations
What you'll do
Collaborate with experienced engineers in the design, coding, testing, and maintenance of software applications.
Develop and maintain embedded software modules using programming languages like C++ and Python.
Assist in the implementation of networking solutions, ensuring seamless communication between software components.
Contribute to the development of software tools, libraries, and frameworks to enhance overall product quality and efficiency.
Participate in code reviews, providing constructive feedback to enhance code quality and adherence to coding standards.
Collaborate with the team to troubleshoot and resolve software defects and technical issues.
Support the integration of software components on Linux operating systems.
Assi","Embedded Software Developer postings typically ask you to: Develop and maintain embedded software modules using programming languages like C++ and Python. Assist in the implementation of networking solutions, ensuring seamless communication between software components. Collaborate with the team to troubleshoot and resolve software defects and technical issues. Support the integration of software components on Linux operating systems."
cyber security,Cyber Security,security,16,15,147290.0,3,81.2,50.0,50.0,"Cybersecurity, Risk Management, Incident Response, Linux, Windows, Python","Cyber Security, Information Systems Security Manager (ISSM)","BAE Systems, Inc.","Job Description
Jumpstart your career as a cybersecurity professional with BAE Systems, supporting and protecting information systems critical to national security at one of the leading companies in Aerospace and Defense. Develop your Information Assurance (IA) career through hands on application, work with seasoned professionals, and a training and development plan designed to grow your skills in a fast paced, team-based environment.
If you are looking to learn, influence, and help develop top cyber technologies, applications, and processes that protect and service our customers wherever they may be air, land, and sea come join our award-winning security family here at Electronic Systems (ES).
Responsible for supporting adherence to all aspects of a rigorous Risk Managed Framework (RMF) compliance program as stipulated by NISPOM/DAAPM, DFARS Clauses, and associated NIST publications.
This includes obtaining and maintaining Authority to Operate (ATO) approvals for various systems by adhering to the Risk Management Framework (RMF). This position supports cybersecurity efforts throughout the RMF process for one or more assigned programs(s) to include supporting the development and ma","Cyber Security postings typically ask you to: Review, action alerts, and investigate security incidents. Define and implement remediation steps to minimize threats and vulnerabilities. Support engineering activities to ensure project compliance with obligations and requirements. Support includes potential future requirements, emerging technologies, system growth, and new/upgraded equipment as needed."
marketing data analytics product owner,Marketing Data Analytics Product Owner,product,15,1,,0,100.0,,0.0,"SQL, Tableau, Data Visualization, Power BI, Data Analysis, Python",Marketing Data & Analytics Product Owner - Senior Directo,ClickJobs.io,"WHAT YOU'LL DO As the senior director for our marketing analytics function, you will take strategic ownership of shaping and delivering our marketing analytics strategy and associated program to ensure the team is well-positioned to surface data-driven insights and recommendations demonstrating the value and impact of our marketing activities. This could involve identifying growth opportunities, predicting marketing trends, or understanding customer segments. YOU'RE GOOD AT The ideal candidate for this role has demonstrated ability to deliver value through generating digital channel and audience insights through leveraging first and third-party data sources as well as applying knowledge of digital consumption best practices. This expertise is critical to scale and innovate BCG’s approach to audience acquisition as well as our ability to identify opportunities for engagement for clients and whitespace. The ideal candidate for this role understands the value and impact of actioning insights from digital channels, understanding what good looks like, as well as has deep technical knowledge of how to build a visual story shown through data. This role will oversee a team of subject matte",Postings for Marketing Data Analytics Product Owner do not phrase their day-to-day duties consistently enough to summarise automatically.
permit specialist,Permit Specialist,it_support,15,13,42936.0,2,13.3,75.0,26.7,"Excel, Workday",Permit Specialist,Metronet,"Love Your Mondays again!
Permit Specialist
As a
Permit Specialist
you are responsible for coordinating everything that is needed for us to obtain permit and pole applications so that we can build out our fiber network. This means working with internal
Metronet
stakeholders to make sure that we have everything that is needed when submitting permits so that we are in alignment with all applicable Federal, State and Local rules and regulations. It also means working with external stakeholders, answering questions that they might have or getting them any additional information needed, during the permit approval process. This means that a high level of organization, attention to detail, and strong written and verbal communication skills are needed to excel in this fast-paced.
ESSENTIAL JOB FUNCTIONS:
Coordinate with Engineering to understand what permits need to be submitted and to what governing authority.
Coordinate with CAD Tech to prioritize permits needing drawn up.
Coordinate with Engineering to understand what poles to submit and to what pole company to submit to.
Submit Pole Attachment Request Applications
Will actively track process with the different pole providers.
Will keep ","Permit Specialist postings typically ask you to: Drive to and from jurisdictions to submit and obtain permit approval packages as required. Maintain permit queue and provide management with status of each permit request. Perform jurisdictional and utility research, address municipal code and document requirements for other team members. Maintain the robust process for tracking research for AHJs in the company’s database of record."
automation test engineer,Automation Test Engineer,qa,15,12,145000.0,3,66.7,60.0,33.3,"SQL, Java, Data Analysis, .NET, Python, Agile / Scrum",Automation Test Engineer,Hansen Technologies,"Job Description
Automation Test Engineer
About The Role
Exciting opportunity for an experienced Automation Test Engineer to join our CSD Team in Newport or Teddington. Take a key role in driving success as Automated Test Engineer to help us continue to build and improve our product platform used by internal teams and customers alike.
Key Responsibilities
Follow BDD using SpecFlow to create and maintain of automated tests.
Perform effective defect management and drive defects to closure by taking complete bug ownership.
Assist Documentation Department with understanding API definition and functional requirement interpretation.
Assisting with Performance test preparation and execution and summarization of results.
Perform basic business analysis on specifications (user, functional, technical) to design, create and maintain existing automated test cases and test suites.
Able to create test conditions and automated test cases/scripts from documents, GUI or from both.
Leverage debugging tools and interpret data to provide more information about software defects.
Participate in peer reviews of bugs and test cases.
Take part in improving the overall Quality Assurance Process of the end-to","Automation Test Engineer postings typically ask you to: Conduct both manual and automation test procedures to ensure quality of software product delivered. Build robust, scalable, and high-quality test automation for both front-end and API solutions. Collaborate closely with developers and product owners in an agile environment, using technical stories to create effective test scenarios. Review Test cases developed by other team members."
infrastructure solutions architect,Infrastructure Solutions Architect,engineering,15,13,,0,13.3,70.0,66.7,"Azure, VMware, Firewalls, Windows, Redis, AWS",Infrastructure Solutions Architect 3,AddSource,"Job Title: Infrastructure Solutions Architect 3
Location: Lansing, MI 48933
Job Description
We are seeking a Infrastructure Solutions Architect (ISA) to design, manage, and administer computer infrastructure and software.
The ideal candidate will ensure application uptime and high performance for multiple ORS applications, including but not limited to: WebSphere administration, Clarety Customer Support Application, Employer Reporting, and MI Account.
Also, the ISA is responsible to ensure that system hardware, operating systems, software systems, and related procedures adhere to State policies, standards, and guidelines.
The ISA will help design, implement, and maintain Azure-based systems, work with development teams to optimize Azure infrastructure for application performance, develop and maintain Azure infrastructure automation scripts, monitor, and troubleshoot Azure infrastructure issues, ensure that Azure infrastructure is secure and compliant with industry standards following Client policies and procedures.
The ISA will participate in on-call rotation for production support and will be the backup to the lead architect for ORS.
Responsibilities
Design, implement, and maintain",Infrastructure Solutions Architect postings typically ask you to: Work with development teams to optimize Azure infrastructure for application performance. Develop and maintain Azure infrastructure automation scripts. Monitor and troubleshoot Azure infrastructure issues. Manage and administer IBM WebSphere.
cloud network engineer,Cloud Network Engineer,network_infra,15,9,160725.0,2,73.3,85.7,46.7,"AWS, GCP, Azure, Firewalls, JSON, Ansible",Senior Cloud Network Engineer,TekIntegral,"Senior Cloud Network Engineer
Onsite in Raleigh, NC (Need Local )
Visa: USC GC
Rate: $ 65 /hr C2C
Responsibilities:
Work across the entire Cloud Services organization and ensure cloud networks are implemented as specified
Support on research, design, development and implementation of cloud network architecture and strategy.
Troubleshooting cloud infrastructure issues related to networking and security.
Building highly scalable and highly available solutions deployed on public clouds (such as AWS, Azure, and/or GCP), and/or hybrid environments. Assistance in working with other teams, which includes the network and security teams, for cloud on-boarding and migrations.
25% Incident Management
30% Cloud Infrastructure Administration
15% Cloud Consulting
30% Cloud Management
Required Skills:
6+ Years - Experience with firewall configuration and optimization, including Palo Alto VM Series and Firewall as a Service (AWS and Azure).
6 Years - Experience with routers, routing protocols, and overall routing designs.
6 Years - Experience with VPN technologies to include IPsec and SSL technologies
6 Years - Experience with name services and resolution, associated IP assignments
4 Years - Exper","Cloud Network Engineer postings typically ask you to: Troubleshoot issues for customers in the cloud and provide cloud infrastructure/networking configuration changes. Build highly scalable, highly available solutions deployed on public clouds and/or hybrid environments. Assist the cloud team to evaluate and identify optimal cloud solutions. Assist in providing tactical direction and operational support for the networking and security of cloud applications and platforms."
backend and cloud engineer,Backend And Cloud Engineer,ai,15,1,,0,100.0,,0.0,Machine Learning,Senior Backend and Cloud Engineer - Machine Learning Infrastructure (Python),Scandit,"At Scandit, we are developing smart data capture technology that enables smart devices to capture data from barcodes, IDs, text and objects. Our newest product, ShelfView, is a machine learning-powered platform for retail that enables real time shelf visibility and empowers more intelligent and efficient store operations. With our scalable data capture technology via robots and mobile devices, retailers are on track to save tens of millions in operating expense and in turn generate tens of million more in value for their customers. For more information, please check our product website.
We are now looking for a new colleague to join the ShelfView team and work on providing a scalable backend to power visual product recognition. You will be responsible for evolving our backend to scale product data ingestion and provide low latency recognition.
If these challenges sound interesting to you, we’d love to hear from you!
***Please note, this role can be based remotely in the following countries: Switzerland, Finland, Poland,Italy, Spain, Germany and the UK.***
Scandit is a high-growth tech scaleup from Switzerland with offices in Zurich, Boston, Warsaw, London, Tampere, Tokyo and Singap",Postings for Backend And Cloud Engineer do not phrase their day-to-day duties consistently enough to summarise automatically.
startup founder,Startup Founder,engineering,15,1,,0,0.0,,0.0,"DevOps, Machine Learning",Startup Founder | Full Stack Software developer,Antler,"Are you a full stack software developer with solid programming skills, strong problem-solving abilities, and a passion for developing and improving tech solutions utilizing cutting edge technologies? Perhaps you want to take ownership of your own creations and are looking to build your next tech venture from scratch? You’ve come to the right place!
🚀 About Antler:
At Antler, we lower the barriers to entrepreneurship by giving you the necessary support to find the right co-founder, test and validate your idea, and by providing funding from day zero so that you can build truly global companies. We are a global early-stage venture capital firm that invests in the defining companies of tomorrow to fundamentally improve the world with groundbreaking technology. Our residency brings together experienced and driven professionals from diverse backgrounds to build strong teams and launch their own companies.
We are present in 27 locations worldwide, have supported 6.000+ founders through our programs, invested in 850+ startups, with the goal of backing more than 6.000 by 2030.
💡 About you:
For our upcoming program on March 25, 2024, we are looking for full stack developers who want to build",Postings for Startup Founder do not phrase their day-to-day duties consistently enough to summarise automatically.
cyber software engineer,Cyber Software Engineer,security,15,3,182900.0,3,100.0,,0.0,"Linux, C++, DevOps, Java, Windows, Rust",Sr Principal Cyber Software Engineer (EC),Northrop Grumman,"At Northrop Grumman, our employees have incredible opportunities to work on revolutionary systems that impact people's lives around the world today, and for generations to come. Our pioneering and inventive spirit has enabled us to be at the forefront of many technological advancements in our nation's history - from the first flight across the Atlantic Ocean, to stealth bombers, to landing on the moon. We look for people who have bold new ideas, courage and a pioneering spirit to join forces to invent the future, and have fun along the way. Our culture thrives on intellectual curiosity, cognitive diversity and bringing your whole self to work - and we have an insatiable drive to do what others think is impossible. Our employees are not only part of history, they're making history.
Northrop Grumman is hiring! Earn up to a $20,000 sign on bonus if you are hired against specific TS/SCI Polygraph positions.
At the heart of Defining Possible is our commitment to missions. In rapidly changing global security environments, Northrop Grumman brings informed insights and software-secure technology to enable strategic planning. We're looking for innovators, who can help us keep building on ou",Postings for Cyber Software Engineer do not phrase their day-to-day duties consistently enough to summarise automatically.
technical services,Technical Services,engineering,15,1,,0,100.0,100.0,100.0,,Technical Services Lead - Sr. Advanced Software Engineer,Honeywell,"Join a team recognized for leadership, innovation and diversity
100% Remote
The Future Is What We Make It.
Honeywell is charging into the Industrial IoT revolution with the establishment of Honeywell Connected Enterprise (HCE), building on our heritage of invention and deep, on-the-ground industry expertise. HCE is the leading industrial disruptor, building and connecting software solutions to streamline and centralize the assets, people and processes that help our customers make smarter, more accurate business decisions.
Moving at the speed of software, we are creating, innovating, and delivering solutions fast, challenging the way things have always been done, piloting new ways for all of us to work, and expecting our successes to set new standards for our customers and for Honeywell.
Honeywell has recently acquired Sparta Systems, a move that aligns with Honeywell's position as a Fortune 100 company with specialized knowledge in Life Sciences. This strategic collaboration merges Sparta Systems' leadership in quality management with Honeywell's extensive experience of over 100 years in software and industrial expertise.
Sparta Systems, a Honeywell company, is a leading provider o",Technical Services postings typically ask you to: Identify and propose technical enhancement.
ui designer,UI Designer,design_ux,15,12,134275.0,5,86.7,66.7,60.0,"Figma, User Research, HTML, CSS, JavaScript, Prototyping",Senior UI Designer,Hootsuite,"We’re looking for a Senior UI Designer to join us as we accelerate and evolve the foundations of our product’s experience. In this role, you’ll design and deliver compelling and memorable user experiences that truly empower our customers on social. This connects directly to the evolution of our Design System and sits at the heart of fusing human behavior with our product’s core values and outcomes. As part of the product design team, you’ll be working on some of our most challenging and high-impact UI problems. While working remotely or in a hybrid work arrangement, a blend of virtual (in accordance with Hootsuite’s distributed workforce strategy), you will report to the Director, Product Design & User Experience.
WHAT YOU’LL DO:
Design and deliver a range of digital assets including early concepts, high-fidelity designs, prototypes and production assets with defined objectives and strategies for the Hootsuite product ecosystem; ensure designs are on brand and aligned with Hootsuite’s values and Guiding Principles.
Inform, contribute to, and extend our product’s Design System.
Be responsible for all design components of a project from initial ideation and refinement through to fina","UI Designer postings typically ask you to: Create visually stunning user interfaces and interactive designs. Develop and maintain design wireframes, mockups, and specifications. Ensure that the UI design aligns with the overall UX strategy and branding guidelines. Conduct usability testing and gather feedback for continuous improvement."
it support,IT Support,it_support,15,12,,0,60.0,10.0,66.7,"Windows, Active Directory, Azure, Jira, ServiceNow, Firewalls",Senior IT Support / Boca Raton,Motion Recruitment,"A large private equity firm is looking to bring on a Senior IT Support Technician to work onsite in their Boca Raton office. You'll support Tier 1-3 tickets dealing with Active Directory and Microsoft 365, image laptops, install equipment, printer and copier maintenance, etc. This is a client-facing and white-glove support role so ideal candidates have strong communication skills and hold themselves to a professional standard. Candidates must also have experience working in the financial services, investment banking, or related industry.
Required Skills & Experience
6+ years of experience working in IT Support
Strong background supporting Microsoft and Windows devices, including Active Directory and O365
Strong knowledge of imaging and mobile support
Working knowledge of Networking Concepts (VPN, office and home networks) are a plus.
Exceptional customer service skills and professionalism
Prior experience working in the financial services, investment banking, or related industry
The Offer
You will receive the following benefits:
Medical, Dental, and Vision Insurance
Vacation Time
Stock Options
Applicants must be currently authorized to work in the United States on a full-time basis","IT Support postings typically ask you to: Perform hardware upgrades, replacements, and maintenance as needed. Assist users in resolving software-related issues and provide training when required. Implement best practices for workstation imaging, software installation, and hardware configuration. Provide escalation support for complex technical problems."
oracle developer,Oracle Developer,engineering,15,13,,0,46.7,60.0,66.7,"Oracle, SQL, ETL, XML, Python, JSON",Oracle Developer,Ampstek,"Job Details
Description:
Will be working in their homegrown reinsurance platform. Will be taking internal framework, implementing treaties within their platform. This is a very agile environment so they need to be fully comfortable with change and deadlines. Will be working with 2 BSAs and a team lead so communication is important.
**Must be W2 only*
Job DescriptionLevel of Education and Discipline
• A Bachelor's degree (BA, BS) or equivalent education, training or experience in Computer Science, Engineering or related field.
Amount of Experience
• Equivalent years of education and training, plus five (5) or more years related experience.
Type of Experience
• Experienced in all areas of software engineering including design, development, analysis and data modeling.
• Expert level hands-on design and development experience in Oracle database.
• Expert level experience in writing complex SQL, Query optimization, PL/SQL.
• Experience in Data Modelling(ER-Diagrams) and ETL concepts.
• Familiarity with SOA technologies (SOAP, REST, XML, JSON)
• Exposure to Java/J2EE Technologies.
• Experience with Source Control Systems ( Bitbucket/Git)
• Familiarity with waterfall, Agile methodologies.","Oracle Developer postings typically ask you to: Create data models and build them in oracle database. Create sql loader scripts,Oracle , PL/SQL procedures etc., to export, transform and load data into data warehouse. Work with Corporate IT team to build and schedule autosys jobs. Work in agile mode along with offshore team members."
ai research scientist,AI Research Scientist,ai,15,7,215000.0,3,46.7,100.0,13.3,"Machine Learning, Big Data, Data Analysis, Deep Learning, NLP, Fine-tuning",Senior AI Research Scientist - LLM,Bosch USA,"Company Description
The Bosch Research and Technology Center North America with offices in Sunnyvale, California, Pittsburgh, Pennsylvania and Cambridge, Massachusetts is a part of the global Bosch Group (www.bosch.com), a company with over 70-billion-euro revenue, 400,000 employees worldwide, a very diverse product portfolio, and a history spanning over 125 years. The Research and Technology Center North America (RTC-NA) is dedicated to providing technologies and system solutions for various Bosch business fields, primarily in the field of artificial intelligence (for example, human-assisted AI, natural language processing, robotics, 3D perception, and AI platform), energy technologies, internet technologies, circuit design, semiconductors and wireless, as well as advanced MEMS design.
As a part of the global research, our AI research in Silicon Valley focuses on Foundation Models, Big Data Visual Analytics, Explainable AI (XAI), Natural Language Processing, 3D Perception & Mixed Reality, Cloud Robotics, Data Science, AI Platform, Time-series Analysis. We develop scalable, intelligent, and trustworthy AIoT solutions to enable inspiring UX for Bosch products and services in applica",AI Research Scientist postings typically ask you to: Collaborate across teams and transfer technology to product divisions.
it network engineer,IT Network Engineer,network_infra,15,15,125000.0,4,53.3,66.7,20.0,"Firewalls, Active Directory, Windows, ServiceNow, VMware, Azure",IT Network Engineer,"Middleground, an Ntiva company.","Job Description
We are a rapidly growing IT Managed Service Provider located in the Westchester. We provide outsourced IT services to clients in the Chicago area, including industries such as Healthcare, Legal, Financial, Manufacturing, Federal Government, and many more. We are very fast paced and this position requires quick thinking and a ""can do"" attitude.
We are looking for an eager, hungry, and motivated individual for full time salaried employment who is willing to work hard and be a team player. In this systems engineer opportunity, the ideal candidate will be responsible for providing expert level Windows and network based technical support on a variety of issues, as well as work towards maintaining and administering our client IT environment networks, servers, and cloud. Most technical support will be either from our office or on-site at client locations in the Chicago area.
This support will involve responding to escalated technical service requests, and then identifying, researching, and resolving technical problems with client environments. You will also be involved in scoping, designing, deploying, and monitoring of client environments with both systems and network dev","IT Network Engineer postings typically ask you to: Provide leadership and helps bridge the gap between team manager and team members on technical topics. Configure and install various network devices and services, including routers, switches, firewalls, load balancers, VPNs, and Quality of Service (QoS) components. Ensure system availability and reliability. Provide Level-2/3 support and troubleshoot network issues."
information security architect,Information Security Architect,security,14,12,163732.0,2,21.4,83.3,42.9,"Azure, Cybersecurity, AWS, DevOps, CISSP, Risk Management",Information Security Architect,INSPYR Solutions,"Title:
Information Security Architect
Location:
Deerfield Beach, FL. Must work Hybrid Schedule
Duration:
Perm
Compensation:
$150,000 plus bonus
Work Requirements:
US Citizen, GC Holders or Authorized to Work in the US
Job Description
The
Information Security Architect
will report directly to the Manager of Information Security Engineering and Architecture and support the Director of Business of Information Security to provide the highest quality of information assurance program to our business units and customers. This role will work closely with other members of the Information Security team, Information Technology, Enterprise Architecture, and Business Units and stakeholders.
Responsibilities
Enhance security team accomplishments and competence by planning delivery of solutions, answering technical and procedural questions providing technical guidance
Secure enterprise information by determining security requirements; planning, preparing security standards, policies, and procedures
Determine security requirements by evaluating business strategies and requirements; researching information security standards; conducting system security and vulnerability analyses and risk assessment",Information Security Architect postings typically ask you to: Assist with the identification of information system vulnerabilities. Ensure that acquired or developed system(s) and architecture(s) are consistent with organization's information security architecture. Develop and maintain the technology roadmaps that drive innovation within the organization. Work with business partners to ensure design meets desired outcomes.
mechanical test engineer,Mechanical Test Engineer,qa,14,13,145000.0,7,64.3,0.0,28.6,"Data Analysis, Tableau, Excel, Python, MATLAB, Statistical Analysis",Mechanical Test Engineer,Protingent,"Job Description
Position Title:
Mechanical Test Engineer
Position Description:
Protingent Staffing has an exciting contract Mechanical Test Engineer opportunity with our client located in Bellevue, Washington.
Job Responsibilities:
Assist in the drafting of test requirements, test designs and test procedures for experimental work.
Assist with data analysis and generate test reports.
Under the guidance of Senior Test Engineers, support the coordination of testing activities for setup and commissioning of experimental equipment.
Support continuous learning and application of nuclear industry best practices in order to maintain the highest quality of engineering design and proactively identify process change/enhancement opportunities.
Job Qualifications:
Bachelor’s degree in applicable field of Engineering
Five (5) years of relevant experience in a testing / research and development environment preferred.
Experience working in a laboratory environment.
Experience with post-processing and documenting experiments.
Experience with multiple types of testing (R&D, Acceptance, Validation, Qualification)
Ability to work with a multidisciplinary team of engineers and scientists in a research ","Mechanical Test Engineer postings typically ask you to: Build your future at BAE Systems. Assist with data analysis and generate test reports. Identify issues, trends that help technical team to take appropriate resolution action. Support manual and automated data collection and analysis."
application security engineer,Application Security Engineer,security,14,12,124225.0,2,57.1,75.0,28.6,"Penetration Testing, Cybersecurity, Java, OWASP, Python, CI/CD",Application Security Engineer,Granite Telecommunications,"We are seeking a skilled and experienced Application Security Engineer to join our team in Boston, MA. As an Application Security Engineer, you will be responsible for designing, implementing, and maintaining robust security measures to protect our applications and systems from cyber threats. You will work closely with our development and operations teams to identify and address security vulnerabilities, provide guidance on secure coding practices, and develop and enforce application security policies and procedures.
Duties and Responsibilities:
Conduct thorough security assessments of applications, systems, and networks to identify vulnerabilities, assess risk, and provide recommendations for improvement.
Collaborate with development and operations teams to integrate security into the software development lifecycle (SDLC) and ensure that security requirements are met.
Design, implement, and maintain security controls and measures, such as firewalls, intrusion detection/prevention systems, web application firewalls, encryption, and access controls.
Develop and implement secure coding practices and provide guidance to developers on coding best practices, security standards, and vuln","Application Security Engineer postings typically ask you to: Partner with business units, project management, development, and engineering teams to foster secure solutions. Lead architecture and design reviews of applications and services to address security risks and propose mitigation strategies. Partner with others to help create, update, and monitor application development secure coding practices and standards. Identify opportunities to integrate security tasks and activities into system development methodologies."
data security analyst,Data Security Analyst,security,14,9,99081.0,1,28.6,66.7,21.4,"Risk Management, VMware, Incident Response, Cybersecurity, Excel, Data Analysis",Data Security Analyst - Senior with Security Clearance,ClearanceJobs,"The Alaka`ina Foundation Family of Companies (FOCs) has a potential need for a Data Security Analysts - Senior to support our government customer located in Fort Gordon, GA. DESCRIPTION OF RESPONSIBILITIES :
Assist in the administration of an effective Cyber Security program that involves providing management of organizational risk advice, guidance, and assistance.
Remain abreast on changes to Joint, DOD, and Army doctrine as it pertains to cyber security and risk management. Stay current on up-to-date IT news regarding network security and future trends in Cyber Security (ex. cloud computing security).
Provide all necessary support, including documentation, task coordination, artifacts, eMASS entries, ACAS Scans, STIGs, Log analysis, and other actions necessary to support approved CCoE G6 TSPs and ATOs this includes successfully passing all cyber security inspections (No Notice, CCRI, DAIG, OIP, PII, PIA, Cyber Awareness month, TRADOC, etc).
Maintain the Training Networks security posture by ensuring delivery and compliance of continuous monitoring (ACAS scans) and STIG application/compliance.
Ensure that pre and post-accreditation mitigation occurs and is conducted after each sca","Data Security Analyst postings typically ask you to: Design, create and implement templates for data collection for assigned projects. Analyze and identify non-compliant cryptographic keys and certificates as per company standards. Assist in coordinating security efforts, processing security-related services, change control, security research. Perform network incident investigations, determining the cause of the security incident and preserving evidence for potential legal action."
epm onestream solutions architect,Epm Onestream Solutions Architect,engineering,14,1,,0,100.0,,0.0,,"EPM OneStream Solutions Architect, Sr. Manager",PwC,"Specialty/Competency:
Finance
Industry/Sector:
Not Applicable
Time Type:
Full time
Travel Requirements:
Up to 60%
A career in our Enterprise Performance Management practice, within Finance Consulting services, will provide the opportunity to work alongside CEOs, CFOs, controllers and treasurers to optimise the structure of their finance functions and improve their contribution to the business. We support our clients by addressing the challenges of achieving appropriate standards of control, efficient back office opportunities and support to the business through insight and challenge. Our team helps clients optimise and align financial planning, consolidation, reporting and analytics processes, systems and information to provide business insights that drive better decisions and actions.
To really stand out and make us fit for the future in a constantly changing world, each and every one of us at PwC needs to be a purpose-led and values-driven leader at every level. To help us achieve this we have the PwC Professional; our global leadership development framework. It gives us a single set of expectations across our lines, geographies and career paths, and provides transparency on the ",Postings for Epm Onestream Solutions Architect do not phrase their day-to-day duties consistently enough to summarise automatically.
business analyst or,Business Analyst Or,product,14,1,,0,0.0,100.0,50.0,,"Business Analyst I or II, OPL_fr",Intact,"Nos employés sont au cœur de ce que nous faisons de mieux : aider les gens, les entreprises et la société à aller de l’avant dans les bons moments et à être résilients dans les moments difficiles. En vous joignant à notre équipe, vous contribuerez à ces efforts aux côtés de gens expérimentés et passionnés.
Intégrez un milieu où vous disposerez des ressources nécessaires pour apprendre et évoluer, en plus d’être valorisés pour qui vous êtes : chez Intact, la diversité est une force. Vous pouvez compter sur nous pour vous aider à atteindre vos objectifs avec des outils, des possibilités et de la flexibilité. C’est notre promesse aux employés.
Notre formule hybride permet de maintenir un équilibre entre le télétravail et les avantages des interactions en personne.
Poursuivez votre lecture pour découvrir comment vous pouvez façonner l’avenir, réussir en équipe et évoluer avec nous.
À propos du poste
Nous cherchons un Analyste affaires II, OPL, pour notre équipe grandissante!
Ce Que Vous Accomplirez Chez Nous
Obtenir les requis des communautés d'affaires en utilisant des techniques telles que les entrevues et les sessions de travail.
Analyser les informations obtenues des diverses sourc","Business Analyst Or postings typically ask you to: Analyze information obtained from various sources, detail the high-level information and provide users with recommendations to their problems. Document requirements obtained from the business community using defined templates. Ensure the link between the business units, the technology teams and the support team. Identify the need for change to assess and communicate their impact."
security operations analyst,Security Operations Analyst,security,14,13,150000.0,3,35.7,80.0,35.7,"Incident Response, Cybersecurity, Windows, Linux, SIEM, Penetration Testing",Security Operations Analyst,American Savings Bank,"Primary Purpose Of Job
The Security Operations Analyst is responsible for the design and execution of a strategic roadmap that maintains and evolves the company's security posture. Maintains subject matter expert-level knowledge of security tools and techniques, incident response, containment, and recovery.
Major Job Accountabilities
Responds to immediate security incidents, assess the impact of threats as well as coordinate strategies for containing, mitigating, and eradicating them.
Responsible for escalation support, security tickets, and security incident response.
Serves as project manager for key security initiatives.
Monitors and assesses the Bank’s systems/applications on a continual basis. Prioritizes urgent security patches and remediation as needed.
Supports and maintains security controls on different platforms to ensure enforcement of internal security policies to maintain the integrity of the enterprise networks, systems and applications utilized throughout the organization.
Stays up-to-date on cybersecurity best practices, trends and technologies.
Serves as an information security expert to promote awareness as well as to promote healthy, open & honest communication ",Security Operations Analyst postings typically ask you to: Maintain and tune security tools that are under InfoSec purview. Research and provide gap analysis of the current security event processes and identifying opportunities for improvements. Create and maintain security standard operating procedures (SOP) and ensure alignment with various departments’ and business units’ SOPs. Drive root-cause analysis to common security events.
data platform engineer,Data Platform Engineer,devops,14,10,153000.0,3,92.9,66.7,21.4,"SQL, Machine Learning, AWS, Java, Data Modeling, Azure",Sr. Data Platform Engineer,EverBright,"EverBright is a clean energy company on a mission to accelerate the decarbonization of residences and businesses across the United States. We are a leading provider of financing for residential solar, storage, and energy efficiency products, fueling our rapid growth through innovative software solutions. We understand that the energy systems of tomorrow will be clean, distributed, and powered by advanced technology.
As a Senior Data Platform Engineer, you will play a critical role in designing, building, and maintaining the data infrastructure for our organization, employing a strong combination of data engineering and software engineering skills as we build out our new data platform. You will be responsible for developing and maintaining scalable and reliable data pipelines that enable data science, analytics, software, and business teams to build products and make critical data-driven strategic decisions. Your role will involve collaborating with cross-functional teams to identify business requirements and translate them into technical solutions.
You will also be responsible for designing and implementing data models and warehousesthat can efficiently handle large-scale data. In ","Data Platform Engineer postings typically ask you to: Provide minimal on-call support for critical services on a rotational basis. Own features and functionality and deliver projects end-to-end with high quality and robust architecture. Communicate effectively with team members including front-end SDK engineers, QA, and product. Analyze business requirements to create data models and establish data ingestion, storage, and processing pipelines."
data scientist data scientist,Data Scientist Data Scientist,ai,14,3,127500.0,3,100.0,100.0,85.7,Machine Learning,Data Scientist/Senior Data Scientist,Coinbase,"At Coinbase, our mission is to increase economic freedom around the world, and we couldn’t do this without hiring the best people. We’re a group of hard-working overachievers who are deeply focused on building the future of finance and Web3 for our users across the globe, whether they’re trading, storing, staking or using crypto. Know those people who always lead the group project? That’s us.
There are a few things we look for across all hires we make at Coinbase, regardless of role or team. First, we look for candidates who will thrive in a culture like ours, where we default to trust, embrace feedback, and disrupt ourselves. Second, we expect all employees to commit to our mission-focused approach to our work. Finally, we seek people who are excited to learn about and live crypto, because those are the folks who enjoy the intense moments in our sprint and recharge work culture. We’re a remote-first company looking to hire the absolute best talent all over the world.
Ready to ? Who you are:
You’ve got positive energy. You’re optimistic about the future and determined to get there.
You’re never tired of learning. You want to be a pro in bleeding edge tech like DeFi, NFTs, DAOs, and","Data Scientist Data Scientist postings typically ask you to: Lead data science projects through the data, analytics & machine learning lifecycle. Develop & review working practices to ensure that data science work is delivered to robust quality standards."
erp fin business analyst,ERP Fin Business Analyst,product,14,1,,0,100.0,,0.0,"Unit Testing, Oracle",ERP Fin Business Analyst,Hexaware Technologies,"HIR ING
Job Skills
Oracle Apps - Tech, Oracle Apps, Oracle
Description
1"" aria-hidden=""false"" style=""color: rgba(0, 0, 0, 0.85); font-size: 12px;"">Job Description
Responsibilities:
Collaborate with stakeholders to gather and understand OTM/GTM management related business requirements.
Lead the playback sessions to demo the Oracle OTM/GTM functionalities.
Configure Oracle OTM/GTM modules to meet the organization's specific needs.
Design, Build and Implement customizations and extensions when necessary to align with business processes.
Perform Unit testing, SIT and support UAT
Create and maintain technical documentation for configurations, customizations, and business processes.
Impart training to users on Oracle Cloud
Overall 13 - 15 years of experience in Oracle Transportation management (OTM) and Global Trade management (GTM) including 3 - 5 years of implementation project experience
Expert in Functional knowledge of OTM/GTM Cloud modules along with expertise on workflows, OTBI and personalizations
Good communication and customer facing skills
Essential Qualifications:
A bachelor's or Master’s degree in Computer Science, or a related discipline
Show more
Show less","ERP Fin Business Analyst postings typically ask you to: Lead the playback sessions to demo the Oracle OTM/GTM functionalities. Configure Oracle OTM/GTM modules to meet the organization's specific needs. Design, Build and Implement customizations and extensions when necessary to align with business processes. Lead the playback sessions to demo the SCM functionalities."
windows systems administrator,Windows Systems Administrator,network_infra,14,6,131700.0,2,71.4,45.5,78.6,"Windows, Firewalls, Linux, VMware, SAP, SQL",Principal Windows Systems Administrator - Polygraph,Northrop Grumman,"At Northrop Grumman, our employees have incredible opportunities to work on revolutionary systems that impact people's lives around the world today, and for generations to come. Our pioneering and inventive spirit has enabled us to be at the forefront of many technological advancements in our nation's history - from the first flight across the Atlantic Ocean, to stealth bombers, to landing on the moon. We look for people who have bold new ideas, courage and a pioneering spirit to join forces to invent the future, and have fun along the way. Our culture thrives on intellectual curiosity, cognitive diversity and bringing your whole self to work - and we have an insatiable drive to do what others think is impossible. Our employees are not only part of history, they're making history.
Northrop Grumman's Chief Information Office is seeking a well-qualified Windows Systems Administrator to join its dynamic team of technical professionals in the Linthicum, MD area.
Responsibilities
This is an on-site position with time split between our Linthicum, MD and Annapolis Junction, MD campuses. Job responsibilities will include, but not be limited to, the following:
Perform as primary Windows Sys","Windows Systems Administrator postings typically ask you to: Communicate effectively within the organization, occasionally with other organizations and external customers, in written and verbal format. Support multiple networks and ensure necessary system administrator assignments are completed. Maintain efficient operations of the entire IT infrastructure including servers, desktop and networking equipment. Ensure necessary IT administration tasks are completed independently as necessary."
web designer,Web Designer,design_ux,14,14,,0,64.3,50.0,42.9,"HTML, CSS, XML, JavaScript, Figma, SQL",Web Designer,Magnify,"Magnify is looking to hire a motivated Web Designer for one of our media-focused clients in the Scottsdale area! This is a
6 month contract-to-hire
position and is
fully on-site
!
Join our dynamic team as we immediately recruit a Junior Web Designer with proficiency in funnel building. As a vital member of our team, you will play a crucial role in duplicating and creating landing pages, maintaining existing pages and funnels, and ensuring a seamless and visually captivating online presence for our diverse brands. The ideal candidate possesses a discerning eye for design, a comprehensive understanding of website-building platforms, and the ability to collaborate effectively with a team.
Key Responsibilities:
Website and Funnel Development: Create and duplicate websites and pages using platforms such as ClickFunnels and WordPress, ensuring a user-friendly and visually appealing experience.
Funnels and Automations: Build and maintain funnels and automations in Keap CRM to enhance customer engagement and streamline processes.
Quality Assurance: Conduct thorough testing of websites and funnels to ensure proper functionality across various devices and browsers.
Collaboration: Work closel","Web Designer postings typically ask you to: Create detailed deployment requests to facilitate the movement of completed projects to the production environment. Perform HTML/ASPX website modifications to include link and graphic updates. Develop and maintain a standardized brand for DAIIS, throughout the assigned network web sites in accordance with the DAIIS Style Guide. Create custom HTML/ASPX pages for use within DAIIS hosted IIS and SharePoint site collections."
manager systems engineer,Manager Systems Engineer,devops,14,4,181200.0,2,100.0,,0.0,SAP,Manager Systems Engineering 2,Northrop Grumman,"At Northrop Grumman, our employees have incredible opportunities to work on revolutionary systems that impact people's lives around the world today, and for generations to come. Our pioneering and inventive spirit has enabled us to be at the forefront of many technological advancements in our nation's history - from the first flight across the Atlantic Ocean, to stealth bombers, to landing on the moon. We look for people who have bold new ideas, courage and a pioneering spirit to join forces to invent the future, and have fun along the way. Our culture thrives on intellectual curiosity, cognitive diversity and bringing your whole self to work - and we have an insatiable drive to do what others think is impossible. Our employees are not only part of history, they're making history.
As a leader in the Survivability National Directorate, you will be responsible for leading a team developing cutting edge Survivability solutions. Our work influences the design of the next generation of aircraft and is a driving force behind the investment decisions of our senior leadership and customer program offices. We work closely with our external customers and internal collaborators to further the",Postings for Manager Systems Engineer do not phrase their day-to-day duties consistently enough to summarise automatically.
dynamics developer,Dynamics Developer,engineering,14,12,,0,42.9,50.0,42.9,"Dynamics 365, Azure, DevOps, Cybersecurity, HTML, JavaScript",Dynamics Developer,IntelliPro,"Our company is seeking a highly experienced Senior Dynamics 365 Developer to join our team. The ideal candidate must have a minimum of 4 years of working experience and should have strong skills in Dynamic 365 and Power Platform (Power BI, PowerApp(s)). The candidate must also have experience in Azure DevOps or GitHub, as well as in CI/CD pipelines and CRM database design. The successful candidate must be agile, and able to work collaboratively with other teams.
In this role, you will:
Work closely with other development teams and stakeholders to understand the business requirements and translate them into technical requirements
Design, develop, and deploy software solutions that meet the business requirements
Write clean, efficient, and maintainable code, using best practices and design patterns
Ensure that the software is tested, and any defects are fixed before deployment
Collaborate with the team to maintain and enhance existing applications
Ensure that the software is integrated with other systems, and that security aspects are considered
Participate in daily scrum meetings and other agile ceremonies to ensure that the project is on track
Mentor junior developers and share kno","Dynamics Developer postings typically ask you to: Design, develop, and customize Microsoft Dynamics solutions to meet business needs. Configure and maintain Microsoft Dynamics modules, ensuring seamless integration with existing systems. Collaborate with cross-functional teams to integrate Microsoft Dynamics applications with other business applications. Create detailed functional specifications of high complexity to guide user story development and meet the demands of the business."
project engineer,Project Engineer,engineering,14,6,95000.0,1,78.6,0.0,14.3,"Big Data, Data Analysis",Senior Project Engineer - Top Multifamily Developer Builder,CyberCoders,"We are one of the top multi-family development companies in Denver with our own in house construction team and have a strong pipeline of high-rise and mid rise multifamily apartment and build to rent projects for the next 4 years. We are looking for a strong Sr. Project Engineer or newer APM with experience in multi-family to work in our Denver office as we continue to grow.
What You Will Be Doing
The Sr. Project Engineer's role is to assist the Project Manager, and other jobsite staff members, with project administration for multi-family, high density residential and/or mixed use projects. The Sr. PE is expected to help manage and maintain the smooth workflow of the jobsite trailer and the paperwork necessary to complete a successful project. Not only is the APM expected to be responsible for jobsite postings, safety documentation and project paperwork related to billings, but to also maintain close interaction and relationships with vendors, owners, and engineers, while complying with company policies and procedures.
PRIMARY RESPONSIBILITIES / TASKS (including But Not Limited To)
PROJECT ADMINISTRATION
"" Obtain, review and track all project bids
"" Assist in contract and purchase ","Project Engineer postings typically ask you to: Work with engineering leadership, program management, and the customer to ensure product designs are aligned with the program technical vision and meet all requirements. Manage the technical baseline of product within the program, support technical planning, and ensure projects remains within budget and schedule. Lead continuous improvement activities regarding software development methods, practices, and standards. Develop metrics and dashboards to transparently lead a software Agile development team in delivering on-time, high quality, and defect free embedded software."
quality systems engineer,Quality Systems Engineer,devops,14,13,122418.0,6,57.1,33.3,21.4,"Spark, Data Analysis, Risk Management",Senior Quality Systems Engineer,RBW Consulting,"This is an exciting opportunity for a top performing quality systems professional to join and contribute to a commercial stage company with an established portfolio of unique advanced cell therapies and specialty biologics.
Working as part of the Quality Systems department, you will manage Change Control, Design Control, Periodic Product Review, Inspection Readiness, Product Quality Reviews, Management Reviews and Risk Management.
In this role, you will collaborate closely with subject matter experts (SMEs) to strategize, develop, and implement valuable process improvements while ensuring strict adherence to regulatory requirements, policies, and procedures.
This position will require on-site presence 5 days per week, with the occasional WFH day if required.
Apply directly or send an up-to-date resume to 'james.bayliss@rbwconsulting.com' for more information.
Show more
Show less","Quality Systems Engineer postings typically ask you to: Provide support during Corrective and Preventive Action (CAPA) activities and manage the CAPA system as necessary. Support and/or lead 3rd party audits, including follow-up on actions. Lead Back Room, communicate and coordinate associated activities across the organization. Ensure compliance of QMS through authoring and updating Standard Operating Procedures (SOP)."
systems security analyst,Systems Security Analyst,security,13,7,142350.0,3,38.5,80.0,38.5,"Cybersecurity, Risk Management, DevOps, Kubernetes, Linux, JavaScript",Senior Systems Security Analysts,Leidos,"Description
The Leidos Defense Group has
openings for Senior Systems Security Analysts located at Joint Base Langley-Eustis VA and Warner Robins GA.
These positions are part of a large Military Intelligence Program supporting the USAF Air Combat Command’s Distributed Common Ground System (AF DCGS). The Leidos Defense Group provides a diverse portfolio of systems, solutions, and services covering land, sea, air, space, and cyberspace for customers worldwide. Solutions for Defense include enterprise and mission IT, large-scale intelligence systems, command and control, geospatial and data analytics, cybersecurity, logistics, training, and intelligence analysis and operations support. Our team is solving the world’s toughest security challenges for customers with “can’t fail” missions. From scanning for illicit material at ports and borders to predicting future events and instability up to five years in advance, our products help customers make the world safer.
These positions are supporting a proposal. We are expecting award and funding of these positions in February 2024.
Duties Will Vary, But Will Mostly Require
Applicants will conduct vulnerability testing and risk analyses to ass","Systems Security Analyst postings typically ask you to: Provide professional integration services for ForgeRock and/or SailPoint solutions. Review and assess client processes and systems for identity and access management controls. Conduct technical analysis to address IAM requirements. Implement custom integrations using Java, JavaScript, or Groovy."
automation engineer manager,Automation Engineer Manager,devops,13,12,150000.0,3,100.0,0.0,23.1,"Excel, .NET, C++, Windows",Automation Engineering Manager - Bryan Dairy,Jabil,"At Jabil we strive to make ANYTHING POSSIBLE and EVERYTHING BETTER. With over 250,000 diverse, talented and dedicated employees across 100 locations in 30 countries, our vision is to be the most technologically advanced and trusted manufacturing solutions provider. We combine an unmatched breadth and depth of end-market experience, technical and design capabilities, manufacturing know-how, supply chain insights and global product management expertise to enable success for the world’s leading brands. We are driven by a common purpose to make a positive impact for each other, our communities, and the environment.
Now offering a $4,500 new hire sign-on bonus for this open position!
Job Summary
The purpose of the position is to assist in the overall management of Automation Design initiatives. The Automation Engineering Manager manages and oversees various automation engineering projects, and staff. Position acts as liaison to sites, and customers for project requirements, specification, plan and installation. Position ensures stipulated specification and requirements are met, and delivered within budget and on time. Position garners team contributions in the execution and implementati",Automation Engineer Manager postings typically ask you to: Ensure all engineering times are logged into tracking systems and corresponds to projects. Develop and lead strategic activities for process and plant improvements in order to increase efficiency and drive down costs. Maintain and improve procedures for the release of electrical drawings for manufacture and assembly and the software release protocols. Lead by example and coach team members in the commissioning and testing of all systems defined under scope of work.
process automation engineer,Process Automation Engineer,devops,13,11,113000.0,1,30.8,,0.0,"Excel, Spring",Process Automation Engineer,PCNA,"The Senior Process Automation Engineer will be responsible for identifying, developing & supporting automation opportunities across various business units. These opportunities may include both the design of custom automation cells as well as the improvement of existing equipment or processes; and will deliver improved quality and/or productivity via touch-point reduction.
The successful candidate will have more than 8 years of experience in an industrial automation environment and possess a balance of analytical skills, ingenuity, and tenacity to establish and execute initiatives in a fast-paced environment.
FUNDAMENTAL DUTIES
Identify opportunities for automation, capturing current state process flow & quantitatively representing value of the future state operation.
Implement automated processes targeting indirect labor optimization - including material handling, machine tending & packaging automation.
Install & improve data acquisition within the process.
Ability to analyze data to develop & support a position.
Experience with various automation platforms including PLC, robotics, vision systems, & material movement.
Maintain facility layouts using Autocad
Design & execute equipme",Process Automation Engineer postings typically ask you to: Review and improve the performance of existing automation systems. Work with Resource Manager to forecast resource needs for current and upcoming projects. Ensure resources are assigned to projects to optimize customer satisfaction and Control Southern profitability. Create an environment for a highly motivated and engaged team of professionals.
process systems engineer,Process Systems Engineer,devops,13,4,,0,100.0,,0.0,System Design,Lead Process Systems Engineer,Air Products,"Job Description And Qualifications
Lead Process Systems Engineer
Job Description
At Air Products, our purpose is to bring people together to reimagine what’s possible, collaborate and innovate solutions to the world’s most significant energy and environmental sustainability challenges. Grow with us as we embark on building tomorrow together by being the safest, most diverse, and most profitable industrial gas company in the world.
Reimagine What’s Possible
Lead Process Systems Engineer Roles and Responsibilities:
We are seeking a Lead Process Systems Engineer within our GEMTE team located at our work location in Buffalo NY. This position requires _10-15_% domestic / global travel.
The Process Systems Engineering Group provides engineering and commissioning support for new capital industrial gas plants that serve all industry including Petrochemical, steel, electronics industries for example. Some example projects include hydrogen steam methane reformers, carbon monoxide plants, ammonia plants, and various large-scale supporting equipment installations like pipeline compressors, PSA Units, and off-gas processing units. The Process Systems Team also support Large 800 – 2000 TPD) and ","Process Systems Engineer postings typically ask you to: Perform walkdowns, attend site visits and meetings as required. Ensure applicable code, standards and regulatory requirements are met. Provide support for the preparation of Engineering proposals. Ensure adherence to company quality program."
product security engineer,Product Security Engineer,security,13,7,180600.0,3,76.9,100.0,7.7,"Cybersecurity, DevOps, Salesforce, Kubernetes, Java, C++",Product Security Engineering 2 with Security Clearance,ClearanceJobs,"Check out this new opportunity! Product Security Engineering 2 Huntsville, AL Contract Position For over 25 years we have partnered with the world's most renowned Aerospace company. We get to be a part of the design and creation of over 10,000 active commercial aircraft to keeping our nation safe at a mission critical level. Working with industry leaders provide you with state of the art facilities, and a map for career growth into the future. Let us help you to elevate your career by joining our team! Responsibilities: * Develop, implement, and sustain product security and resiliency throughout the requirements, design, build, test, production, operations, and support lifecycle. * Develop and enhance system requirements and architectures for product security to meet all applicable certification and customer requirements. * Ensure security of facilities, equipment, tools, data, networks, and resources used for product: design, development, build, test, storage, delivery, operations, and support. * Define and identify product security requirements for suppliers of components and subsystems for integration into company products and services.
Coordinate with governments, customers, su","Product Security Engineer postings typically ask you to: Coordinate with systems engineers, system administrators,. Create Product Security Technology Standards detailing technical implementations within products based on certain technologies used. Conduct risk assessments, attack path analysis, and security requirements testing. Lead technical documentation efforts."
enterprise data architect,Enterprise Data Architect,data,13,11,220000.0,1,15.4,100.0,30.8,"Data Governance, ETL, Azure, Snowflake, CI/CD, Machine Learning",Enterprise Data Architect,Kforce Inc,"Responsibilities
Kforce is working with a client in search of an Enterprise Data Architect to join their team! This is a newly created role due to growth, direct hire and hybrid on-site 2-3 days a week in Manhattan. Summary: We're looking for an Enterprise Data Architect to lead the next generation data and analytic capabilities for the organization. They will be joining a strategic and collaborative team that is passionate about transforming our business and technology capabilities and paving the way for best-in-class solutions. The Enterprise Data Architect will collaborate with the other architects, engineers and business to apply your technical expertise to create best solutions to solve impactful business problems. The Enterprise Data Architect will be directly reporting to Senior Director, Enterprise Data and Analytics and dotted to the Chief Technology Officer. Responsibilities:
Define vision and execute strategy for enterprise data architecture including cloud and on-premise data platforms
Provide strong thought leadership in pursuit of modern architecture principles and technology modernization
Collaborate with technology partners and architects in solution, technology, pr",Postings for Enterprise Data Architect do not phrase their day-to-day duties consistently enough to summarise automatically.
mulesoft developer,Mulesoft Developer,engineering,13,11,,0,69.2,83.3,46.2,"MuleSoft, CI/CD, Java, Salesforce, XML, Git",MuleSoft Developer,EtiVenture Analytics,"We are seeking a highly-skilled MuleSoft Developer for a senior position with our client. The ideal candidate will be responsible for developing high-quality applications. They will also be responsible for designing and implementing testable and scalable code.
This role requires the candidate to work onsite at the client office and be located in the Omaha Nebraska area.
Fun Things You Will Do
Setup up MuleSoft environment from scratch including On-Premise, Hybrid and cloud models.
Work with network/operations teams to explore options for Mule infra setup within the company.
Participate in the continuous improvement of MuleSoft and cloud integration operations and delivery
Identify, analyze, and develop interfaces and integration flows using Mule ESB Any point platform including Mule Runtime, Connectors, Design Center and API management
Implement APIs using API led connectivity, API design fast approach using various MuleSoft product stack like Designer, API gateway, Exchange, etc.
Identify ongoing risks and pain points throughout the project, develop and implement mitigation measures
Develop software applications, workflows, and configurations to meet customer needs.
Manage integra","Mulesoft Developer postings typically ask you to: Work closely with functional leads/PMs to understand the partner integration requirements. Work with network/operations teams to explore options for Mule infra setup within the company. Manage integration use cases involving multiple systems and complex business. Communicate and present architectural blueprint documents to a variety of audiences, including client Business management and experienced IT architects."
nlp engineer,NLP Engineer,ai,13,1,,0,100.0,100.0,100.0,NLP,Senior NLP Engineer (USA Remote),STOITECH Executive Search and Placement,"Are you a Senior NLP Engineer with in-depth expertise in computational linguistics, artificial intelligence, programming, and a strong understanding of fundamental NLP concepts?
RYTE, a breakthrough Artificial Intelligence health tech company is looking for Senior NLP Engineers who will contribute to pushing the boundaries of RYTE’s natural language processing capabilities and driving innovation within the company’s linguistic technology initiatives.
About RYTE
Finding the right physician, selecting the organization providing the most suitable service, and obtaining the most relevant health information, whether in the US or globally, can be complex and filled with uncertainty. Enter RYTE: an AI-driven platform designed to simplify this process. By analyzing data from millions of healthcare providers, experts, medical procedures, clinical outcomes, and a variety of other data points, RYTE offers users a comprehensive view of their options, uniquely tailored to their needs. It offers:
Personalized Recommendations: Based on your specific situation, RYTE's platform presents the best healthcare options for you, no matter where you are in the world.
Unprecedented Insights: With billions ",Postings for NLP Engineer do not phrase their day-to-day duties consistently enough to summarise automatically.
network infrastructure engineer,Network Infrastructure Engineer,devops,13,12,,0,53.8,42.9,53.8,"Azure, AWS, Firewalls, MySQL, SQL, Linux",Network Infrastructure Engineer (CCNA),TechStar Group,"Position: Network Infrastructure Engineer
Location: Washington, DC (Onsite)
Type: Contract to hire
Must have skills:
CCNA certificate and bachelor’s in computer science,
SD-WAN, Meraki Remote
The selected candidate will typically report to the Service Delivery Lead responsible for Network & Telecom and work closely with other team members providing IT support to field/remote office. The main responsibilities will include but are not limited to the following:
Participates in the development and implementation of the network infrastructure in field offices, including physical and logical design of network and telecom infrastructure, analyzing existing network platforms and systems, and recommending solutions.
Provides technical input in the design, installation, maintenance, and support of network infrastructure including remote office LAN/WAN, AV/IT infrastructure, and network connectivity to cloud environments (i.e. AWS, Azure, and OCI, etc.), Telephony infrastructure, etc.
Provides technical input and project leadership in the planning and managing field office network and AV/IT projects when opening new offices, upscaling, renovating, and relocations offices.
Participates in the ","Network Infrastructure Engineer postings typically ask you to: Work closely with other stakeholders involved in remote office projects – CSF/GRE, Area department, Security, etc. Plan and implement network changes in a high availability environment. Work with deployment teams and data center operations providing support during new capacity additions and changes on the Enterprise network."
assistant frontend manager,Assistant Frontend Manager,engineering,13,4,40820.0,1,100.0,,0.0,,Assistant Front End Manager,Weis Markets,"Looking for a company that treats associates with respect, understanding, and appreciation? Looking for a company that is passionate about teamwork and the growth of it's associates and communities? That's WEIS!
Job Description
ESSENTIAL DUTIES AND RESPONSIBILITIES
The Assistant Front End Manager is responsible for the functions below, in addition to other duties as assigned:
Promotes excellent customer relations by instilling positive customer focused behavior with associates. Smiles and greets customers, answers customer questions and helps resolve customer concerns promptly in a polite and professional manner. Focuses on continuous improvement in all areas of the department and makes changes to ensure progress.
Assists Front End Manager in overseeing all aspects of front-end operations. Performs duties of Front End Manager in their absence. In the absence of store management, may assume complete responsibility for total store operations.
Enforces cash handling control and security measures to identify and prevent losses. Follows and enforces all company policies/procedures related to Front End operations. Adheres to all company and state laws and regulations related to Anti-Mone","Assistant Frontend Manager postings typically ask you to: Ensure each associate asks each customer for an AdvantEdge Card. Ensure each associate smiles, acknowledges our customers at the beginning and end of each transaction. Ensure each associate is aware of shrink-related items and how to control. Maintain cashier controls and security in accordance with company policies and procedures."
data scientist expert,Data Scientist Expert,ai,13,1,,0,100.0,,0.0,Segment,(Global Oil Gas) Senior Data Scientist Expert,MatchaTalent,"This role required candidate to permanently relocate at Dhahran, Saudi Arabia.
About the Company
This company engages in the exploration, production, transportation, and sale of crude oil and natural gas. It operates through the following segments: Upstream, Downstream, and Corporate. The Upstream segment includes crude oil, natural gas and natural gas liquids exploration, field development, and production. The Downstream segment focuses on refining, logistics, power generation, and the marketing of crude oil, petroleum and petrochemical products, and related services to international and domestic customers. The Corporate segment offers supporting services including human resources, finance, and information technology. The company was founded on May 29, 1933 and is headquartered in Dhahran, Saudi Arabia.
Job Summary
We are seeking a Data Scientist Expert, responsible for providing AI- powered solutions to various business functions within Global Manufacturing admin area. The solutions leverage the latest technological advancements of Artificial Intelligence (AI) and analytics to create business values across the value chain. The Global Manufacturing Excellence organization will be ",Postings for Data Scientist Expert do not phrase their day-to-day duties consistently enough to summarise automatically.
data developer,Data Developer,engineering,13,8,,0,76.9,88.9,69.2,"ETL, Azure, SSIS, SQL, Unit Testing, Kanban",Data Developer IV (SSIS/ADF) - Contract REMOTE,Co-op Solutions,"Data Production Support Team Shift:
Saturday - Sunday: 6:30 am - 6:30 pm EST
Monday - Tuesday: 6:00 am - 2:30 pm EST
The Opportunity
We are seeking a talented Data Developer IV who will take customer requirements and lead the estimation, design, development, testing, maintenance, and delivery of complex applications that are secure, scalable, and robust enterprise solutions.
On January 2 , 2024, Co-op Solutions and PSCU became a single entity – combining two talented teams with the same mission – both built on the foundation of the “people helping people” credit union philosophy. Our employees are our greatest asset and together, we are better positioned to innovate leading-edge technologies, deliver differentiated value to our clients and support career development opportunities for our employees. It’s an exciting and pivotal point in both legacy companies’ journeys!
Day in the Life
While providing senior level full stack programming in a broad range of technologies including SSIS and Azure Data Factory,, PSCU/Co-op Solutions will also give you the opportunity to expand and grow your technology skills in the database & ETL development space to become a dynamic full stack developer","Data Developer postings typically ask you to: Design and develop optimized ETLs from existing sources to stage migration database. Design and build databases for data warehouse or data marts from multiple sources with built-in retention rules. Design and build transaction databases for new solutions or replacement solutions. Build processes supporting data transformation, data structures, metadata, dependency and workload managem."
cybersecurity architect,Cybersecurity Architect,security,13,11,162492.0,1,53.8,66.7,23.1,"Cybersecurity, Risk Management, System Design, CISSP, SIEM, Firewalls",Cybersecurity Architect,Castle Ventures Corporation,"Job Description
Job Summary
The primary function of this position is to provide architectural guidance, technological recommendations and transition strategies that support the development and implementation of cybersecurity initiatives. In addition, this position is responsible for managing/directing the project start to finish.
Primary Job Duties & Responsibilities
Provide strategic thinking, solutions and roadmaps while driving architectural recommendations.
Adopt and communicate new concepts, ideas, techniques, best practices and technology assistance.
Work with vendors and product management areas to establish required infrastructures and frameworks. Provide solutions to solve business and technical needs.
Perform product evaluations, and Proof of Concepts'. Provide architectural strategy and subject matter expertise for data protection strategies.
Education, Work Experience & Knowledge
Bachelor's degree in a related field preferred. 7 years of experience in enterprise, application, and/or information architecture preferred. 3 years of experience as a technical lead preferred. Experience managing others preferred.
Technical Skills & Competencies
Establish Cybersecurity archite",Cybersecurity Architect postings typically ask you to: Identify and define system security requirements. Design computer security architecture and develop detailed cyber security designs. Prepare and document standard operating procedures and protocols. Configure and troubleshoot security infrastructure devices.
cyber assurance risk services analyst,Cyber Assurance Risk Services Analyst,security,13,2,,0,0.0,,0.0,Risk Management,Cyber Assurance Risk Services Analyst,Jobs for Humanity,"Company Description
Jobs for Humanity is partnering with Capital One to build an inclusive and just employment ecosystem. Therefore, we prioritize individuals coming from the following communities: Refugee, Neurodivergent, Single Parent, Blind or Low Vision, Deaf or Hard of Hearing, Black, Hispanic, Asian, Military Veterans, the Elderly, the LGBTQ, and Justice Impacted individuals. This position is open to candidates who reside in and have the legal right to work in the country where the job is located.
Company Name: Capital One
Job Description
Center 3 (19075), United States of America, McLean, Virginia
Cyber Assurance Risk Services Analyst
The Cyber Assurance Risk Services (CARS) program defines the framework for Third Party Oversight and Risk Management protecting Capital One’s information. The goal of CARS is to confirm the third party’s ability to effectively safeguard our data and provide continual services. This role will support the governance framework with a strong focus on process management and program maturity. CARS is a high-performing, continuous-growth organization where feedback is sought, expected and regularly delivered.
We are seeking a forward-leaning, self-sta",Postings for Cyber Assurance Risk Services Analyst do not phrase their day-to-day duties consistently enough to summarise automatically.
software engineer level,Software Engineer Level,engineering,13,7,,0,15.4,,0.0,"System Design, Jenkins, Git, Linux, CI/CD, Jira",Software Engineer Level 3,Base-2 Solutions,"Required Security Clearance
Top Secret/SCI with Full Scope Polygraph
City
Fort Meade
State/Territory
Maryland
Travel
None
Potential For Teleworking
Yes
Schedule
Full Time
DoD 8570 IAT Requirement
None
DoD 8570 IAM Requirement
None
DoD 8570 IASAE Requirement
None
DoD CSSP Requirement
None
Last Updated
1/12/24 9:01 AM
Requisition ID
895429
US Citizenship Required?:
Yes
Job Description
Analyze user requirements to derive software design and performance requirements.
Debug existing software and correct defects.
Provide recommendations for improving documentation and software development process standards.
Design and code new software or modify existing software to add new features.
Integrate existing software into new or modified systems or operating environments.
Develop simple data queries for existing or proposed databases or data repositories.
Write or review software and system documentation.
Serve as team lead at the level appropriate to the software development process being used on any particular project.
Design or implement complex database or data repository interfaces/queries.
Develop or implement algorithms to meet or exceed system performance and functional standards.
Assi",Software Engineer Level postings typically ask you to: Provide recommendations for improving documentation and software development process standards. Design and code new software or modify existing software to add new features. Develop simple data queries for existing or proposed databases or data repositories. Write or review software and system documentation.
software application developer product,Software Application Developer Product,engineering,13,3,,0,7.7,100.0,23.1,"Java, CI/CD, Azure, Risk Management, DevOps, Python",Software Application Developer-Product 4 (55669-1),"Systemart, LLC","Description
The Boeing Aviation Data Solutions team is seeking
a Senior Software Developer in Test
to develop and sustain a portion of an aviation data management system that will provide data through APIs for consumption by internal and external customers. The successful candidate will drive the daily execution of product development in a fast-paced agile environment. We seek candidates who have skills in agile methodologies, devops, software development and test automation.
As a member of the ADS team, you will be involved in the entire software development life cycle, from idea creation and development, to maintenance and support of the customer’s delivered system. The position will place you in roles where you have the opportunity to make an impact on the results of our project. The ADS team offers a collaborative mentoring environment where you have the opportunity to learn from or lead others.
Position Responsibilities
Utilize tools such as Python to automate testing
Participate in agile development within a cross-discipline, global team
Continuous integration, testing, and delivery within a CI/CD pipeline
Decompose complex requirements and capabilities into executable discre",Software Application Developer Product postings typically ask you to: Provide expertise on software methodologies and processes to internal/external customers.
aws data engineer,AWS Data Engineer,data,13,11,120450.0,1,46.2,60.0,38.5,"AWS, Python, SQL, Redshift, ETL, Spark",Senior AWS Data Engineer - 6-Month Contract,Hour Consulting,"Our client, a rapidly growing Canadian Technology focused Consulting Agency renowned for its tech-forward approach, seeks an exceptionally skilled
Senior Data Engineer.
This is a six-month contract position with a strong potential for extension.
Are you passionate about building robust and scalable data engineering solutions in the cloud? Join our client's dynamic Data Squad as a Senior AWS Data Engineer to contribute to developing and maintaining their centralized Data Hub/Warehouse. In this role, you will play a critical part in data ingestion, system integrations, reporting, and analytics by designing and implementing data pipelines and data models.
Candidates must demonstrate proficiency in using programming languages like Python and SQL
Deep familiarity with AWS technologies and a strong data engineering background is essential.
You should have in-depth knowledge of AWS offerings, such as Amazon S3, AWS Glue, AWS Redshift, AWS Lambda, and AWS Step Function.
Responsibilities:
Maintain and enhance the data warehouse and analytics environment for stability and scalability.
Design, implement, and deploy reliable data engineering solutions and pipelines, integrating new data source","AWS Data Engineer postings typically ask you to: Design and implement product features in collaboration with business and Technology stakeholders. Collaborate with software development teams to understand application requirements and implement new features. Configure access controls, encryption, and other security features to safeguard applications and data. Identify and address performance bottlenecks and optimize resource utilization for cost efficiency."
antenna test engineer,Antenna Test Engineer,qa,13,6,128000.0,2,100.0,0.0,15.4,Data Analysis,Principal Antenna Test Engineer with Security Clearance,ClearanceJobs,"At Northrop Grumman, our employees have incredible opportunities to work on revolutionary systems that impact people's lives around the world today, and for generations to come. Our pioneering and inventive spirit has enabled us to be at the forefront of many technological advancements in our nation's history - from the first flight across the Atlantic Ocean, to stealth bombers, to landing on the moon. We look for people who have bold new ideas, courage and a pioneering spirit to join forces to invent the future, and have fun along the way. Our culture thrives on intellectual curiosity, cognitive diversity and bringing your whole self to work - and we have an insatiable drive to do what others think is impossible. Our employees are not only part of history, they're making history.
Help shape the future working with the most advanced radar systems in the industry! Northrop Grumman's Mission Systems Sector Test Engineering organization is seeking Principal Antenna Test Engineers to be an instrumental part of Northrop Grumman's Test Engineering Team. This position will start out in Baltimore, MD for approximately 1-2 years of training and the position will then be located in Waynesbor","Antenna Test Engineer postings typically ask you to: Support engineering tasks related to the repair, fabrication, assembly, production, installation, and testing of antennas and electronic hardware and systems. Maintain equipment associated with operating test facility to include insuring equipment is calibrated and maintains adequate. Perform and assist with testing of antennas on antenna ranges to include far field, spherical or planar near field systems. Perform tests for the design, installation, upgrade, and modification of antennas to meet requirements."
agile business analyst,Agile Business Analyst,product,13,9,106055.0,2,15.4,100.0,46.2,"Jira, DevOps, Excel, Data Analysis",Agile Business Analyst,MYP Corporation,"We are seeking a highly motivated Agile Business Analyst to join our dynamic team. As a pivotal member, you will play a crucial role in analysing business processes, identifying opportunities for improvement, and implementing Agile methodologies to drive efficiency and excellence in our community focused software solutions.
The Job
This is an Agile Business Analyst role.
This is a hybrid role with 2 WFH days and 3 from the office in Brisbane.
This is NOT a remote role.
Who is MYP?
We’re committed to creating an environment where our vision and values drive everything we do. At the core of this is our determination to consistently provide the highest quality, cutting-edge solutions to our subscribers. We exist to deliver community-focused, innovative community software. Our unique platform provides a complete solution for the Community, Disability, NDIS, and Education sectors. You'll help these organisations deliver services to their participants, clients, and communities with ever-increasing scale, efficiency, effectiveness, and flexibility.
Key Responsibilities
Conducting requirement gathering and analysis, developing user stories and working with the Product team to prioritize an","Agile Business Analyst postings typically ask you to: Work with the product owner and users to determine the operational objectives of business needs and elicit requirements. Create Your Career: Grow With Us Your growth matters to us-that's why we offer a variety of ways for you to develop your career. Develop user stories, acceptance criteria, and documentation to guide the software development lifecycle."
oracle application developer,Oracle Application Developer,engineering,13,4,97450.0,1,23.1,0.0,15.4,"SQL, Oracle, Unix, Java, PHP, JavaScript",Oracle Application Developer,Stantec,"Oracle Application Developer - ( 230003HR )
Description
Grow with the best. Join a smart, creative, and inspired team that works to support operational excellence. The Stantec community unites more than 28,000 employees working in over 400 locations across 6 continents. Our Functional Services Teams (FSTs) include Corporate Development, Finance, HR, HSSE, IT, Legal, Marketing/Communications, Practice Services and Real Estate and Procurement. Bringing together individuals with diverse backgrounds, talents, and expertise, our FSTs are vital to making our Company stronger.
Your Opportunity
We are looking for an Application Developer to join our team! As an Oracle EBS/Oracle Cloud Developer you will assist in the design and development of software solutions to address gaps in core Oracle e-Business Suite capabilities. This could include possible use of tools and utilities such as PL/SQL, UNIX, Java/OAF, APEX, Oracle Workflow etc and cloud platforms/tools like OIC (Oracle Integration Cloud), Oracle HDL (HCM Data Loader), FBDI (File Based Data Import).
Your Key Responsibilities
Assist in the analysis of software specifications provided by Business Systems Analyst and translate them into ",Oracle Application Developer postings typically ask you to: Research and document requirements of program users. Provide consultation on the capabilities of application technology to identify opportunities to solve business problems. Assist in the design and development of software solutions as per specifications. Develop and execute unit test plans to ensure quality of software being released for integration and user testing.
hr data analyst,Hr Data Analyst,data,13,13,59000.0,1,15.4,100.0,23.1,"Excel, Data Analysis, Data Visualization, Statistical Analysis, SQL, Power BI",HR Data Analyst,"APN Software Services, Inc.","Description
Duration: 12 months contract with potential to convert to a permanent role
Location: Oralando, FL
This is HR Data Analyst position.
The HR team is seeking a self-motivated, detailed oriented individual to support HR data initiatives related to business operations such as creating and maintaining databases, payroll data validation, updating and filling out templates, creating macros and other efficiencies for automation, and performing data integrity audits. This role includes a lot of work in MS Excel. Putting invoice packages together and maybe projects related to billing.
Responsibilities
Examines each payroll run for accuracy, efficiency, and compliance and works with the Sr. Accountant on any improvement opportunities that are apparent.
Verifying work records have been captured correctly and completely between multiple systems (requires comparing data in multiple systems).
Ensuring wage and salary calculations are correct.
Checking and verifying deductions.
Managing payroll and banking information updates.
Analyzing payroll process efficiency.
Respond to day to day HR system requests, running payroll related reports (i.e government and census reporting), monthly/qua","Hr Data Analyst postings typically ask you to: Maintain reports that provide appropriate level of detail and actionable insights that can be used to drive decision making and process improvements. Support, recommend and implement process automation initiatives and other duties as required. Develop and maintain HR analytic dashboards and reports, utilizing tools such as Excel, HRIS, and data visualization software. Work is performed mainly in an office environment."
solutions architect large venue sound,Solutions Architect Large Venue Sound,engineering,12,1,,0,0.0,100.0,100.0,System Design,"Solutions Architect- Large Venue Sound, Media (Sports) - Virtual",Diversified,"At Diversified, we don't just follow tech trends - we set them by leveraging the best in technology and ongoing advisory services to transform businesses. Our comprehensive suite of solutions is engineered to help our clients build connections that make a difference – whether by inspiring viewers, engaging associates, motivating audiences, or streamlining and safeguarding operations.
Our dedicated teams craft solutions experienced by millions every day including:
Delivering the fan experience at one of 100+ sports facilities for the NFL, MLB, NBA, NHL, MLS, NCAA
Building the first fly pack broadcast system transportable by air - bringing the 2022 World Cup and Super Bowl into homes across the world
Engineering the first high-density pixel canvas to display HD content at that scale for the Vornado, Marriott Marquis LED Display in Times Square, NY
Empowering and monitoring communication and collaboration solutions within multi-national companies around the globe
Founded in 1993, we’re a global organization serving local needs with associates worldwide. Learn more at onediversified.com and follow us on LinkedIn and Twitter .
What part will you play?
The Solutions Architect (SA) is a s","Solutions Architect Large Venue Sound postings typically ask you to: Monitor development of projects the Bills of Materials (BOM) and supporting documentation. Develop detailed design documentation strategy based on established engineering standard practices. Research, identify, and recommend technology options for clients and projects."
python data engineer,Python Data Engineer,data,12,4,156500.0,1,0.0,0.0,8.3,"Data Pipeline, Python, SQL, ETL, Data Analysis, AWS",Python Data Engineer,"Logic20/20, Inc.","Company Description
Logic20/20 invests in being a “Best Company to Work For,” where talented people come together to deliver exceptional solutions. We bring clarity, insights, and optimization to enterprise organizations spanning technology, telecommunications, utilities, healthcare, and more.
We thrive as
One Team
, built on values:
We Foster a Culture of We by prioritizing connection and collaboration.
We Drive toward Excellence by investing in professional growth and cultivating thought leadership.
We Act with Integrity by doing the right thing and bringing our best selves to the table.
To make it all possible, we’ve created programs, resources, and benefits that promote connection and help you evolve your career.
Job Description
We are looking for a Data Engineer to join our Advanced Analytics practice to work on interesting projects to help our clients scale their data solutions to make data-driven decisions.
As a Data Engineer, you’ll work closely with the client to understand both their business processes and analytics needs to design and build data pipelines and cloud data solutions. You will have the opportunity to guide your client through best practices in data lake, dat",Python Data Engineer postings typically ask you to: Conduct complex data analysis and report on results.
it cybersecurity specialist,IT Cybersecurity Specialist,security,12,8,,0,0.0,100.0,16.7,"Cybersecurity, Incident Response, CSS",IT CYBERSECURITY SPECIALIST (INFOSEC),USAJOBS,"Duties
If selected at the GS-12 level, duties will be performed in a developmental capacity.
Perform cybersecurity assessments for contractor compliance.
Evaluate contractors information security plan to determine alignment with regulations.
Report on assessment findings promote awareness of information security issues among the Defense Industrial Base.
Requirements
Conditions of Employment
Must be a U.S. citizen
Security Requirements: Noncritical Sensitive/Secret
Appointment is subject to the completion of a favorable suitability or fitness determination, where reciprocity cannot be applied; unfavorably adjudicated background checks will be grounds for removal.
Selective Service Requirement: Males born after 12-31-59 must be registered or exempt from Selective Service.
Qualifications
To qualify for a IT CYBERSECURITY SPECIALIST (INFOSEC) your resume and supporting documentation must support:
Specialized Experience: One year of specialized experience that equipped you with the particular competencies to successfully perform the duties of the position and is directly in or related to this position. To qualify at the GS-13, level, applicants must possess one year of specialized exper","IT Cybersecurity Specialist postings typically ask you to: Ensure confidentiality, integrity, and availability of systems, networks, and information. Support risk and vulnerability assessments of planned and operational information systems to identify vulnerabilities, risks, and protection needs. Support the development of system security contingency plans and disaster recovery procedures. Maintain current knowledge of the Cybersecurity industry including awareness of emerging threats, security technologies and protocols."
network systems engineer,Network Systems Engineer,devops,12,11,50000.0,1,66.7,66.7,25.0,"Linux, Windows, VMware, Penetration Testing, Bash, Python",Senior Network Systems Engineer,Energy Jobline,"Senior Network Systems Engineer required to join leading off-highway vehicle manufacturer.
Reporting to the Lead Systems Engineer, the successful candidate will join a highly focussed and passionate team leading the delivery of electrical / electronic engineering across the business.
The role is within the Group Electrics & Controls Excavator team which has responsibility to ensure that all new Product programmes meet the required technical deliverables against required timing. The role requires technical knowledge, hands-on experience, project delivery process understanding, and the ability to work with diverse teams to ensure delivery in line with product excellence.
Located at the manufacturing site, the successful candidate will be able to touch and feel the product to ensure the design level requirements are appropriately translated into machine operation and function.
The role will be responsible for delivering the design, development and deployment of new electrical & electronic systems into the Excavator product range.
Working as part of the systems engineering team, you will support the definition, interpretation and development of the customer and system level network req",Network Systems Engineer postings typically ask you to: Work in a motivated and growing team. Work with Manager to consolidate efforts and get results. Build relationships with customers. Identify potential for improvement in customer environments.
frontend department supervisor,Frontend Department Supervisor,engineering,12,2,45110.0,2,0.0,,0.0,,Front End Department Supervisor,"Lowe's Companies, Inc.","What You Will Do
All Lowe’s associates deliver quality customer service while maintaining a store that is clean, safe, and stocked with the products our customers need. As an Front End Department Supervisor, this means:
Removing barriers, addressing inefficiencies, and enabling staff to delighting our customers.
Collaborating with front-end and back-end operations associates to ensure items are adequately stocked.
Monitoring use of store power equipment and coaching employees on safe behaviors and lifting techniques.
The Front End Department Supervisor is primarily responsible for leading and enabling a team of associates to deliver the best possible customer experience in the store. This includes coaching and training associates, delegating, following-up on daily tasks, managing performance, and ensuring adequate department coverage. The Front End Department Supervisor impacts Lowe’s mission daily by planning, scheduling, monitoring, and successfully implementing all non-selling operations in the front end of the store, facilitating the store’s ability to provide a superior customer shopping experience and maximize sales and profitability.
To be successful, the Front End Departmen",Postings for Frontend Department Supervisor do not phrase their day-to-day duties consistently enough to summarise automatically.
network and systems administrator,Network And Systems Administrator,network_infra,12,10,116225.0,2,25.0,85.7,58.3,"Firewalls, Windows, Active Directory, Cybersecurity, VMware, Azure",Network and Systems Administrator,Connexa IT Recruitment,"Job Title: Network and Systems Administrator
Salary: 35,000 - 45,000
ABOUT THE ROLE
A compelling opportunity has emerged as a result of sustained growth. This dynamic position entails a focus on networks and systems within the IT department, contributing significantly to the implementation of diverse IT projects and ongoing IT change/improvement initiatives. Your primary responsibilities include leveraging your extensive networking expertise to contribute to the key architecture planning and implementation of these projects. In addition to project-related tasks, you will actively participate in day-to-day IT activities as part of the IT team.
In addition to internal projects, the role involves occasional external network and systems support, collaborating with customers as part of the team to offer consultancy on the deployment of products and services. Given the network-centric nature of products, this presents an exciting opportunity to engage with stimulating challenges. There will also be occasional involvement in third-line support of products at a networking and systems integration level.
The ability to independently learn and develop, coupled with effective communication ski","Network And Systems Administrator postings typically ask you to: Monitor and maintain the health, performance, and security of Azure VMs and associated resources. Configure and optimize Azure VM instances to meet the organisation's requirements. Collaborate with cross-functional teams to implement and troubleshoot network and system configurations. Oversee the installation, configuration, and maintenance of our system infrastructure, including Syteline 10, Syteline, Infor, Microsoft Access, and Microsoft 365."
peoplesoft developer,Peoplesoft Developer,engineering,12,9,,0,8.3,28.6,58.3,"SQL, Oracle, XML, Unit Testing, .NET, DevOps",PeopleSoft Developer,TV2 Consulting,"Strong experience with PeopleSoft tools (Peopletools), People Code, Application Engine, SQR, Integration Broker, Component Interface, Workflow, and Portal
Expertise in designing, developing, testing, supporting, and maintaining Peoplesoft CRM and Financial modules
Requirements
Strong experience with PeopleSoft tools (Peopletools), People Code, Application Engine, SQR, Integration Broker, Component Interface, Workflow, and Portal
Expertise in designing, developing, testing, supporting, and maintaining Peoplesoft CRM and Financial modules
Benefits
Work hours are Monday - Friday, normal 37.5 hours weeks working onsite up to 5 days a week
Location: Onsite in Ottawa
Type of job: Temporary Contractor
Hourly contract rate: TBD depending on experience
Date candidate required: Immediate
Length of Contract: 12 months with the possibility of extension
Show more
Show less",Peoplesoft Developer postings typically ask you to: Provide knowledge and recommendations on PeopleSoft technical issues. Prepare production migration requests with all supporting information for move to production environment. Create tables and help test import process for new employees.
founding engineer,Founding Engineer,engineering,12,12,150000.0,1,0.0,75.0,33.3,"React, TypeScript, Node.js, Python, Next.js, AWS",Founding Engineer - Full Stack - B2B SaaS Startup,Skyrocket Ventures,"Founding Engineer - Full Stack - B2B SaaS Startup
San Francisco, CA (in office 5 days/week)
The company's product involves B2B, SaaS, and sales tech.
The company was founded about 6 months ago, and already has paying customers. The company has 3 employees, and you would be the first engineer hired (other than the Cofounder/CTO). The company has raised about $3 million in pre-seed funding from prominent angels including founders and executives of top tech companies.
The company will pay up to $200k in salary and up to 2% in equity.
Job Responsibilities:
- Time spent will be roughly 65% front end and 35% backend.
- Working in the office 5-6 days/week. You should expect to be working 50-60 hours/week.
- The tech stack is React, Redux, TypeScript, and Node.js.
- Working closely with the founders and customers to ship features that provide value for users.
- Have input into defining the product roadmap, technical architecture, and engineering culture.
- Engaging with customers and running user interviews to deeply understand the pain points of the customers.
- Building scalable integrations with CRM systems to sync data.
- Developing a document automation engine that lets users create p","Founding Engineer postings typically ask you to: Build and enhance our LLM application, establishing a robust framework for observability, evaluation, and monitoring to ensure optimal production standards. Design, develop, test and maintain high-quality software solutions that meet business requirements, are scalable, and easy to maintain. Build and maintain technical documentation for the codebase, ensuring clarity and completeness. Provide mentorship and guidance to other engineers as we grow our engineering team."
field systems administrator,Field Systems Administrator,network_infra,12,1,69680.0,1,0.0,0.0,100.0,Cybersecurity,Field System Administrator - Print - Navy SMIT - Patuxent River,CDW,"Service Management, Integration, and Transport (SMIT) is one the largest IT services programs for the Navy and U.S. Marine Corps (USMC), supporting approximately 400,000 seats around the world. The SMIT contractor provides enterprise services to the Marine Corps Enterprise Network (MCEN), Navy-Marine Corps Internet (NMCI), and OCONUS Navy Enterprise Network (ONE-Net) including transport, datacenter, network operations, service desk, cybersecurity, and managed services. CDW-G supports the SMIT contractor in several of these service areas.
Bring your IT career and talents to CDW-G where you can have a greater impact, be inspired by our mission and excited about your job and future. We are an innovative Fortune 200 leader driving meaningful technological change for customers in virtually every industry.
CDW currently seeks a Field System Administrator – Print to join our NGEN SMIT team. You will work within a fast-paced environment, supporting the overall solution Regionally to ensure our client's services are optimized and reliable.
Responsibilities:
Provide general support activities for Print devices (primarily) and Video Teleconferencing (VTC) equipment in an enterprise environmen",Postings for Field Systems Administrator do not phrase their day-to-day duties consistently enough to summarise automatically.
vmware systems administrator,Vmware Systems Administrator,network_infra,12,7,,0,33.3,0.0,8.3,"VMware, Cybersecurity, SQL, Oracle",VMWare Systems Administrator Senior,General Dynamics Information Technology,"Job Description:
Type of Requisition:
Regular
Clearance Level Must Currently Possess:
Secret
Clearance Level Must Be Able To Obtain:
Secret
Suitability:
Public Trust/Other Required:
NACLC (T3)
Job Family:
Systems Administration
Skills:
Job Qualifications:
Computer Servers, Computing, Virtualization, VMware, VMware vSphere
Certifications:
IAT-II - various
Experience:
3 + years of related experience
US Citizenship Required:
Yes
Job Description:
Transform technology into opportunity as a VMWare Systems Administrator Senior with GDIT. A career in enterprise IT means connecting and enhancing the systems that matter most. At GDIT you’ll be at the forefront of innovation and play a meaningful part in improving how agencies operate.
At GDIT, people are our differentiator. As a VMWare Systems Administrator Senior you will help ensure today is safe and tomorrow is smarter. Our work depends on Systems Administrator Senior joining our team to support NETCOM's Global Enterprise Fabric (GEF) worldwide platform.
How a Systems Administrator Senior Will Make An Impact
Administer enterprise VMware-based virtualization infrastructures covering vCenter ESXi environments version 6.0 and later.
Install,","Vmware Systems Administrator postings typically ask you to: Install, configure, and integrate servers associated with a VMware virtual infrastructure. Install, support and maintain servers by tuning system performance, system wide software configuration and allocation of mass storage space. Conduct systems analysis and development to keep systems as current as possible with changing technology. Perform system checks (processes, services, network, storage) to ascertain overall system health."
web application developer,Web Application Developer,engineering,12,12,135815.0,4,58.3,100.0,16.7,".NET, SQL, JavaScript, Angular, Java, Jira",Senior Web Application Developer,Zortech Solutions,"Job Description
""""""Senior Web Application Developer:
At least 10 years of experience developing custom applications
Skilled With Web Application Development
Both client side and server side programming/debugging/optimization
Must have excellent understanding of the HTTP protocol, client-server interactions, request/response headers
Frameworks required: .NET Framework, ASP.NET Core, Angular/JS,
Languages: C#
Ability to interpret and work with complex structures and references in JSON files
Excellent T-SQL programming skills in an Microsoft SQL/ Azure SQL environment
Designing database structures tables, indexes, foreign keys
Writing complex stored procedures and SQL functions
Creating complex views and reports
Experienced with code sourcing and versioning Github (Azure Github repos), Visual Team Studio
Experience with Azure deployment pipelines and automated deployment workflows in general""""
Required Skills Which Are Very Important
POWER BI
POWER apps
Facilitation experience.
Show more
Show less","Web Application Developer postings typically ask you to: Oversee and contribute to cross-platform development projects like .NET Core, Node. Provide technical leadership and mentorship to a team of web developers. Collaborate with stakeholders to define project requirements and deliverables. Drive innovation and stay ahead of industry trends in web technologies."
it service desk manager,IT Service Desk Manager,it_support,12,12,59537.0,1,100.0,75.0,33.3,"Jira, Excel, ServiceNow, Cybersecurity, Active Directory, Windows",IT Service Desk Manager – Managed Services,NextGen HR - WE ARE HIRING!,"IT Service Desk Manager – Managed Services
What is on offer?
Career development in a leading MSP
Competitive training/certification and professional development
Full employee welcome kit and birthday gift voucher
Quarterly team building activities / company events
Energetic and positive work culture – where people enjoy their job, have a laugh, and work together
Our client is a recognised dependable Managed IT provider with over 12,000 users globally. Their goal is to utilise IT to empower businesses in achieving success in ways that can make the world a better place for all. They help their clients realise their own organisations’ visions, which can come alive faster and better when the business’ IT is well-maintained and secure. They continuously strive for excellence whilst upholding their core values:
Customer First, Consistency, Teamwork.
As a rapidly growing IT service provider, we are looking for a strong
IT Service Desk Manager
to join our client’s incredible team of dedicated professionals based in
Brisbane
. The office is currently located in Springfield but they are in the process of moving to Salisbury.
The Role
The
IT Service Desk Manager
will be responsible for leadin","IT Service Desk Manager postings typically ask you to: Collaborate with the Service Provider in developing “Get-to-Green” mitigation plans and timelines when SLAs are not being met. Work directly with the Service Management Office in the development, integration, direction, and improvements of ITSM for the Service Desk. Identify new areas of opportunity, such as Shift Left and Self-Help Solutions with potential benefits beyond the current organizational thinking. Provide tactical leadership for all Regional Service Desks."
hr business analyst,Hr Business Analyst,product,12,9,148550.0,3,33.3,40.0,41.7,"Workday, Oracle, Excel, System Design, Jira, Confluence",HR Business Analyst - Oracle HCM,Southern Company,"HR Business Analyst, Oracle HCM
Job Description
The HR Business Analyst will serve as an analyst within the Oracle HCM solutions team. This position will be responsible for the support and growth of solutions within the Oracle HCM suite of solutions including Core HCM, Goals and Performance, Succession, Talent Profile and Oracle Recruiting. The role will be focused on maximizing the value of HR technology solutions by maintaining a quality environment, managing complex business processes, and partnering with external vendors and Information Technology to enhance/deploy new capabilities. The analyst will partner with HR COEs(Centers of Excellence) in applying industry best practices to product configurations, consult within their teams and the broader HR on system capabilities and how to best leverage existing functionality, as well as translate HR business requirements into technology solutions. Additional responsibilities include second tier support for end users, change management for business processes and researching industry trends.
Individual will need to be able to function in a fast-paced changing environment, manage changing priorities, be responsive, dependable, and disce","Hr Business Analyst postings typically ask you to: Coordinate with functional leads and the System Integrator to ensure design and implementation solutions meet business needs. Support the design of user acceptance test planning, execute test cases, and maintain accurate data to document results. Develop recommendations on procedural changes resulting from business process policy review and draft policies and procedures. Provide data conversion support, including pre and post validation of data files, and balancing and reconciliation of payroll."
edge systems engineer,Edge Systems Engineer,devops,12,3,,0,100.0,100.0,8.3,,Sr. Edge Systems Engineer,Oshkosh Corporation,"At Oshkosh, we build, serve and protect people and communities around the world by designing and manufacturing some of the toughest specialty trucks and access equipment. We employ over 15,000 team members all united by a common purpose. Our engineering and product innovation help keep soldiers and firefighters safe, is critical in building and keeping communities clean and helps people do their jobs every day.
THE ROLE
The Sr. Edge Data Center Engineer is a mid-level technical role in the Digital Technology organization that designs, implements, and supports edge (remote) data centers and systems in the enterprise. This role works as part of the DT Platform Services Facilities team that manages and supports 150+ edge facilities across all business segments. This role collaborates with other infrastructure teams (server, storage, field services) as well as facilities (physical plant) extensively. It is expected that this role will operate independently, solve complex problems, and fulfill requests with minimal supervision.
YOUR IMPACT
Provide day-to-day support for production sites and systems.
Create and maintain site drawings and documentation.
Perform assessments of power, space","Edge Systems Engineer postings typically ask you to: Create and maintain site drawings and documentation. Perform assessments of power, space, and air handling requirements. Provide proactive recommendations on areas of improvement. Configure and manage facility monitoring solutions."
business solutions architect,Business Solutions Architect,engineering,12,4,136500.0,3,16.7,100.0,16.7,"Oracle, HTML",Business Solutions Architect - Identity and Access Management,Jobs for Humanity,"Company Description
Jobs for Humanity is partnering with EDWARD JONES to build an inclusive and just employment ecosystem. Therefore, we prioritize individuals coming from the following communities: Refugee, Neurodivergent, Single Parent, Blind or Low Vision, Deaf or Hard of Hearing, Black, Hispanic, Asian, Military Veterans, the Elderly, the LGBTQ, and Justice Impacted individuals. This position is open to candidates who reside in and have the legal right to work in the country where the job is located.
Company Name: EDWARD JONES
Job Description
Job Opportunity at Edward Jones: Solution Architect - Identity and Access Management Program About Us: At Edward Jones, we are dedicated to helping our clients achieve their long-term financial goals. We understand their needs and provide tailored solutions to ensure a personal client experience. With over 15,000 branch offices located where our 7 million clients live and work, we strive to deliver an ideal client experience. Our headquarters in St. Louis, Tempe, and Mississauga provide support and expertise to our branch teams, and we continue to grow to meet the needs of individual investors. Job Overview: As a Solution Architect, you wi","Business Solutions Architect postings typically ask you to: Build strong partnerships and relationships with stakeholders in Product Management, UX, PMO, Enterprise Architecture, Infrastructure, and Security. Maintain continued support of the current financial system including upgrades or reimplementation of the platform. Collaborate with support, systems, and business leads to promote technical and functional upgrades and best practices."
sql dba,SQL DBA,database,12,6,,0,25.0,80.0,41.7,"SQL, SSIS, Azure, ETL, Power BI, Big Data",SQL DBA,"ComForCare Home Care (Raleigh, NC)","Join a Team -
We is a friendly place where communication and innovation are encouraged and where people have fun doing rewarding work. Team members have come to expect inspiring challenges, careers full of opportunity, rewards for great work, and leaders who genuinely care about their personal growth and success. This may be why so many of our employees want to stay with right through their retirement and why we are consistently named one of the “Top Work Place” by Orange County Register and Business Journal.
We seek a proactive and detail-oriented Mid/Junior SQL Database Administrator (DBA) to maintain, enhance, and ensure our SQL Server databases’ performance, security, and integrity. The ideal candidate should be eager to expand their skills in a dynamic environment and work collaboratively with our IT team.
Typical duties may include:
Manage, monitor, and maintain SQL Server databases to ensure optimal performance, availability, and security.
Implement regular backup and recovery procedures and test disaster recovery scenarios.
Collaborate with technical and business teams to optimize database structures, reports, queries, and procedures.
Monitor system health, diagnose and res","SQL DBA postings typically ask you to: Implement regular backup and recovery procedures and test disaster recovery scenarios. Collaborate with technical and business teams to optimize database structures, reports, queries, and procedures. Monitor system health, diagnose and resolve database performance issues. Ensure data integrity, and implement and maintain database security policies and procedures."
software engineer c#,Software Engineer C#,engineering,12,5,,0,100.0,100.0,33.3,".NET, AWS, SQL, DevOps, HTML, PowerShell",Senior Software Engineer C#,Langham Recruitment,"Responsibilities
Senior C# Software Engineer - Runcorn - £40k-£50k
Are you interested in robotics and the future of automation? An exciting opportunity awaits an experienced C# Software Engineer who has already or wants to enter the world of robotics. This opportunity is with our client, a pioneering robotics company at the forefront of delivering solutions for advanced manufacturing sectors globally.As a C# Software Engineer, you’ll work in a multidisciplined team and develop software that allow industry-leading products to operate autonomously. Training is provided to familiarise the engineer with the product and the automation solutions you would be coding for.
Responsibilities:
Develop C# Software that is used in robotic applications
Develop functional, software, and test specifications
Implement, test, and troubleshoot functionality
Communicate regularly with the development team members using project tools
Provide support to end users through ongoing customer support
Requirements:
Proficiency in C#.NET
A degree in Science, Technology, Engineering or Mathematics
Experience in mentoring and developing junior engineers
Good communication and client facing skills
Why Join?
Annual","Software Engineer C# postings typically ask you to: Work as part of a team within our R&D group to propose, implement and review new designs and code for user interfaces and backend software components. Write clean, efficient, and effective code. Work with a dynamic software team, sculpting and documenting software architecture from conceptualisation through physical implementation."
azure data architect,Azure Data Architect,data,12,12,,0,8.3,40.0,41.7,"Azure, Databricks, SQL, DevOps, Data Warehousing, Spark",Azure Data Architect,VeeAR Projects Inc.,"Job Description:
Data Architect/Technical Consultant Data & Analytics who can work with customers and teams (local/remote), lead technical or business discussions, provide technical guidance to clients and team members delivering initiatives. Must have been in an Architect/Consultant/Engineer role, led the design/implementation of several complex data-oriented solutions on Azure Data Platform with multiple integrations and reporting needs. Experience in On Prem and other Cloud Data technologies will be helpful. This role is a combination of solutioning, consulting, hands-on experience. Envision, design, and implement the technical solution working with customer and internal technical team. Lead multiple Data, analytics projects providing design/implementation guidance to teams. 15 years of IT experience, 10 years of experience in architecture and design of highly scalable, performance, resilient data and analytical solutions.
Modern Data Platform:
Must have worked on several (5+) projects building solutions for Data Pipelines, Data warehousing, Data Modelling on Azure Data Platform (AWS, GCP - good to have)
Expertise in design and development of Data pipelines and ETL using ADF, Da","Azure Data Architect postings typically ask you to: Lead multiple Data, analytics projects providing design/implementation guidance to teams. Create and maintaintechnical documentation, testing procedures, and final solutions. Design and build data pipelines, reports, data services APIs, and relevant services. Collaborate with cross-functional teams to understand data requirements, source systems, and data dependencies."
data warehouse analyst,Data Warehouse Analyst,data,12,11,84750.0,4,25.0,83.3,50.0,"SQL, Tableau, Power BI, Data Analysis, Informatica, Snowflake",Data Warehouse Analyst II,Hyatt Hotels Corporation,"Description
Job Description
The Data Warehouse Analyst II (“DW Analyst”) plays a critical role in developing and maintaining a data warehouse for Genting Americas to deliver strategic business decisions across all levels of the organization.
DW Analyst will report to Director Planning and Analysis, and oversee the evolution of the current data warehouse, which is a comprehensive data repository for all relevant KPIs to include financial and statistical data. The individual must be proficient in database engineering and have expertise in
interacting with a data warehouse using SQL language. DW Analyst will bring the necessary skills to the team with respect to structuring the warehouse using best data science practices that result in an efficient and scalable structure. In working with an application specialist, he/she will be responsible for the design and validation of all data warehouse feeds governed by automated or manual procedures. The ideal
candidate will create a work environment that supports our core values, and promotes integrity, teamwork, performance, recognition, mutual respect, and employee satisfaction.
Essential Duties
Develops processes for the extraction, transfo","Data Warehouse Analyst postings typically ask you to: Design, planning, management, maintenance and support of GCP (Google Cloud)."
cyberware engineer,Cyberware Engineer,security,12,1,,0,0.0,,0.0,"C++, Cybersecurity",Cyberware Engineers | Cyber Threat Hunters,Praxis Engineering,"Cyberwarfare Engineers | Cyber Threat Hunters
(We’re always looking for great Reverse Engineers and Embedded Engineers! And if all the CNO engineer positions are starting to look the same, and you may just want someone to review your resume. Go ahead and upload your resume. If you are a fit for a current opening, we will reach out! If you are a fit for a future role, rest assured we will reach out once that role becomes available. Feel free to check back with our Careers site too!!)
Are you ready to revolutionize the digital battlefield? We are seeking exceptional individuals to join our elite team as Cyber Warfare Engineers, where you will spearhead the development of mind-bending tools and capabilities that redefine the limits of cybersecurity.
As a Cyber Warfare Engineer, you will harness the power of cutting-edge technology to create disruptive solutions that tilt the scales in our favor. Your mission? To outsmart and outmaneuver adversaries in the ever-evolving cyber landscape.
In this role, you will navigate the complexities of offensive cybersecurity operations, pushing boundaries and exploring uncharted territories. You will collaborate with top-tier experts, ranging from c",Postings for Cyberware Engineer do not phrase their day-to-day duties consistently enough to summarise automatically.
process automation network cybersecurity engineer,Process Automation Network Cybersecurity Engineer,security,12,1,,0,100.0,,0.0,"Cybersecurity, Segment",(Global Oil Gas) Senior Process Automation Network Cybersecurity Engineer,MatchaTalent,"This role required candidate to permanently relocate at Dhahran, Saudi Arabia.
About the Company
This company engages in the exploration, production, transportation, and sale of crude oil and natural gas. It operates through the following segments: Upstream, Downstream, and Corporate. The Upstream segment includes crude oil, natural gas and natural gas liquids exploration, field development, and production. The Downstream segment focuses on refining, logistics, power generation, and the marketing of crude oil, petroleum and petrochemical products, and related services to international and domestic customers. The Corporate segment offers supporting services including human resources, finance, and information technology. The company was founded on May 29, 1933 and is headquartered in Dhahran, Saudi Arabia.
Job Summary
We are seeking a Process Automation Network Cybersecurity Engineer to join Ju'aymah NGL Fractionation Department within our Automation and Control Engineering Team. Automation and Control Engineering Team is a multi-disciplinary organization with interface to technical, business administration, and support requirements for our plant OT network. Your primary role will be","Process Automation Network Cybersecurity Engineer postings typically ask you to: Conduct various cybersecurity compliance assessments, risk assessments, business impact analyses, and other cybersecurity reviews. Analyze technical controls to ensure that specific security and compliance requirements are met by verifying documented processes, procedures, and s."
software quality assurance analyst,Software Quality Assurance Analyst,qa,12,6,,0,83.3,28.6,58.3,"JavaScript, SQL, Oracle, AWS, GitLab, Scala",Senior Software QA Analyst,Syrinx Consulting,"U.S. Citizens and those authorized to work in the U.S. are encouraged to apply. We are unable to sponsor at this time.
This role is on-site in Portland, ME
Job Summary
We are seeking a Senior Software Quality Assurance Analyst to join our high-growth organization in Portland, ME.
What You’ll Be Doing
Daily execution of project tests and the tracking of result
Contribute to the development, including writing of automated test scripts, of all new test cases as well as maintenance of existing ones
high level responsibility for software quality across the entire organization including device testing.
What We Need To See
7+ years minimum work experience
QA background; test infrastructure and analysis skills required
Good HW, SW & Operating System fundamentals surrounding the building blocks of PC's, Devices, & Embedded systems
Excellent communicator, both written and verbal
Strong Analytical skills with a mindset that questions assumptions; with a willingness to continuously help improve processes and procedures
Ability to work independently with a willingness to share knowledge with peers to improve the quality of the team on the whole
Ways To Stand Out From The Crowd
Familiarity worki","Software Quality Assurance Analyst postings typically ask you to: Develop virtual user Scripts for Critical Business Transactions in LoadRunner, K6 as well as Gatling using JavaScript and Scala. Create Yaml scripts to trigger pipeline jobs in GitLab, AWS runners and monitor Performance metrics in Cloud watch. Analyze any potential bottlenecks identified during load testing using New Relic and trace transactions with degraded performance. Work with application development Scrum teams with identified performance bottlenecks and explain the captured Metrics for optimization."
software engineer technical,Software Engineer Technical,engineering,12,6,120000.0,3,100.0,100.0,25.0,"Spring, React, Angular, Java, CI/CD, HTML",Software Engineer Technical Lead,KBX,"Your Job
KBX Technology Solutions, LLC, a provider of transportation technology to industry leaders, is seeking a contribution motivated Software Engineer Tech Lead to join our dynamic integrations team. In this role you will lead the development of functional requirements for our integration solutions by managing the process through analysis, solution design and the documentation phases. You will be an important contributor in helping our development team to timely deliver integration strategic initiatives and goals in our cloud-native environment.
This role is not eligible for sponsorship
Our Team
In this role you will be a part of our Platform Integration team. This team is responsible for designing and developing integration frameworks and tools that enable other developers and teams to do integrations across our SaaS products and services.
What You Will Do
Lead the development of functional requirements for our integration solutions by managing the process through analysis, solution design, and the documentation phases.
Collaborate within, and across teams to create optimized solutions or enhancements to our integration solutions.
Facilitate meetings with key stakeholders to d","Software Engineer Technical postings typically ask you to: Collaborate within, and across teams to create optimized solutions or enhancements to our integration solutions. Work with Product Manager to help drive key initiatives, goals and help shape the development road map of our integration solutions. Conduct review sessions and gain approvals for requirements while managing changes through the project management and development applications. Ensure delivery of technical solutions meet the business outcomes and are developed consistent with software development standards and organizational best practices."
cloud solutions architect,Cloud Solutions Architect,engineering,12,12,220000.0,1,8.3,80.0,41.7,"Azure, AWS, Cybersecurity, Active Directory, GCP, Excel",Cloud Solutions Architect (Level 3),"DevSelect, LLC","Title: Cloud Solutions Architect (Level 3)
Location: Seattle, WA
Openings: 1
Type: Long-term Contract
Seeking a Cloud Solutions Architect to manage company's cloud architecture, implementation and position in cloud environments. Strategic and hands-on role in migrating to and maintaining all cloud systems including the front-end platforms, servers, storage, and management networks.
The ideal candidate will have a solid understanding of cloud computing and technology systems, as well
positive attitude and excellent communication skills to effectively share knowledge.
Responsibilities
Create a well-informed cloud strategy and manage the adaption process
Regularly evaluate cloud applications, hardware, and software
Develop and organize cloud systems
Work closely with IT security to monitor the company's cloud privacy
In-Depth Knowledge in Cloud Governance, security operations, and implementations
Respond to technical issues in a professional and timely manner
Identify the top cloud architecture solutions to successfully meet the strategic needs of the company
Working experience with architecting migration and implementation roadmaps after analyzing existing service catalogs.
Offer gui","Cloud Solutions Architect postings typically ask you to: Work with application, network, and security teams to ensure requirements are reflected appropriately in the Azure design. Design and execute Azure deployments based on customer requirements and best practices."
service desk engineer,Service Desk Engineer,it_support,12,10,60000.0,3,0.0,44.4,75.0,"Windows, Active Directory, Azure, VMware, Cybersecurity, Excel",Service Desk Engineer (Manchester),bet365,"As a Service Desk Engineer you will take end to end ownership for incidents and ensure our employees have sufficient equipment and resources to perform their roles.
We are a technical Service Desk and our goal is to ensure that our employees have sufficient equipment and resources to perform their roles. You will take end to end ownership for incidents and escalate them where necessary to see them through to resolution. If you can fix it, great, if not, no need to worry, you will have all the support you need.
As we are a 24-hour business we have employees on site at all times and so we need our technical support to be on hand too. You will be covering a 24/7 shift pattern in this role.
The day to day work is interesting, challenging and fast paced amidst a hardworking and delivery focused company ethos. We hire people with a broad set of technical skills who are ready to tackle some of technology’s greatest challenges.
Preferred skills and experience
Strong interpersonal and customer service skills.
Excellent analytical/troubleshooting skills.
Concise written and verbal communication skills.
Self-managed with ability to work unsupervised.
Quick to learn.
Commercial experience work","Service Desk Engineer postings typically ask you to: Collaborate with other members of the team to identify solutions to customer support requests and escalate to more senior team members or external resources as needed. Provide first-tier support to end-users for Windows Wo. Provide first-tier support to end users for Windows Workstations, MAC OS, printers, mobile dev. Document procedures, policies, technical instructions, and other processes where needed."
consulting systems engineer,Consulting Systems Engineer,devops,12,4,110000.0,2,0.0,33.3,50.0,"VMware, Excel, AWS, Cybersecurity, Salesforce","Consulting Systems Engineer - Data Center,  Global Financial",World Wide Technology,"Qualifications:
8+ years of technical enterprise and 4+ years of Pre-Sales experience.
Bachelor's Degree or equivalent experience
Excellent communication skills and interpersonal skills.
Excellent presentation skills and technical sales skills.
Must have passion driving storage/server/virtualization solution strategies.
Strong personality with leadership skills working in a complex matrix organization.
Strong presence and credibility to be proven at client site and internally.
Knowledge of the technical aspects of storage, server, backup and virtualization hardware, software and architecture(s).
Dell/EMC, NetApp, HP TSG and/or VMware certifications highly desired.
Travel 25-50% depending on candidate's location in relation to the customer supporting
Want to learn more about Global Enterprise Sales? Check out the Solutions and Services we provide on the platform:
https://wwt.com
The well-being of WWT employees is essential. So, when it comes to our benefits package, WWT has one of the best. We offer the following benefits to all full-time employees:
Health and Wellbeing: Heath, Dental, and Vision Care, Onsite Health Centers, Employee Assistance Program, Wellness program
Financial Be",Postings for Consulting Systems Engineer do not phrase their day-to-day duties consistently enough to summarise automatically.
cobol developer,Cobol Developer,engineering,12,8,135200.0,1,41.7,25.0,33.3,"SQL, Unix, Unit Testing, SSIS, Bash, Linux",Cobol Developer,Orion Innovation,"Orion Innovation is a premier, award-winning, global business and technology services firm. Orion delivers game-changing business transformation and product development rooted in digital strategy, experience design, and engineering, with a unique combination of agility, scale, and maturity. We work with a wide range of clients across many industries including financial services, professional services, telecommunications and media, consumer products, automotive, industrial automation, professional sports and entertainment, life sciences, ecommerce, and education.
Sr. Application Analyst (Cobol)
Job Description
Ensures adherence to established standards and may consult with senior managers on technology solutions. Consults with project teams and functional units on the design of important projects or services. Supports existing business systems applications. Performs additional job duties as required.
Job Specific Needs & Responsibilities
Knowledge in CICS, COBOL & DB2 . Assembler Knowledge is a plus.
Intertest experience is a huge plus. Expert in multiple languages and tools.
Credit/Debit or Financial knowledge. Should be quick learner, Detail-oriented, Multitasker.
Ability to work ",Postings for Cobol Developer do not phrase their day-to-day duties consistently enough to summarise automatically.
5g software engineer,5g Software Engineer,engineering,11,1,,0,0.0,,0.0,Linux,5G-Software Engineer,Experfy,"Roles and Responsibilities
10+ years of Expertise in Wireless and Radio network technologies 3G/4G/LTE/ VoLTE networks and atleast 4+ in 5G and related
Good Expertise and Domain Knowledge in Consulting /exploring options/pros/cons for optimized Telecom 5G architectures
Experience in various technologies of Core / Transport / Access Network, system integration, performance, and network management
Knowledge in implementing 5G Telecom network solutions as per customer needs
Exposure to various IoT technologies across different industry verticals
Good understanding of 3GPP 5G/IoT standards
In depth knowledge of 5G Private networks and preferred working knowledge
Networking & Telecom Knowledge - IP Routing & Switching, Designing and Modelling Networks ( MPLS / G MPLS / Layer 2 VPN / Layer 3 VPN, Secure Networks etc.,)
Access Routing - Switching Domain Knowledge
Desired Candidate Profile
Experience in building solutions in Wireless Technologies in Designing, Architecting and Solutioning
Good Knowledge on CDMA, WCDMA, OFDM, UMTS/LTE standards, Wi-Fi/IEEE802.11, IEEE802.15 etc
Good exposure to 5G Core standards especially SLA, NEF, network slicing etc
Experience in 5G Edge enablement and s",Postings for 5g Software Engineer do not phrase their day-to-day duties consistently enough to summarise automatically.
advanced systems engineer,Advanced Systems Engineer,devops,11,4,176800.0,1,100.0,100.0,18.2,"System Design, Oracle, Risk Management, Python, MATLAB",Senior Advanced Systems Engineer,Honeywell,"Join a team recognized for leadership, innovation and diversity
When you join Honeywell, you become a member of our global team of thinkers, innovators, dreamers, and doers who make the things that make the future. That means changing the way we fly, fueling jets in an eco-friendly way, keeping buildings smart and safe and even making it possible to breathe on Mars.
Working at Honeywell isn’t just about developing cool things. That’s why our employees enjoy access to dynamic career opportunities across different fields and industries.
Are you ready to help us make the future?
Honeywell is hiring a
Senior Advanced Systems Engineer
that will report to the Senior Engineering Manager within Sensing, Guidance, and Navigation. You will be a contributor to an engineering team, partner with world class engineers, physicists, and leaders to implement product strategies. You will apply expertise to technical projects, find innovative & cost-effective means to improve products, techniques, procedures, and technologies. You will provide technical leadership for various ring laser gyro sensor and inertial measurement teams. You will work with multi-functional departments to ensure project succe","Advanced Systems Engineer postings typically ask you to: Perform customer flow-down requirement analysis, feasibility assessment, technical solutio. Manage complex issues within functional area(s) of expertise and contribute to the overall business strategy."
2nd line service desk engineer,2nd Line Service Desk Engineer,it_support,11,7,,0,0.0,100.0,45.5,"Windows, Azure, Active Directory, Firewalls, VMware",2nd Line Service Desk Engineer,Energy Jobline,"We're looking for a skilled 2nd Line Service Desk Engineer to join our dynamic client team, a well-established and rapidly growing IT Services, Solutions, and Consultancy practice.
As a part of our dedicated team of IT professionals, you'll play a crucial role in delivering world-class IT services to our diverse and expanding client base. We're seeking an individual with at least 4 years of experience in a commercial IT Support environment, preferably within a Managed Service Provider. The ideal candidate should bring enthusiasm, ambition, and a knack for working with various technologies.
Responsibilities
Provide technical support for our client’s Managed Service customers, aiming to resolve incidents or escalate to the 3rd line engineering team when necessary.
Perform proactive tasks to maximise customer uptime, conduct root-cause analysis, and prevent recurring issues. This includes handling complex monitoring alerts, deploying security updates, system maintenance, and upgrading customer systems.
Desired skills encompass remote/on-site support, ticket management, experience in an ITIL environment, and expertise in various technologies, including Microsoft Office 365, email servi","2nd Line Service Desk Engineer postings typically ask you to: Perform server OS administration. Work with RDS, Citrix, and Hyper-V. Provide support for smartphones (Android & iOS), tablets (Android & iOS), printers, scanners, copiers, and other hardware. Administer Office365, including user account creations, Azure AD, Exchange, etc."
it support supervisor,IT Support Supervisor,it_support,11,6,93097.0,2,0.0,0.0,63.6,"Active Directory, Windows",IT Support Supervisor - East Carolina University,Aramark,"Job Description
The IT Support Supervisor is responsible for the day-to-day and event-based IT needs for Aramark Sports & Entertainment. This includes providing hands on support for POS, back office, networking, and other systems ensuring that they are aligned with the IT Lead for the venue who will also support department and company initiatives.
Job Responsibilities
Responsible for proactive support and maintenance around POS systems and other technologies in use during events
Communicate application issues to appropriate application owners and vendors
Ensure the delivery of high-quality IT services to support the business
Work cooperatively and take direction from onsite IT Lead
Stay up to date on the latest IT trends and technologies
Be familiar with IT audits and security assessments
Resolve IT incidents and problems
Represent the IT department to onsite leadership
Employee is frequently required to stand; walk; sit; and reach with hands and arms. The employee must occasionally lift and/or move up to 50 pounds
At Aramark, developing new skills and doing what it takes to get the job done make a positive impact for our employees and for our customers. In order to meet our commit","IT Support Supervisor postings typically ask you to: Collaborate with warehouse management on optimizing system functionality and implementing process improvements. Train and support warehouse personnel on proper system usage and procedures. Diagnose and resolve technical problems efficiently and effectively, minimizing downtime and disruption. Maintain accurate records of all support requests and resolutions."
information technology business analyst,Information Technology Business Analyst,product,11,9,97962.0,2,18.2,33.3,54.5,"Jira, Data Analysis, ServiceNow, Confluence, DevOps, Azure",Senior Information Technology Business Analyst,LHH,"BUSINESS ANALYST IT II. - Atlanta, Georgia, zip code 30349 - Hybrid role-must be a local candidate
***MUST HAVE 3 OR MORE YEARS AS A BUSINESS ANALYST*** SERVICE NOW IMPLEMENTATION
Analyze and evaluate the current business processes
Identify opportunities for optimization and automation using ServiceNow solutions
Gather requirements, and create documentation and resources for system implementations, changes, and issues
Collaborate and interact with developers, stakeholders, system architects, and various subject matter experts to ensure a clear understanding of requirements and timely delivery of solutions
Develops test plans and coordinates and performs testing with stakeholders
Develop and maintain ServiceNow reports and dashboards to provide insightful data analysis for decision-making purposes
Offers technical support and conducts training sessions for end users
Use data analysis techniques and tools to gather, interpret, and present key metrics and analytics that drive informed decision-making
MUST HAVE:
· Ability to identify issues, analyze problems, and propose solutions
· Ability to understand business needs and translate them to functional/technical requirements
· Proficien","Information Technology Business Analyst postings typically ask you to: Provide support for all Microsoft Windows Servers; respond to other teams’ requests, questions and trouble reports. Install and maintain operating systems, utilities and application software on complex multi-vendor hardware and OS. Troubleshoot hardware failures, OS crashes and urgent support for application, analysis of performance issues and all hardware and OS exceptions. Develop and execute test plans for data-intensive applications and reports."
cloud devops engineer,Cloud DevOps Engineer,devops,11,11,135500.0,2,54.5,83.3,54.5,"DevOps, CI/CD, Azure, Jenkins, AWS, Terraform",Cloud DevOps Engineer,Matlen Silver,"Job Title: Cloud DevOps Engineer
Duration: Full-Time Direct Hire
Location: Lincoln, NE (5 days/week onsite) **Open to Relocation Candidates**
Required Pay Scale: $110,000 Annual Salary to $120,000 Annual Salary
Job Description
We are looking for an exceptional Cloud Dev Ops Engineer to maintain and continually improve our cloud-based applications. Cloud DevOps is what you get when you treat system operations as a software engineering problem. The mission of the Cloud DevOps Engineer is to ensure uninterrupted service for our clients and act as a force multiplier for our product teams to deliver better software faster.
Our Software Engineering organization brings engineering talent to the forefront and works closely with development to continuously deliver code to our clients that is reliable, scalable, and functional. We are looking for Cloud DevOps Engineers who have experience in developing automation and who can also help us continue our mission of providing high quality experience for our clients, while working in a collaborative, dynamic, and fun environment.
The SRE team builds foundational backend services as well as tooling and automation to allow product teams to release a","Cloud DevOps Engineer postings typically ask you to: Design, configure, optimize, manage, monitor, document and support platform services and components, as well as supporting enterprise data ingestion. Assist in the delivery of technical projects. Work will include researching new technologies, implementing new solutions, and providing recommendations to reduce program risk / cost. Implement data protection and identity access management policies to safeguard cloud resources and data."
application software engineer,Application Software Engineer,engineering,11,6,190000.0,1,90.9,100.0,27.3,"MATLAB, C++, React, Java, .NET, Linux",Sr. Application Software Engineer,SpaceX,"SpaceX was founded under the belief that a future where humanity is out exploring the stars is fundamentally more exciting than one where we are not. Today SpaceX is actively developing the technologies to make this possible, with the ultimate goal of enabling human life on Mars.
SR. APPLICATION SOFTWARE ENGINEER
The application software team is the central nervous system of SpaceX – we create mission critical applications that are used throughout SpaceX to accelerate launch vehicle production and flight as well as systems that allow Starlink to grow into a worldwide fast, reliable Internet service. We are looking for engineers who treat fellow teammates with fairness, respect, and support to uphold SpaceX's no-tolerance policy on harassment, racism, and discrimination as we continue to work towards our goals.
Our team is currently creating and evolving systems to enable rapid build and reuse of Starship as well as designing the next generation manufacturing software that will be used in high throughput factories for Starlink. Other applications range from platforms that support concurrent streams of data from many always-on assets to manage the world's largest satellite constellat","Application Software Engineer postings typically ask you to: Design, build, document and test applications. Conduct root cause analysis and advanced performance tuning for complex business processes and functionality. Develop/maintain serial/network communication protocols, user logic functions, and database/middleware libraries. Diagnose issues, fix bugs, and create source code patches."
aws cloud engineer,AWS Cloud Engineer,devops,11,10,,0,54.5,33.3,81.8,"AWS, Terraform, Python, DevOps, Ansible, Jenkins",Lead AWS Cloud Engineer ( Full Time Hyrbid- H1B Transfers accepted),Allnessjobs,"Job Title:- Sr AWS Cloud Engineer (Full-Time role)
Location:- Basking Ridge, New Jersey (Hybrid)
Description:-
A Sr Cloud Engineer will be working with the engineering team and focusing on AWS infrastructure and automation, A key part of the role would be working closely with the operations and DevOps to build, manage and automate our customer's AWS Infrastructure using Terraform, working on CI/CD pipelines to automate recurring tasks and developing software components as containerized applications using Python/Java.
Must Be Proficient In
At least 7+ years of experience in (L3 Skills) (AWS, Linux, Terraform, Kubernetes, Jenkins)
Experience working in AWS/Azure/GCP Cloud technologies
Practical experience with Docker containerzation and Clustering (Kubernetes/EKS)
Design, test and implement continuous integration and deployment pipelines using bitbucket/github, Jenkins.
Experience working with different services like Ec2, RDS, IAM, VPC, Lambda in AWS
Experience in creating Infrastructure in AWS using Terraform/Cloudformation.
Strong terraform skills to deploy infrastructure as a code.
Additional Skill
Leadership qualities
Over all 10+ years of software development and delivery experi","AWS Cloud Engineer postings typically ask you to: Collaborate with cross-functional teams to identify, design, and implement end-to-end cloud-based solutions. Collaborate with software development teams to understand application requirements and implement new features. Configure access controls, encryption, and other security features to safeguard applications and data. Identify and address performance bottlenecks and optimize resource utilization for cost efficiency."
c++ software developer,C++ Software Developer,engineering,11,11,,0,36.4,100.0,27.3,"C++, Python, Jira, SQL, Oracle, DevOps",Urgent Hiring Sr. C++ Software Developer,Ekodus,"Job Title - Sr. C++ Software Developer ( Hybrid)
Location - NYC, Jersey City or Boston
Duration - 12Months
Description -
The Expertise You Have
BS or above in Computer Science or related field
10+ years of professional C++ Development experience with at least 3+ of those on UNIX systems.
Design, develop and deploy applications with a focus on high availability, low latency and scalability.
Deep knowledge of C++ written with the latest standards, UNIX OS internals, CPU architecture, and networking hardware and protocols.
Working understanding of Agile methodology
Knowledge of Equities Electronic Trading business, previous experience in Smart Order Router, Market Data or Order Management Systems development is desirable, but not required
Design, develop and maintain and execute test cases for your application
Ability to investigate, isolate, and solve technical issues across the full technology stack by using automated & manual testing methodologies
Advanced skills in scripting languages for automation
Experience in a DevOps environment using CI/CD tools; experience with Git/Bitbucket Server (Stash), Jenkins, and uDeploy are a plus
Excellent communication and collaboration skills to ","C++ Software Developer postings typically ask you to: Design, develop and deploy applications with a focus on high availability, low latency and scalability. Design and develop implementations of functionality targeted for hosted applications that support multi-tenant, highly scalable transaction processing. Design, develop, and maintain implementations of functionality targeted for hosted applications that support multi-tenant, highly scalable transaction processing. Collaborate with the team to minimize processing time, ensuring timely responses to market changes."
cloud systems administrator,Cloud Systems Administrator,network_infra,11,9,79068.0,1,27.3,50.0,18.2,"Linux, AWS, Azure, Bash, Python, Windows",Cloud System Administrator,Software Technology Inc.,"Hello,
This is Tejaswini from
Software Technologies Inc
. We have a job opening with our client for position of
Cloud System Administrator
if you are available and looking for any new opportunities, please send me your updated resume for below position ASAP.
Job Title:
Cloud System Administrator
Location:47 Trinity Avenue Atlanta GA
Description
The System Administrator (SA) is responsible for supporting production and lower-level AWS environments utilizing Linux operating systems, as well as Google Workspaces and in the future Azure environments may be included.
Job Summary
SOLID LINUX/UNIX ADMINISTRATION BACKGROUND REQUIRED
Solid Aws Experience Reqired
The System Administrator (SA) is responsible for supporting production and lower-level AWS environments utilizing Linux operating systems, as well as Google Workspaces and in the future Azure environments may be included. The SA will work closely with CM resources as well as BA's, QA's, and developers to ensure successful delivery of solutions in a secure and stable environment. This role will provide technical expertise and function as a technical resource to GTA Dev-Ops teams. The SA will be the subject matter expert in Dev-Ops fo","Cloud Systems Administrator postings typically ask you to: Coordinate application deployments, upgrades and changes with the relevant configuration management, application developmen. Develop scripts to maintain integrity of critical network services (DNS, NIS, LDAP, VAS password synchronization) between Solaris, Linux, and Windows. Coordinate application deployments, upgrades and changes with the relevant configuration management, application development teams,."
reactjs developer,Reactjs Developer,engineering,11,8,,0,54.5,25.0,36.4,"JavaScript, React, TypeScript, Java, AWS, Unit Testing",Sr. ReactJS Developer,E-IT,"Role: ReactJS Developer
Location: San Leandro, CA (onsite)
Contract
JD :-
Hands-on software design and development experience in User Interface (UI).
The resource needs to be - very good in development skills using Java and REACTJS
Understanding and experience of React and its core principles.
Strong experience in architecting, designing, and developing UI architectures specifically using React and its workflows/patterns (such as Redux and React-router).
Ability to offer high level and detailed guidance or on architectural, design and development options with proof-of-concept code wherever required.
Experience in applying styles to React Components.
Knowledge and experience in web accessibility.
Strong knowledge on vanilla JavaScript, including DOM manipulation.
Experience with git and GitHub, including PR and branching.
Experience with any UNIX type of command line skills in a terminal is a plus.
Acts in the highest-level technical role as an individual contributor and/or team lead for the most complex computer applications and/or application initiatives.
Utilizes a thorough understanding of available technology, tools, and existing designs.
Show more
Show less","Reactjs Developer postings typically ask you to: Collaborate with designers, developers, and other stakeholders to ensure the best possible user experience. Optimize UI designs for speed, scalability, and performance using best practices of front-end technologies. Test and debug UI code to ensure quality and functionality. Implement and maintain coding best practices and standards."
react js developer,React Js Developer,engineering,11,10,,0,45.5,42.9,63.6,"React, JavaScript, CSS, HTML, CI/CD, Java",Sr REACT JS DEVELOPER,Diverse Lynx,"Job title:
Sr REACT JS DEVELOPER
Experience :9 &plus; years
Location: Riverwood, Illinois
ONSITE -(Hybrid, Weekly 3 days Candidate needs to be in office)
Required Qualifications
Good knowledge of Hypertext Markup language (HTML), Cascading Style Sheet (CSS), JavaScript, Responsive Web Development (RWD) Bootstrap, SASS framework (SCSS)
Strong proficiency in JavaScript and ES6 features
Thorough understanding of React.js 17.x and its core principles
Experience with common front-end development tools / plugins such as Babel, Webpack, NPM, etc.
Experience in unit testing and automation
Experience with popular React.js state management libraries (such as Context API or Redux)
Experience in creating, designing and integrating restful APIs
6&plus; years of demonstrated experience in creating and implementing User Interface applications
Able to convert Visual designs to interactive interfaces as well as implement functional logic
Advanced problem-solving skills and the ability to optimize code for the best possible outcome
Ability to work effectively in a collaborative environment to create top-performing interfaces
Excellent debugging and performance optimization skills
Familiarity with co","React Js Developer postings typically ask you to: Create large-scale distributed systems out of microservices. Create and iterate quickly on prototypes that showcase new designs and interaction patterns. Design, build, and maintain efficient, reliable, and reusable code. Ensure the optimal performance, quality, and responsiveness of applications."
programmer/analyst,Programmer/analyst,engineering,11,9,91021.0,1,100.0,83.3,54.5,"Java, SQL, Unix, Oracle, DevOps, Windows",Programmer/Analyst: III (Senior) (1024741),The Judge Group,"Location:
Columbus, OH
Salary:
Negotiable
Description
Job Title: Java Developer
Location: Columbus, OH 43219 (Hybrid 3 days in week)
Type: 6+ Months Contract
Contract : Accepted Only W2
Basic Qualifications
5 years of hands-on development using Java EE technologies that provide web services, incoming/outgoing file processing, and user interface capabilities.
5 years of hands-on IBM Integration Bus (IIB) development and support.
Excellent communication, design, documentation, analytical, and SDLC skills.
Work independently and with minimal supervision.
Possess 2 years of professional experience in mentoring/supervising junior development team members.
Bachelor's Degree
Preferred Qualifications
Experience with IBM FTM (Financial Transaction Manager) or alternatively other payment engine/payment hub technology.
TCH RTP integration experience
5 years using IBM WebSphere/MQ/DB2 (or other relational database)/FTM and Unix/Linux commands.
Payments/payment processing background in 1 or more of the following: Wires, ACH, Zelle, TCH RTP or Bill Payments.
Experience using monitoring tools like Dynatrace, Zenoss, Splunk, and log files to evaluate the health of mission critical production appli",Programmer/analyst postings typically ask you to: Work independently and with minimal supervision. Ensure results meet requirements. Develop software in an agile environment leveraging DevOps for environment setup automated builds continuous.
datastage developer,Datastage Developer,engineering,11,10,131560.0,2,54.5,33.3,27.3,"ETL, SQL, AWS, XML, Linux, Unix",Sr DataStage Developer,"The Computer Merchant, LTD (TCM)","JOB TITLE:
Sr DataStage Developer
JOB LOCATION:
Must be onsite 2 days a month in Menands NY
WAGE RANGE*:
$65-70/hr. W2
JOB NUMBER:
23-02711
Required Experience
Five (5) years of experience in Middleware, Data Warehouse, Data Mart and Data Integration applications
Five (5) years of IBM Infosphere DataStage experience including experience with 11.7.
Minimum of 5 years experience with IBM Infosphere Data Stage ETL tool
Job Description
HOW YOU'LL MAKE AN IMPACT:
You'll join our talented Development Team. Our project is built on a multi-tier architecture including Service Oriented architecture, multi-tier web applications using Java and various other COTS products
You'll analyze data requirements, complex source data, and the data model and determine best methods in extracting, transforming and loading data into data staging, and warehouse.
You'll work closely with functional teams to understand requirements regarding ETL design flows and data integration. Collaborate on definition, development, and maintenance of standards and processes.
You'll develop ETL solutions using data warehouse design best practices. Create, update and maintain Online Analytical Processing (OLAP) system form O","Datastage Developer postings typically ask you to: Collaborate on definition, development, and maintenance of standards and processes."
cyber security technical writer,Cyber Security Technical Writer,security,11,8,95650.0,1,0.0,75.0,36.4,"Risk Management, Cybersecurity, CISSP, Incident Response",Cyber Security Technical Writer,"Spectra Tech, Inc.","Overview
Seeking a Cyber Security Technical Writer to join our team at the Y12 National Security Complex in Oak Ridge, TN. Y12 provides integral mission support to the NNSA.
PLEASE NOTE
Candidate must have working knowledge of National Institute of Standards and Technology (NIST) policy and procedures.
Candidate must have technical editing experience (not just reviewed or coordinated) for start-finish completion of policies and procedures in IT and cyber fields.
Client is an engineering, technology, and security firm helping to advance missions of national importance for government programs, national laboratories, national security facilities, nuclear operations, and complex projects. We support clients at every stage, from strategic planning and program management to the execution of engineering and technical activities. We work to attract and retain the best talent because the best talent delivers the best results for our clients. Our capabilities are based on our experience in complex, secure, and highly regulated environments. We leverage our experience and capabilities to provide mission-driven solutions tuned to our client's mission needs and strategic direction.
Responsibili","Cyber Security Technical Writer postings typically ask you to: Develop technical reports working with analysts, engineers, and specialists. Provide agendas for meetings and generate records of the meetings. Ensure our customer is prepared to answer questions related to program activities as well as access to information they need to assess our overall program performance. Coordinate and ensure technical requirements of cyber security are appropriately documented and integrated into the overall site security efforts."
technical systems engineer,Technical Systems Engineer,devops,11,2,,0,0.0,0.0,9.1,,Technical Systems Engineer (Electronic Security),Global Guardian,"Company Overview:
Global Guardian is a provider of world-class security solutions, custom-tailored to the individual needs of its global client base. The company offers an integrated suite of best-in-class security services that help clients identify and mitigate the risks of traveling and doing business both overseas and domestically.
Global Guardian offers a full range of security services, both domestically and overseas. These services include personnel tracking, emergency response, security and transportation support, intelligence and due diligence medical support, emergency and custom aviation, cyber security, and video surveillance monitoring. Global Guardian seamlessly integrates as many of these capabilities as needed and delivers them 24 hours a day under the close guidance of its Operations Center.
At Global Guardian, our clients' safety and satisfaction is our top priority. We are hyper-responsive and dedicated to providing world-class service. Our Operations Center staff and local teams move in minutes and hours.
Position Overview:
The Technical Systems Engineer will own the work they perform and contribute to the growth of the organization as we scale into a true globa","Technical Systems Engineer postings typically ask you to: Prepare, monitor, and manage projects and project plans,."
sap cpq developer,SAP Cpq Developer,engineering,11,1,122500.0,1,0.0,,0.0,"Linear, SAP",SAP CPQ Developer,Avanade,"Job Description
Do you always deliver what  you’ve  promised? So do we.
At the heart of every great  technology  solution is great management, always making sure that the project delivers what it set out to do and matches expectations.
Introduction :
You have an inclusive, global first, and  deeply  human outlook with a practical focus on day-to-day activities and changing needs, and your business knowledge matches your excellent teamwork, communication, and negotiating skills.
Come join us :
There is one in every group - the person who dreams big and has the motivation to bring their ideas to life, even as others might roll their eyes and prefer to play it safe. Are you that person? One who isn’t afraid to break the mold and who gets passionate about the power of digital to transform organizations and ways of working. Because we are building teams of people like that to help our clients unlock the power they need now and own what is next.
We are breaking apart the traditional process of setting strategies and goals first, and then finding technologies to achieve them. In the digital age, there is no time for that linear process. We partner with clients to accelerate value from dig",Postings for SAP Cpq Developer do not phrase their day-to-day duties consistently enough to summarise automatically.
sld ground software engineer lunar transportation,Sld Ground Software Engineer Lunar Transportation,engineering,11,1,179120.0,1,100.0,0.0,100.0,,SLD Ground Software Engineer-Lunar Transportation III (R37032),BLUE ORIGIN,"At Blue Origin, we envision millions of people living and working in space for the benefit of Earth. We’re working to develop reusable, safe, and low-cost space vehicles and systems within a culture of safety, collaboration, and inclusion. Join our diverse team of problem solvers as we add new chapters to the history of spaceflight!
Lunar: This role is part of the Lunar Transportation business unit. To further Blue Origin's mission of having millions of people living and working in space, we are building the sustainable infrastructure for our transport of crew and cargo from Earth to the Lunar Surface.
Codes and develops software and applications creating distinct code in the design and development of software meant for exclusive purposes or users while providing custom configuration and solutions, however, their role is not customization and configuration of commercial software meant for broad applications and uses. Conducts requirement analysis, documents technical specifications, and writes, reviews, and debugs code. Recommends product revisions or enhancements based on user feedback. Develops and maintains documentation or user manuals. Responsible for the analysis, design, dev","Sld Ground Software Engineer Lunar Transportation postings typically ask you to: Collaborate with multidisciplinary teams, including engi."
motorcycle sales fit specialist,Motorcycle Sales Fit Specialist,it_support,11,11,,0,0.0,,0.0,,Motorcycle Sales Associate/Fit Specialist,Manchester Harley-Davidson,"Job Title:
Fit Specialist
Department
: Motorcycle Sales
Supervisor:
Sales Management Team
Summary Description
Focus on the in-store customer experience; follow up with dealership customers & presentation of Harley-Davidson motorcycles. The sale of Harley-Davidson motorcycles to dealership customers appropriate to their preferences and needs by applying the dealership sales process, working in concert with assigned teams and an Assistant Sales Manager (ASM).
Duties And Responsibilities
Welcome guests into the dealership.
Narrow down the selection of Harley's to find which ones fit the customers’ needs.
Follow up phone calls to customers.
Selling the fun and excitement of Harley-Davidson to customers.
Responsible for making sure that every person encountered on the sales floor is entered into the Traffic Log.
Aggressively but politely following up on all prospective customers.
Meet and exceeding contact goals as assigned by the Sales Manager.
Follow all procedures to complete all paperwork accurately and in a timely manner.
Maintain the showroom and display of motorcycles in a manner appealing to customers.
Remain alert and on the floor, at all times.
Greet customers immediately, in ",Motorcycle Sales Fit Specialist postings typically ask you to: Maintain the showroom and display of motorcycles in a manner appealing to customers. Ensure that customers are properly qualified for needs and wants.
net web developer,Net Web Developer,engineering,11,4,150800.0,1,72.7,0.0,90.9,"SQL, .NET, JavaScript, Unit Testing, CSS, HTML",Senior .NET Web Developer,Syrinx Consulting,"Senior .NET Developer Openings
Must be local to MA/RI Area as this role is on-site in RI.
U.S. Citizens and those authorized to work in the U.S. are encouraged to apply. We are unable to sponsor at this time. No Corp to Corp.
Overview
The Senior .NET Web Developer / Tech Lead will participate in a development capacity on a project building a robust, next gen web app for a financial technology firm in modern Microsoft technologies.
Requirements
Senior-level or Tech Lead
Several years of .NET experience, preferably full-stack.
8+ years of experience building robust web applications with ASP.NET MVC, ASP.NET Web API, and SQL Server
Experience in JavaScript frameworks such as AngularJS, ReactJS, EmberJS, AureliaJS, and/or Knockout is a plus.
Experience with automated unit testing
Demonstrated database proficiency in Microsoft SQL Server 2012, at least 3 years
Please send resume directly to Colin Reposa at creposa@syrinx.com
Show more
Show less",Postings for Net Web Developer do not phrase their day-to-day duties consistently enough to summarise automatically.
machine learning operations engineer,Machine Learning Operations Engineer,ai,11,5,150000.0,1,81.8,100.0,18.2,"Machine Learning, Python, Big Data, CI/CD, Spark, Airflow",Lead Machine Learning Operations Engineer,Agoda,"About Agoda
Agoda is an online travel booking platform for accommodations, flights, and more. We build and deploy cutting-edge technology that connects travelers with more than 3.6 million accommodations globally. Based in Asia and part of Booking Holdings, our 6,000+ employees representing 90+ nationalities foster a work environment rich in diversity, creativity, and collaboration. We innovate through a culture of experimentation and ownership, enhancing the ability for our customers to experience the world.
Agoda is an online travel booking platform for accommodation, flights, and more. We build and deploy cutting edge technology that connects travelers with more than 2.5 million accommodations globally. Based in Asia and part of Booking Holdings, our 4,000+ talents coming from 90+ different nationalities foster a work environment rich in diversity, creativity, and collaboration. We innovate through a culture of experimentation and ownership, enabling our customers to experience the world.
Get to Know Our Team
The Engineering department oversees all Agoda’s ML and software related requirements. Our goal is to enable and increase Agoda’s business through creative approaches and th","Machine Learning Operations Engineer postings typically ask you to: Ensure seamless deployment of machine learning models, with a focus on reinforcement learning models. Implement and oversee monitoring, quality, and compliance frameworks for all AI models. Analyze complex datasets for reinforcement learning model training and evaluation. Collaborate with stakeholders to identify opportunities for applying reinforcement learning to customer challenges."
machine learning researcher,Machine Learning Researcher,ai,11,11,212500.0,1,18.2,66.7,27.3,"Machine Learning, Deep Learning, Python, C++, PyTorch, Statistical Analysis",MACHINE LEARNING RESEARCHER,Gables Search Group,"Job Title
: Quantitative Research and Machine Learning Engineer
Job Description
Position Overview
:
We are seeking a highly motivated and skilled Quantitative Research and Machine Learning Engineer to join our hedge fund. This unique role at the intersection of quantitative research and machine learning engineering requires a deep understanding of both domains to drive innovation and data-driven decision-making.
Key Responsibilities
Quantitative Research Integration: Collaborate with quantitative researchers to incorporate statistical analysis, econometrics, and financial modeling insights into machine learning projects. Translate quantitative research findings into actionable machine learning strategies.
Machine Learning Development: Develop, implement, and fine-tune machine learning models that leverage quantitative research methodologies. Ensure the models are statistically robust, accurate, and aligned with economic and financial theories.
Data Processing: Work on data preprocessing, feature engineering, and data cleaning to create high-quality datasets for machine learning projects. Optimize data pipelines to handle large-scale financial data efficiently.
Algorithmic Trading S","Machine Learning Researcher postings typically ask you to: Ensure the models are statistically robust, accurate, and aligned with economic and financial theories. Optimize data pipelines to handle large-scale financial data efficiently. Monitor and improve the performance of trading algorithms. Maintain knowledge of current and future software development tools and techniques for machine learning and AI research."
machine learning operations,Machine Learning Operations,ai,11,1,,0,100.0,,0.0,,Machine Learning Operations – Staff Engineer,Agoda,"About Agoda
Agoda is an online travel booking platform for accommodations, flights, and more. We build and deploy cutting-edge technology that connects travelers with more than 3.6 million accommodations globally. Based in Asia and part of Booking Holdings, our 6,000+ employees representing 90+ nationalities foster a work environment rich in diversity, creativity, and collaboration. We innovate through a culture of experimentation and ownership, enhancing the ability for our customers to experience the world.
Agoda is an online travel booking platform for accommodation, flights, and more. We build and deploy cutting edge technology that connects travelers with more than 2.5 million accommodations globally. Based in Asia and part of Booking Holdings, our 4,000+ talents coming from 90+ different nationalities foster a work environment rich in diversity, creativity, and collaboration. We innovate through a culture of experimentation and ownership, enabling our customers to experience the world.
Get to Know Our Team
The Engineering department oversees all Agoda’s ML and software related requirements. Our goal is to enable and increase Agoda’s business through creative approaches and th",Postings for Machine Learning Operations do not phrase their day-to-day duties consistently enough to summarise automatically.
hardware test engineer,Hardware Test Engineer,qa,11,11,157850.0,2,18.2,0.0,27.3,"Python, MATLAB, Git, Jira, Data Analysis, JavaScript",Hardware Test Engineer,ASSA ABLOY Group,"Join our Global Team in Shaping the Future of Connectivity!
At ASSA ABLOY, our global teams collaborate seamlessly to craft products and services that integrate into our users’ lives, simplifying their everyday routines and enhancing convenience. By empowering users to control access, we provide unparalleled peace of mind through enhancing safety and visibility.
We’re expanding our Access Egress Hardware Team, seeking to a hire an experienced Test Engineer to join us on this journey. If you would like to be a part of shaping the future to connected living through IoT product testing, please apply!
This position will sit onsite full-time New Haven, CT.
What will you be doing?
Your role will involve software and hardware development for intricate embedded products. You’ll be at the forefront of designing, developing, and deploying cutting edge automated test projects, ensuring sustainability of complex legacy design projects.
Spearheading software and hardware development of product functional test and configurations.
Designing, developing, and deploying new automated test projects.
Sustaining complex existing legacy test projects.
Conducting data analysis and implementing corrective","Hardware Test Engineer postings typically ask you to: Perform certification testing, in-house or at external facilities. Execute tests to validate functionality, performance, and reliability. Implement scripted testing automation to streamline repetitive tasks. Conduct analysis, diagnostics, and preliminary evaluations of hardware products."
advanced software engineer,Advanced Software Engineer,engineering,11,9,181376.0,1,81.8,75.0,36.4,"Software Architecture, Kubernetes, Jenkins, CI/CD, Docker, GitLab",Sr. Advanced Software Engineer II with Security Clearance,ClearanceJobs,"Sr. Advanced Software Engineer II Scottsdale, AZ ROLE AND POSITION OBJECTIVES: As a systems/software I&T engineer for SDA O&I/GMI program, you'll be a member of a cross functional team responsible for developing and deploying the state-of-the-art ground operational system. US CITIZENSHIP REQUIREMENT: This assignment is a US Government Contract which requires all applicants to be US Citizens. We encourage you to apply if you have any of these preferred skills or experiences:
Satellite communications knowledge
Ground to Satellite communication knowledge
Ground operations experience What sets you apart:
Creative thinker with demonstrated success leading the software development life cycle
Expertise in applying technical standards and methodologies to solve challenges
Exceptional communication skills with the capacity to secure buy-in on concepts and ideas
Collaborative team player eager to provide technical leadership and position others for success
Commitment to ongoing professional development for yourself and others Our Commitment to You:
An exciting career path with opportunities for continuous learning and development
Research oriented work, alongside award winning teams developi","Advanced Software Engineer postings typically ask you to: Research oriented work, alongside award winning teams developing practical solutions for our nation's security. Develop software designs according to architecture that meet defined product specifications. Provide in-depth design reviews to ensure designs can meet product’s functional and performance requirements. Ensure software architecture, design, and interface specifications comply with department guidelines and can fulfil requirements."
wireless network engineer,Wireless Network Engineer,network_infra,11,11,158650.0,3,63.6,83.3,54.5,"Firewalls, Zero Trust, Databricks",Sr Wireless Network Engineer,CIGNEX,"Job Description
Greetings from CIGNEX [ www.cignex.com/ Mukteshkumar.Bimal@cignex.com] ]
Pls advise with interest/availability window for initial discussion for a tremendous Job Opportunity on client payroll
Job Title: Sr Wireless Network Engineer [Wi-Fi]
to support Cisco ACI Data Center Network.
Job Type: Permanent Full time career opportunity on client payroll
Location: Hybrid with min 2-3 days onsite @SF BAY AREA CA
Experience level:
seven years of progressively responsible and directly related work experience including
minimum of 5 years of network engineering experience in critical
datacenter network
environments.
License/Certification: CCNA/CCNP/CCIE/ CCIE lab
Knowledge, Skills, & Abilities
Expert level knowledge of network administration, routing/switching and engineering in mission critical environments servicing large server deployments.
Knowledge of a wide variety of network equipment including but not limited to; routers, switches, firewalls, denial of service mitigation, serial consoles, and load balancers.
Requires strong working knowledge of Cisco network hardware, software, LAN/WAN connectivity, Experience managing and documenting wireless networks, overlaying APs on",Wireless Network Engineer postings typically ask you to: Assist in the design/deployment of new sites and network solutions. Perform wireless surveys and designs. Manage the Aruba and Cisco Wi-Fi environments. Deploy Wi-Fi solutions across the enterprise.
node js developer,Node Js Developer,engineering,11,9,,0,45.5,66.7,54.5,"JavaScript, Node.js, CI/CD, Python, AWS, Git",Node JS Developer,InfoVision Inc.,"Job Title: Node JS Developer
Location: Dallas, TX
Duration: Long-term
Job Description:
10+ Year of overall IT Experience
NodeJS/JavaScript, HTML, CSS, Git, PHP, Python Programming, Redis, Maria DB or MySQL, Docker Containers development, RHEL, Apache, VueJS, Bash Scripting, JQ, Unix/Linux, Jenkins, CI/CD
Preferred
:
- Knowledge of networking technologies such as IP, L2, L3VPN, etc.- Highly Desirable
- Knowledge of VxLAN or eNSE (evolved network service edge) networks - Highly desirable
- Knowledge of developing automation for Network Configuration & Deployments
- Knowledge of Cisco's Network Service Orchestrator (NSO) product
- Knowledge of Itential's Workflow Automaton Platform (IAP)
Raj Vemula
Director–Resource Development
raj.vemula@infovision.com
www.infovision.com
Show more
Show less","Node Js Developer postings typically ask you to: Troubleshoot and determine resolutions to system issues and bugs identified by the MQA group and the Applications Management team. Document application modifications and additions daily as coding tasks are assigned, and store in a document repository."
performance test engineer,Performance Test Engineer,qa,11,11,,0,45.5,50.0,36.4,"Java, Splunk, CI/CD, AWS, Linux, SQL","Lead Performance Test Engineer - Atlanta, GA (Day 1 onsite) - Contract Role",HireKeyz Inc,"Job Role: Lead Performance Test Engineer
Location: Atlanta, GA(Day 1 onsite)
Employment: Contract
Job Description
MUST Have Skills:
Prometheus monitoring, Scripting (Java Script/Python/Ruby/Bash), JMeter Scripting
Responsibilities
Plan, design, and execute performance tests to evaluate the response times, scalability, and reliability of applications under various scenarios.
Collaborate with software development and architecture teams to identify performance requirements, test cases, and success criteria.
Configure and maintain performance testing environments, tools, and infrastructure.
Monitor and analyze application performance using performance testing tools and monitoring solutions.
Identify and isolate performance bottlenecks, application vulnerabilities, and resource constraints.
Generate detailed performance test reports, documenting results, issues, and recommendations.
Work with development teams to prioritize and implement performance improvements and optimizations.
Develop and maintain performance testing scripts and scenarios.
Automate performance tests to support continuous integration and continuous delivery (CI/CD) pipelines.
Required Qualifications
Bachelor's degree","Performance Test Engineer postings typically ask you to: Collaborate with software development and architecture teams to identify performance requirements, test cases, and success criteria. Configure and maintain performance testing environments, tools, and infrastructure. Monitor and analyze application performance using performance testing tools and monitoring solutions. Identify and isolate performance bottlenecks, application vulnerabilities, and resource constraints."
power bi analyst,Power BI Analyst,data,11,9,95000.0,1,9.1,0.0,9.1,"Power BI, SQL, Azure, Data Modeling, Excel, ETL",Power BI Analyst,Nigel Frank International,"I'm looking for an experienced Power BI professional to join growing company based in Scotland - this role is largely remote, with occasional travel once or twice per month to their offices in Glasgow or Aberdeen.
In this role you'll work as part of a close-knit Business Intelligence team, and will lead on the transition from their current legacy reporting suite to Power BI.
You'll be working with stakeholders across the business to provide them with insightful Power BI reports that will impact commercial decision-making, and will play a critical role in helping the business to identify opportunities for improvement and fuel future growth.
As such, we're looking for a Power BI enthusiast who also has strong commercial awareness, and is keen to really help this business level-up and get maximum value from their data.
Requirements:
Strong end-to-end Power BI development experience
Strong experience developing complex measures in DAX
Experience with SQL scripting
Experience working with data from a variety of sources
Excellent communication and stakeholder management skills
Benefits:
Salary up to £50,000 depending on experience
Additional benefits package
Please Note: This is a perman","Power BI Analyst postings typically ask you to: Perform tasks on Power BI desktop (Basic to Advance) like ETL (Extract Transform and Load), Manage Relationship and creating Visuals. Perform tasks independently using advance Power Query steps, DAX formulas, Measures etc. Execute agile type of task under typical program/portfolio. Work on advance excel & Power BI to carry out any type of project analysis."
electrical engineer,Electrical Engineer,engineering,11,9,188750.0,2,63.6,50.0,54.5,"System Design, MATLAB, Excel, C++, Windows, Linux",Principal Electrical Engineer - (Firmware (FW) Design - Radar P with Security Clearance,ClearanceJobs,"2023-10-05Country
Date Posted:
United States of AmericaLocation:
CA601: Goleta (EW) Bldg H01 6380 Hollister Avenue Building H01, Goleta, CA, 93117 USAPosition Role Type:
Onsite At Raytheon, the foundation of everything we do is rooted in our values and a higher calling - to help our nation and allies defend freedoms and deter aggression . We bring the strength of more than 100 years of experience and renowned engineering expertise to meet the needs of today's mission and stay ahead of tomorrow's threat . Our team solves tough, meaningful problems that create a safer, more secure world. Job Summary: The Sr Principal FW Design Engineer is responsible for requirements analysis and decomposition, sub-system design, modeling, simulation, and design verification test. The Sr Principal FW Design Engineer will work with other experienced engineers, will have strong written and verbal communication skills, and will have the ability to work independently yet collaboratively in a team environment.. Responsibilities to Anticipate: Digital Signal Processing and Design: Active noise cancellation, automatic line-enhancement signal processing, Kalman filters, Digital Up/Down Converters, CIC Filter",Electrical Engineer postings typically ask you to: Design support is expected from requirements definition through integration and test. Design documentation and configuration management are required. Work with project engineer or engineering manager to define and develop design concepts to meet customer requirements. Review customer specifications and assist with technical proposals on new sensor applications.
6k8ci3 systems engineer,6k8ci3 Systems Engineer,devops,10,5,,0,10.0,16.7,60.0,"SQL, Oracle, System Design, MySQL, Excel, Jira","6K8CI3-Systems Engineer 3 - 62U-Reliab, Maintain & Sys Health (61684-1 )","Systemart, LLC","Job Description
Boeing Global Services (BGS) C-17 Globemaster is seeking a Reliability & Maintainability System Engineer for exciting opportunities with the Fleet Reliability & Analysis Team in Warner Robins, GA.
Position Responsibilities:
- Applies an interdisciplinary, collaborative approach to plan, design, develop and verify a lifecycle balanced system of systems and system solutions.
- Evaluates customer and /operational needs to define and coordinate system performance requirements, integrate technical parameters and assure compatibility of all physical, functional and program interfaces.
- Performs various analyses to optimize total system of systems and/or system architecture.
- Performs analyses for affordability, safety, reliability, maintainability, testability, human systems integration, survivability, vulnerability, susceptibility, system security, regulatory, certification, product assurance and other specialties quality factors into a preferred configuration to ensure mission success.
- Develops the planning, organization, implementation and monitoring of requirements management processes, tools, risk, issues, opportunity management and technology readiness assessmen","6k8ci3 Systems Engineer postings typically ask you to: Develop analysis methods to determine reliability of components, equipment and processes. Prepare diagrams, charts, drawings, calculations and reports to define reliability problems and make recommendations for improvements. Conduct failure analyses to recommend operational, maintenance, and process changes so as to maximize aircraft systems reliability, availability and life expectancy. Work Location: Huntsville, AL This position is expected to be 100% onsite."
adaptive threat replication engineer,Adaptive Threat Replication Engineer,security,10,2,,0,100.0,100.0,100.0,"Penetration Testing, Burp Suite",Senior Adaptive Threat Replication Engineer,Bank of America,"Job Description:
Senior Adaptive Threat Replication Engineer
(AKA Red Team, Penetration Testing, Advanced Vulnerability Assessments Engineer)
Are you passionate about cyber security and looking to work with some of the best information security professionals in the world and in challenging environments? Bank of America is hiring top talent to join our team. You bring your talent and passion and we’ll provide you with an opportunity to shine and grow.
The Cyber Security Assurance Division is looking for a Senior Adaptive Threat Replication Engineer to join a team of world-class offensive security professionals. In this role you will diligently hunt for hi-risk vulnerabilities across the bank’s global technology environment. Understanding security policy and compliance is important but in this role your focus is to identify exploitable vulnerabilities; ones that can bring about that “nightmare scenario.”
This is a highly technical role that requires broad technical knowledge and a deep understanding of threats and threat TTPs. You will lead and participate in advanced technical assessments that leverage red team, penetration testing, and vulnerability assessment tools and techniques ",Postings for Adaptive Threat Replication Engineer do not phrase their day-to-day duties consistently enough to summarise automatically.
it help desk support,IT Help Desk Support,it_support,10,2,,0,20.0,0.0,30.0,"Windows, Active Directory, SAS",IT Help Desk Support - Level II,K2 Staffing,"Summary
Our client is a leading IT Solutions Company in the
Westchester County, NY (Harrison, NY)
area and they are in need of a
Help Desk Support Level II+ Technician
. An IT Technician’s role is to ensure system operation and functionality so that end users can accomplish business tasks. The objective of the IT Technician will be to respond to support requests in a timely manner, be the initial reference point for all IT support related tickets, and to ensure the satisfaction of the end user, among other technical duties.
Duties & Responsibilities
Provide support of incoming requests to the service desk via telephone, web portal, email to ensure courteous, timely, and effective resolution of end-user issues.
Provisioning and system setup for new hires.
Prioritize incidents and service requests according to defined processes to meet defined SLAs.
Use remote tools and diagnostic utilities to aid in resolving support requests.
Server administration via Active Directory, File & Print services, DNS, DHCP.
Install antivirus software and ensure virus definitions are up to date.
Server administration via Active Directory, File & Print services, DNS, DHCP.
Network firewall and switch admi","IT Help Desk Support postings typically ask you to: Work-related experience with an RMM (Remote Monitoring & Management Solution), such as Kaseya, Datto, Continuum, Connectwise, etc. Install antivirus software and ensure virus definitions are up to date. Support the set-up of new suites in the same building or company physical moves as needed."
windows systems engineer,Windows Systems Engineer,devops,10,10,95000.0,2,30.0,33.3,30.0,"Windows, Active Directory, VMware, Azure, SQL, AWS",Windows Systems Engineer,"Edgewater Federal Solutions, Inc.","The Systems Engineer (Windows) will be responsible for engineering, design, integration, deployment, testing, certification, patching, addressing interoperability issues, not only of the base operating system, but for all support libraries, components, and application dependencies. This is ONSITE in Pocatello, ID and full time. This is not a Sr. position.
Position requirements and duties of the Systems Engineer (Windows)
Design, implement, and provide ongoing support of the Windows Infrastructure.
Engineer, integrate, design, and deploy various Windows components and expert knowledge in Active Directory, Group Policy, digital certificates, multi factor integration, DNS and DHCP.
Create and maintain bare-metal and virtual machines with the appropriate distribution of Windows and network configuration, using tools that include Windows Deployment Services, Microsoft Endpoint Configuration Manager, System Center Configuration Manager, Hyper-V, SQL Server, Windows 2019/2022, and Windows 11.
Provision/configure required software onto servers, such as web servers and databases such as SQL Server.
Possess proficient understanding of networks, storage, and LAN/WAN systems and applications a","Windows Systems Engineer postings typically ask you to: Design and improve servers and workstations to increase efficiency for their specific roles and lifespan. Manage installation and configuration of systems as per custom recommendations. Create written policy manuals for new system configurations, deployment methods, maintenance techniques, and intervals. Provide ongoing training to a team of technicians."
pgd business analyst,Pgd Business Analyst,product,10,4,,0,40.0,,0.0,Power BI,PGD Sr. Business Analyst,Energy Jobline,"Requisition ID: 76972
NextEra Energy Resources is the world's largest generator of renewable energy from the wind and sun, and a world leader in battery storage. We provide energy-related products and services that grow our economy, protect the environment, support our communities and help customers meet their energy needs. Are you interested in creating a cleaner environment for future generations? Join our world-class, innovative team today.
Position Specific Description
This position sits within the Power Generation Division which is responsible for all of NextEra Energy's non-nuclear generation operations, exceeding 40,000 megawatts (MW) of installed capacity. The position sits within our Renewables Business Services group focusing on Strategy & Analytics of our renewable operations inclusive of wind, solar, battery storage, and distributed generation.
This Individual Will Have The Following Responsibilities
Develop and enhance financial models which capture operational and financial metrics and drive long-term business improvement across the renewables portfolio
Develop Business Intelligence tools which provide insight into business performance (specific focus on Power BI)
Pro","Pgd Business Analyst postings typically ask you to: Collaborate with site team members, Engineering Teams, Integrated Supply Chain, Cost Tracking, Inventory, etc."
patient visit specialist,Patient Visit Specialist,it_support,10,1,,0,0.0,0.0,70.0,,Patient Visit Specialist - Urology,Presbyterian Healthcare Services,"Overview
The
Patient Visit Specialist
performs visit closure activities to coordinate patient care while providing an exceptional patient experience for the successful completion of the next steps ordered by the clinician. The chosen individual would have
advanced scheduling (Return scheduling knowledge to include the ability to scrub schedules for accuracy and efficiency in the home department)
for specialty or radiologic procedures, recognizing payor requirements, and obtaining prior authorization/certification/referrals for visits/procedures. The individual will process daily referral work queues for authorization, deferring only those that require payor consideration. Work Primary Care and most Specialty Care offices must process STAT and ASAP referral work queues for results received, and monitor in-baskets and reports for overdue results, waitlisted appointments, recalls, etc.
Type of Opportunity: Full Time
FTE: 1.000000
Exempt: No
Work Schedule: Weekday Schedule Monday-Friday
Qualifications
Experience:
Minimum 18 months experience in a clinical setting with significant MD interaction
Proficiency in prior authorization/certification/referral process
Must pass EPIC competency ",Postings for Patient Visit Specialist do not phrase their day-to-day duties consistently enough to summarise automatically.
noc software engineer,Noc Software Engineer,engineering,10,1,,0,0.0,,0.0,,NOC Software Engineer,Agoda,"About Agoda
Agoda is an online travel booking platform for accommodations, flights, and more. We build and deploy cutting-edge technology that connects travelers with more than 3.6 million accommodations globally. Based in Asia and part of Booking Holdings, our 6,000+ employees representing 90+ nationalities foster a work environment rich in diversity, creativity, and collaboration. We innovate through a culture of experimentation and ownership, enhancing the ability for our customers to experience the world.
Get to Know our Team:
The Network Operations Center is known as NOC in Agoda, and we’re the caretakers of all technology products within the company. From applications to infrastructure, our duty is to guarantee the experience of Agoda’s customers and partners is always optimal and trouble-free. Our department never sleeps, working 24/7 to keep Agoda products functional and usable. The NOC team is an invaluable support to the company, ensuring travelers are allowed the full Agoda experience. Beyond maximizing customer experience uptime, we initiate ideas and experiments that mature NOC to the next level and results in state-of-the-art operation and incident management tools. O",Postings for Noc Software Engineer do not phrase their day-to-day duties consistently enough to summarise automatically.
finance business analyst,Finance Business Analyst,product,10,8,110000.0,1,0.0,85.7,70.0,"Excel, Power BI, Data Analysis, SAP, Cybersecurity, SQL",Finance Business Analyst,Meraki Talent Ltd,"Job Title:
Finance Business Analyst
Company:
Global Scottish Brand - Market Leaders in the Drinks Industry
Location:
North Lanarkshire
Salary:
Up to £46,000 + 10% Bonus
Hybrid Work Model | Free Onsite Parking
Are you a talented Finance professional with a passion for analysis and reporting? My client who are a renowned global Scottish brand and market leaders in the drinks industry, are seeking a skilled Finance Business Analyst to contribute to our continued success and growth. This is an excellent opportunity to work in a dynamic environment with a competitive salary, bonus structure, and flexible work arrangements.
Key Responsibilities:
Financial Reporting:
Strong reporting background to generate accurate and insightful financial reports.
Design and implement financial packs that provide comprehensive analysis to support strategic decision-making.
Data Manipulation:
Demonstrate proficiency in manipulating and analysing large datasets to extract meaningful insights.
Employ advanced Excel and other tools to cleanse, transform, and model financial data effectively.
Financial Analysis and Insights:
Conduct in-depth financial analysis, identifying trends, opportunities, and areas for",Finance Business Analyst postings typically ask you to: Collaborate with various departments to understand and analyse business processes. Develop forecasting models and robust financial reports. Assist in the budgeting process and variance analysis. Ensure compliance with accounting policies and regulatory requirements.
network security analyst,Network Security Analyst,security,10,9,124800.0,2,0.0,50.0,40.0,"Firewalls, Cybersecurity, Incident Response, Risk Management, Linux, Windows",Network Security Analyst,TRM Technologies Inc.,"Our Federal Government client requires a Network Security Analyst to assist in network security infrastructure and services from external threats and vulnerabilities;
by performing specific development/enhancement activities in multiple networks with varied levels of classification, access, and connectivity.
Role And Responsibilities
Prepare and modify operational procedures and network configuration documentation as needed.
Develop build guides for new systems.
Develop Standard Operating Procedures.
Respond to incidences and tickets.
Build cross domain solutions which includes building Linux servers, installing configuring security appliances IDS/IPS, and content filtering solutions.
Develop, implement various security components and services such as firewalls, VPN, network access control and encryption.
Maintain the Enterprise Security suite of products.
Patch/update security appliances/servers.
Configure fault and performance monitoring for security devices, networking devices and servers.
Provide regular and timely updates, status of tasks to the unit head verbally and in written format.
Participate in any assigned projects and strategic planning activities.
Provide knowledge t","Network Security Analyst postings typically ask you to: Analyze security logs and event data to detect anomalies, suspicious patterns, and potential vulnerabilities. Collaborate with the IT team to prioritize, remediate, and track identified security vulnerabilities. Implement and maintain network security policies and procedures to enhance overall security posture. Provide regular reports on network security status and incident trends to senior management."
machine learning software engineer,Machine Learning Software Engineer,ai,10,3,,0,90.0,0.0,10.0,"Machine Learning, Kubernetes, Docker, Python, Rust, AWS",Machine Learning Lead Software Engineer,ClickJobs.io,"JOB DESCRIPTION We have an opportunity to impact your career and provide an adventure where you can push the limits of what's possible. Join our top notch Machine Learning team to drive successful solutions and applications for our customers. As a Lead Software Engineer at JPMorgan Chase within the Consumer & Community Banking Machine Learning division, you are an integral part of an agile team that works to enhance, build, and deliver trusted market-leading technology products in a secure, stable, and scalable way. As a core technical contributor, you are responsible for conducting critical technology solutions across multiple technical areas within various business functions in support of the firm’s business objectives. Job responsibilities
Executes creative software solutions, design, development, and technical troubleshooting with ability to think beyond routine or conventional approaches to build solutions or break down technical problems Develops secure high-quality production code, and reviews and debugs code written by others Identifies opportunities to eliminate or automate remediation of recurring issues to improve overall operational stability of software applications an",Machine Learning Software Engineer postings typically ask you to: Design and develop production backend distributed systems and micro-services at scale.
future opportunity data engineer consultant,Future Opportunity Data Engineer Consultant,data,10,1,132250.0,1,0.0,,0.0,,Future Opportunity- Data Engineering Consultant,Avanade,"Job Description
RECRUITING FOR THE FUTURE
This posting is for a future job opportunity.
To support the needs of our clients, Avanade is actively recruiting and interviewing for the role outlined below, as we continue to build on another year of growth in our business. Now, with more than 60,000 employees around the globe, we are positioning our organization to effectively prepare for the future. What does this mean for you? We encourage you to apply and interview for this role without the need to decide now. This allows you to connect with leaders and hiring managers at a pace that works for you and when roles become available, you will be the first know.
Data Engineering Consultant
Our talented Data and AI Practice is made up of globally recognized experts- and there's room for more analytical and ambitious data professionals. If you're passionate about helping clients make better data-driven decisions to tackle their most complex business issues. let's talk. Take your skills to a new level and launch a career where you can can truly do what matters.
Come join us
As a Data Engineer within our Data and AI practice, you’ll design and set up projects that bring together information f",Postings for Future Opportunity Data Engineer Consultant do not phrase their day-to-day duties consistently enough to summarise automatically.
healthcare business analyst,Healthcare Business Analyst,product,10,8,,0,50.0,33.3,60.0,"SQL, Data Visualization, Power BI, Data Analysis, Agile / Scrum, Jira",Senior Healthcare Business Analyst,"Sunrise Systems, Inc.","Job Title: Senior Healthcare Business Analyst
Location: Richmond, VA 23230
Duration: 7 months contract with possible extension
Job Description
Client is looking for a talented Sr.Healthcare Business Analyst for one of the leading healthcare providers in the United States. This is an excellent opportunity to work in a growing environment. The ideal candidate must have strong skills in business analysis. Excellent written and verbal communication skills with the ability to collaborate effectively with domain experts and IT leadership team is key to be successful in this role.
Required Parameters
Minimum 8 years of IT experience in healthcare as Business Analyst
Defines the functional and non-functional requirements of a system.
Serves as a domain and system subject matter expert and act as a liaison between the Business and IT.
Organizes and presents the functional specifications such as use case documents, UI mock-ups & application workflows to Business and IT stakeholders and solicit feedback.
Provides the link between the technical and the business views of the system by ensuring that the technical solutions satisfy business needs
Be detailed-oriented with ability to multi-task.
C","Healthcare Business Analyst postings typically ask you to: Assist with other projects and activities as needed. Collaborate with cross-functional teams to understand business requirements and translate them into effective solutions. Ensure compliance with CMS regulations and guidelines, staying abreast of updates and changes in the healthcare industry. Provide support to various departments by addressing inquiries, supplying information, and participating in training sessions."
information technology security analyst,Information Technology Security Analyst,security,10,8,,0,10.0,25.0,40.0,"Firewalls, Penetration Testing, Cybersecurity, Incident Response, CISSP, Excel",Information Technology Security Analyst,Advanced IT Concepts,"Job Title: Information Technology Security Analyst
Reports to:
Project Manager (to be determined onsite)
FLSA:
Full Time Salary Exempt
Primary Work Location:
Fort Campbell, KY
Company Overview
AITC is a fast-growing, proven Information Technology Company focused on Network and Systems Engineering and Integration, Professional Services, Medical Simulation, Test and Training Systems and End-To-End Product and Technology solutions. AITC provides expert support in Information Systems Design and Cyber Security, Strategic Planning, Program and Project Management, Security Risk Assessment, and Logistics for Federal Government and Public Sector markets.
AITC is an ISO 9001:2015 certified company. All employees are required to be aware of our Quality Policy and must adhere to AITC's established ISO policies, standards, and procedures.
Position Overview
AITC seeks an Information Technology Security Analyst to support security and information assurance activities.
Responsibilities / Duties
Responsible for all activities relating to information assurance procedures and systems.
Plan, implement, and update security measures and controls to protect an organization's computer systems, networks, a","Information Technology Security Analyst postings typically ask you to: Plan, implement, and update security measures and controls to protect an organization's computer systems, networks, and data from security breaches. Perform vulnerability scanning and reporting. Perform vulnerability remediation. Identify and analyze violations and security breaches, determine their root cause, and reperform remediation."
functional business analyst,Functional Business Analyst,product,10,10,86691.0,2,20.0,80.0,50.0,"Oracle, Data Analysis, SQL, REST API, Java",Functional Business Analyst,SPECTRAFORCE,"Job Title: Functional Business Analyst
Duration: 6 months – (chances of FTE)
Location: Remote
Pay Rate: $30/ hr on w2.
Job Description
Develops business solutions by analyzing requirements, designing computer programs and/or recommending system controls and protocols.
Creates, assesses and maintains documentation for end users and/or vendors.
Results Provides direct support to hotels using a Property Management System with a newer Two Way Interface on issues escalated beyond a first level help desk.
Uses Problem Solving skills to determine root cause and solutions to assist hotels.
Supports Third Party Vendors who provide Property Management Software to hotels Conducts and documents conference calls with hotels as well as Third Party Vendors Participates in on call rotation Enhances systems, processes, and policies by evaluating current design and recommending modifications.
Identifies problems and revises procedures.
Identifies and documents project requirements.
Analyzes complex system and business processes and recommends innovative solutions.
Prepares technical reports to summarize results and/or trends.
Supports end users by writing and maintaining documentation, providing con","Functional Business Analyst postings typically ask you to: Research the impact of customizations and functionality when applying PeopleSoft patches, updates. Research new functionality released by Oracle PUM Images. Develop and maintain business process workflows, Functional Requirement Documents, Requirement Traceability Matrix, a. Manage project schedules and maintain a fully transparent company-wide project and priority list."
google cloud platform developer,Google Cloud Platform Developer,engineering,10,1,,0,0.0,,0.0,"Data Modeling, SSIS, SQL, Java",Google Cloud Platform Developer,Experfy,"Key Responsibilities : 1- Design, build and configure applications to meet business process and application requirements
Technical Experience : 1-Deep knowledge of AngularJS practices and commonly used modules based on extensive work experience 2-Creating custom, general use modules and components which extend the elements and modules of core AngularJS3-Hands on experience in Qlik Sense development, dashboarding and data modeling and reporting ad hoc report generation techniques4-Experienced in application designing, architecting, development and deployment using Qlik Sense Strong database designing and SQL skills SSIS
Minimum qualifications:
Bachelor's degree in Computer Science, Computer Engineering, a related field of study or equivalent practical experience
5 years of software development experience through coding in a general purpose programming language
Experience writing libraries and tools used by Java Developers
Preferred qualifications:
Experience participating in online platforms (such as Open Source platforms, StackOverflow)
Experience working with third party developer tools such as documentation, APIs, SDKs, and client libraries
Experience developing on a cloud comput",Postings for Google Cloud Platform Developer do not phrase their day-to-day duties consistently enough to summarise automatically.
gis developer,Gis Developer,engineering,10,9,,0,30.0,100.0,60.0,"Python, JavaScript, SQL, Unit Testing, SAP, DevOps",GIS Developer,Rizing,"About Us
Rizing Geospatial is a global leader in geospatial consulting, implementation, and products. As a part of Rizing, a Wipro Company, and backed by extensive experience in transportation, GIS, LiDAR, mobile mapping solutions, and SAP® integration, we are dedicated to helping our clients advance their geospatial capabilities.
Description
A GIS Developer is an expert in the area of Geographic Information Systems software development. This person must be able to interpret requirements/design into the necessary software applications to facilitate the creation of project deliverables and must be well versed in basic computer science concepts and demonstrate a proficiency in understanding web technologies and development.
This is a remote role that can be based anywhere US or Canada.
Essential Functions
Writing efficient and maintainable code in the appropriate language to produce effective solutions.
Stay current on development software and practices, and changes in the industry.
Communicate development related concepts clearly to teammates and clients.
Assist with software design and development related project deliverables:
Design documentation
Source code documentation
Unit tes",Gis Developer postings typically ask you to: Assist with the AASHTOWare systems in the maintenance and upgrading of the product. Collaborate with cross-functional teams to integrate data products from various sensors in the field with our proprietary hardware. Communicate development related concepts clearly to teammates and clients. Provide clear and frequent communication with the project manager on the status of project tasks.
java fullstack engineer,Java FullStack Engineer,engineering,10,8,116184.0,2,90.0,100.0,20.0,"Java, Spring, Spring Boot, JavaScript, Unix, Angular",Java Fullstack Engineer - Angular,Saransh Inc,"Requirements & Responsibilities
Must reuired skills: Java 1.8 to 17, Angular 8 to 14, Springboot, Microservices, MongoDB(Strong).
Strong experience in developing web applications using J2EE, Multi thread programming, Data structure, Junit and Mockito
Strong experience in Spring Boot, Microservices, LOG4j, Spring security, JWT token, Single Sign On (SSO) integration with SAML, Routers and filters using zuul proxy.
Strong experience in Angular, Ionic or any responsive frameworks.
Strong knowledges in JavaScript, TypeScript, JQuery, HTML5, CSS
Experience working with tools like Git, Maven, gradle.
Expertise developing enterprise-level web applications and RESTful APIs using Microservices, with demonstrable production-scale experience.
Demonstrate strong design and programming skills using JSON, Web Services, XML in Unix, and Windows environments.
Experience with Build Automation, Continuous Integration and Test Automation (npm, Gradle, Maven, Jenkins)
Thorough understanding of Integrated Development Environments like Visual Studio Code, Eclipse and InteliJ.
Strong background working with Linux/UNIX environments.
Working knowledge with Oracle, Mongo DB databases
Passion to stay on top ","Java FullStack Engineer postings typically ask you to: Work independently contributing to the success of assigned project(s). Design, build, test, maintain, and improve both the backend and frontend cloud-based application. Plan and manage individua. Work extensively with open source software capable to modify or extend code maintained as part of an open-source project."
incident response engineer,Incident Response Engineer,security,10,3,135200.0,1,100.0,,0.0,Incident Response,Senior Incident Response Engineer,Cloudflare,"About Us
At Cloudflare, we have our eyes set on an ambitious goal: to help build a better Internet. Today the company runs one of the world’s largest networks that powers approximately 25 million Internet properties, for customers ranging from individual bloggers to SMBs to Fortune 500 companies. Cloudflare protects and accelerates any Internet application online without adding hardware, installing software, or changing a line of code. Internet properties powered by Cloudflare all have web traffic routed through its intelligent global network, which gets smarter with every request. As a result, they see significant improvement in performance and a decrease in spam and other attacks. Cloudflare was named to Entrepreneur Magazine’s Top Company Cultures list and ranked among the World’s Most Innovative Companies by Fast Company.
We realize people do not fit into neat boxes. We are looking for curious and empathetic individuals who are committed to developing themselves and learning new skills, and we are ready to help you do that. We cannot complete our mission without building a diverse and inclusive team. We hire the best people based on an evaluation of their potential and support ","Incident Response Engineer postings typically ask you to: Write incident response playbooks and procedures. Monitor threat feeds and provide direction to SOC and other support teams. Troubleshoot and close EDR and MDR tickets as required. Provide situational awareness on the ongoing threat landscape and the techniques, tactics and procedures associated with specific threats."
info security analyst,Info Security Analyst,security,10,5,107662.0,1,50.0,0.0,10.0,"Cybersecurity, Incident Response, Risk Management, CISSP, Unix, Active Directory",Sr. Info Security Analyst,Realty Income Corporation,"Are you motivated by solving the ever-changing challenges of cybersecurity?
Is the opportunity to enhance your skills and tackle new challenges daily interesting?
If you are ready to make a significant impact to safeguarding sensitive information and critical infrastructure, apply to Realty Income today!
Under the direction of the Director, Information Security, the Senior Information Security Analyst is responsible for day-to-day activities of the Information Security program including the investigation and response of security alerts and incidents. This role will also have responsibility to develop information security policies and standards that align the security program to the NIST Cybersecurity Framework. They will partner with teams across the organization to ensure vulnerabilities are discovered and remediated in a timely manner and ensure the security of IT and development systems. The Sr. Information Security Analyst will provide regular communication, both internally and with outside vendors to update the status of security-related issues that impact cybersecurity. They must maintain frequent communication to understand the ongoing changes and challenges in the cybersecu","Info Security Analyst postings typically ask you to: Work is reviewed by management to measure meeting objectives. Develop, implement, and enforce security policies, standards and procedures. Collaborate with IT Teams to prioritize vulnerability remediation tasks and ensure all are completed within the defined SLAs. Provide guidance to IT team members to implement system hardening recommendations based on industry best security practices."
information technology infrastructure engineer,Information Technology Infrastructure Engineer,devops,10,9,94200.0,2,20.0,83.3,60.0,"Windows, Active Directory, Azure, VMware, Cybersecurity, Firewalls",Information Technology Infrastructure Engineer-Contract,"Halozyme, Inc.","Save time and apply through your LinkedIn account. Click the Apply with LinkedIn button and your LinkedIn profile will be imported into our site.
In order to move forward, you will need to create an account. Your password must be eight characters long, contain at least one special character, one capital letter and a number.
We look forward to discovering your talents.
Information Technology Infrastructure Engineer- Contractor
Welcome to an inspired career.
At Halozyme, we’re proud of what we do, and we continue to do more. That’s why we need you—to help us make a significant impact by tackling increasingly complex challenges, leaping beyond the status quo and advancing our mission.
Join us as
Information Technology Infrastructure Engineer- Contractor
and you’ll be part of a culture that welcomes diversity, thinks differently to solve problems, works collaboratively as one team, and delivers meaningful innovations that impact people’s lives.
How You Will Make An Impact
The
Information Technology Infrastructure Engineer-Contractor
works with the Director of Infrastructure and Networking supporting, maintaining, updating, and expanding infrastructure resources throughout the Halozyme ","Information Technology Infrastructure Engineer postings typically ask you to: Assist with general server maintenance and upgrades across the organization. Provide expertise in Windows on-prem and cloud services including active directory domains, Azure, Office 365, and Exchange. Install and support WiFi access points, connectivity, and authentication. Provide expertise of LAN and WAN networks including routing, OSPF, subnetting, VPN technologies."
security operations center analyst,Security Operations Center Analyst,security,10,9,116950.0,2,10.0,0.0,30.0,"Incident Response, Cybersecurity, SIEM, Splunk, Penetration Testing, Windows",Security Operations Center Analyst,Locke and McCloud,"!! Exciting New Opportunity !!
Job Title
:
Security Operations Center (SOC) Analyst
Location
:
Phoenix, AZ (Onsite Position)
Salary Range
: 85-115k
In this role, you'll play a pivotal part in safeguarding This company by monitoring and responding to security incidents. Joining forces with a team of seasoned cybersecurity professionals, you'll be on the front lines, detecting, analyzing, and mitigating threats in real time to ensure the resilience of this company's systems.
Vigilantly monitor security alerts and incidents, conducting thorough investigations and responding promptly to security events. Analyze security events with precision to identify indicators of compromise and take swift corrective action. Harness cutting-edge SIEM tools and other security technologies to detect and mitigate threats effectively. Collaborate seamlessly with cross-functional teams to implement and enhance security measures tailored to client needs. Deliver timely and accurate incident response reports, ensuring transparent communication with clients. Actively engage in continuous improvement activities to elevate the capabilities of our Security Operations Center (SOC).
To qualify, applicants must p","Security Operations Center Analyst postings typically ask you to: Provide support for security incidents coordination, by using different communication means. Lead in the detection, triage, analysis and response to cyber-attacks. Lead investigations and conduct deep analysis of security events focused on rapid containment, remediation, and mitigation. Perform in-depth analysis of network traffic, logs, and system events to identify potential security threats and vulnerabilities."
computer vision,Computer Vision,ai,10,1,,0,100.0,,0.0,,"Computer Vision – Staff Engineer (Bangkok based, relocation provided)",Agoda,"About Agoda
Agoda is an online travel booking platform for accommodations, flights, and more. We build and deploy cutting-edge technology that connects travelers with more than 3.6 million accommodations globally. Based in Asia and part of Booking Holdings, our 6,000+ employees representing 90+ nationalities foster a work environment rich in diversity, creativity, and collaboration. We innovate through a culture of experimentation and ownership, enhancing the ability for our customers to experience the world.
Agoda is an online travel booking platform for accommodation, flights, and more. We build and deploy cutting edge technology that connects travelers with more than 2.5 million accommodations globally. Based in Asia and part of Booking Holdings, our 4,000+ talents coming from 90+ different nationalities foster a work environment rich in diversity, creativity, and collaboration. We innovate through a culture of experimentation and ownership, enabling our customers to experience the world.
Get to Know Our Team
The Engineering department oversees all Agoda’s ML and software related requirements. Our goal is to enable and increase Agoda’s business through creative approaches and th",Postings for Computer Vision do not phrase their day-to-day duties consistently enough to summarise automatically.
cnc programmer/operator,Cnc Programmer/operator,engineering,10,6,72800.0,5,0.0,0.0,40.0,"C++, Java",CNC Programmer/Operator,Goodwin Recruiting,"To Apply for this Job Click Here
Our client, a custom manufacturing facility, is seeking a
CNC Programmer/Operator
to join their team. Using quality materials with high-tech equipment, they produce beautiful hand-crafted pieces for commercial, healthcare, hospitality, and higher education markets.
Cnc Programmer/Operator Benefits
Eligible for 401K plan
Paid Time Off
Employee Assistance Program
Cnc Programmer/Operator Requirements
CNC Wood-Working Experience
AUTOCAD Drafting
Knowledge of CNC Programming Systems – woodWOP or AlphaCam
Strong attention to detail and judgment
Cnc Programmer/Operator Responsibilities
Plans machining by studying work orders, blueprints, engineering plans, materials, specifications, orthographic drawings, reference planes, locations of surfaces, and machining parameters
Inventory control - checking stock to determine the amount available, anticipating needs, and verifying receipt of stock.
Setting tool registers, offsets, compensation, calculating requirements- including basic math, geometry, and algebra, and providing part programs
At Goodwin Recruiting we are committed to our core values. We take our value, Dedicated to Diversity & Inclusion, very seriou",Cnc Programmer/operator postings typically ask you to: Troubleshoot processes; adjusting and reprogramming controls; sharpening and replacing worn tools; following quality assurance procedures and processes. Monitor tool usage and request replacements as needed. Perform daily maintenance on the machinery.
react native developer,React Native Developer,engineering,10,10,85000.0,1,70.0,75.0,40.0,"React, Git, AWS, Figma, TypeScript, JavaScript",React Native Developer,TALENT Software Services,"Are you an experienced React Native Developer with a desire to excel? If so, then Talent Software Services may have the job for you! Our client is seeking an experienced React Native Developer to work at their company in Richfield, MN.
Position Summary:
Work as part of a highly innovative team looking to leverages personalized date to build new and unique membership experiences that make a customer's shopping journey unique to their needs and products.
Help customers understand what membership benefits are available to them both from the discovery and the enjoy phases of shopping with us.
Create a unique shopping experience and establish a relationship with customers that elevates how they shop for technology.
We are looking for Developers who are passionate about creating amazing mobile experiences and apps. This is a great opportunity to work within an established team as we look to scale up to bring new experiences to life for mobile users.
Primary Responsibilities/Accountabilities:
You'll be part of the an engineering team responsible for building modular and scalable experiences for customers in React Native and Native Android/ iOS.
Directly contribute to the architecture and ",React Native Developer postings typically ask you to: Manage individual project priorities and deadlines. Create a unique shopping experience and establish a relationship with customers that elevates how they shop for technology.
data analyst/management consultant,Data Analyst/management Consultant,data,10,1,70850.0,1,0.0,,0.0,,Entry Level Data Analyst/Management Consultant - Nationwide (US Based Candidates Only),Arcadis,"Arcadis is the world's leading company delivering sustainable design, engineering, and consultancy solutions for natural and built assets.
We are more than 36,000 people, in over 70 countries, dedicated to improving quality of life. Everyone has an important role to play. With the power of many curious minds, together we can solve the world’s most complex challenges and deliver more impact together.
Role description:
Note: See below regarding the nature of this position being a prospecting position.
Arcadis is currently seeking Analysts and Junior Management Consultants to join our world-class Business Advisory practice nationwide.
We are looking for candidates who want to apply technical know-how, combined with business principles, to the water, wastewater, and stormwater industry. We want dedicated, creative, and energetic candidates interested in tackling challenges and developing sustainable solutions to address water issues like renewal and replacement of aging infrastructure, funding of capital improvements, water supply, workforce retention and development, and emergency preparedness. Collaborating with our experienced consulting professionals, you will support and contribut",Postings for Data Analyst/management Consultant do not phrase their day-to-day duties consistently enough to summarise automatically.
developer technology engineer,Developer Technology Engineer,engineering,10,1,,0,100.0,0.0,60.0,"C++, Machine Learning, Deep Learning","Senior Developer Technology Engineer, Compute",NVIDIA,"We’re currently seeking a Senior Developer Technology Engineer, Compute!
Are you interested in developing techniques to accelerate large application workloads on advanced computer architectures? Do you find it rewarding to investigate, find, and eliminate system bottlenecks to achieve the best possible performance on state-of-the-art computer hardware? Could you be thrilled about an opportunity to partner with the developer community, working at the forefront of technology breakthroughs that contribute to the success of an industry leader like NVIDIA? If so, the Developer Technology Team invites you to consider this role.
What You Will Be Doing
In this position, you will research and develop techniques to accelerate leading applications in high performance computing fields within scientific computing or computational engineering.
Work directly with other technical experts in their fields (industry and academia) to understand and address their computational problems as their field evolves.
Perform in-depth analysis and optimization to ensure the best possible performance on the current and next generation of NVIDIA GPUs, CPUs (Arm and x86 architectures), and/or network architectures",Developer Technology Engineer postings typically ask you to: Work directly with other technical experts in their fields (industry and academia) to understand and address their computational problems as their field evolves.
business intelligence consultant,Business Intelligence Consultant,data,10,7,78198.0,1,40.0,100.0,20.0,"SQL, Data Warehousing, Azure, Redshift, Data Modeling, DevOps",Senior Business Intelligence Consultant,Hylaine,"Position Description:
As a Senior Business Intelligence Consultant, you form the backbone of our consulting pool. You will be exposed to a little bit of everything, with a strong focus on databases, ETL, and data visualization tools.
What you'll Do:
Solve challenging business and technical problems.
Design and develop BI Strategies to include assisting with ETL, data modeling, data warehousing, cloud solutions, and building new reports and dashboards.
Grow in your career and enhance your technical abilities.
What you'll need:
5+ years of development experience.
Database development experience with a relational database (ideally Oracle or SQL Server).
Ability to build conceptual, logical and physical data models, data flows, and create data management.
Experience in Big Data/Data Warehousing at scale- Including but not limited to Hadoop, Snowflake, Google BigQuery, Azure Data Lakes, Azure Synapse Analytics, Amazon Redshift, AWS EMR
Some Cloud Experience in a major CSP (AWS, Azure, Google Cloud)
Strong written and verbal communication skills to work with our team and our clients.
Extra Credit:
Agile methodologies and DevOps basics as they pertain to data
Cloud Technologies
Architectu","Business Intelligence Consultant postings typically ask you to: Design and develop BI Strategies to include assisting with ETL, data modeling, data warehousing, cloud solutions, and building new reports and dashboards. Maintain and update existing PBI dashboards and data models. Manage and update corporate templates in Microsoft Excel. Collaborate with internal stakeholders to identify BI reporting needs and translate them into clear scopes of work and action items."
azure devops engineer,Azure DevOps Engineer,devops,10,8,,0,50.0,100.0,60.0,"DevOps, Azure, CI/CD, Terraform, Kubernetes, Git",Lead Azure DevOps Engineer - US,Zortech Solutions,"Role:
Lead Azure DevOps Engineer
Location:
Acton, Massachusetts Hybrid-3 days to ofc
Duration: CTH (After 6 Months full time)
Job Description
We are looking for a skilled DevOps Pipeline Engineer with 10+ years of experience in designing and implementing CI/CD pipelines and automation workflows. As a DevOps Pipeline Engineer, you will be responsible for building and maintaining scalable, efficient, and reliable pipelines using tools such as Jenkins, Git, scripting languages, Maven, and more. You will collaborate with cross-functional teams to streamline software development and delivery processes and ensure continuous integration, deployment, and monitoring practices.
Responsibilities
12+ Years of total experience with 5+ years on Azure Cloud
Responsible for designing, implementing, and managing the Azure DevOps infrastructure and processes within an organization.
Analyzing the organization's software development requirements and designing appropriate solutions using Azure DevOps
Having prior experience with Implementing highly configurable Continuous Integration (CI) and Continuous Deployment (CD) pipelines using Azure Pipelines
Leveraging Infrastructure as Code principles to defi","Azure DevOps Engineer postings typically ask you to: Collaborate with cross-functional teams to understand application deployment requirements and design Azure DevOps solutions accordingly. Develop, configure, and maintain CI/CD pipelines using Azure DevOps tools, ensuring the automation of software deployment and configuration. Implement and monitor security, compliance, and performance best practices for Azure resources. Troubleshoot and resolve deployment, build, and configuration issues in collaboration with development teams."
api developer,API Developer,engineering,10,10,,0,70.0,100.0,30.0,"Microservices, AWS, Kafka, Git, Kubernetes, NoSQL",API Developer,Nixil,"Be part of the team standardizing APIs for diverse banking divisions under the guidance of an EGM. Shape the future of banking technology and drive innovation across various initiatives.
👨‍💻
Key Responsibilities:
Engage with business users to understand requirements.
Develop robust API microservices using Go lang.
Conduct unit testing to ensure code quality.
Collaborate with developers to address challenges and implement new requirements.
Contribute to small BAU projects, following SDLC with an Agile approach.
Ensure documentation aligns with defined standards.
🎯Mandatory Skills:
8 to 11 years of experience in API development.
Expertise in Golang, REST APIs, and Microservices Architecture.
Proficient in SDLC with Agile methodology.
Experience in the Banking or FI industry.
Familiarity with Serverless Computing using AWS.
Expertise in MVC framework, Oauth2, and AWS CDK.
CI/CD Tools proficiency: Github, Github Action, SonarQube, Teamcity, Docker, Kubernetes.
Knowledge of Kafka, SQL, and NoSQL DB.
Experience with monitoring and logging tools: Splunk, AppD, Cloud Watch Canary.
Performance tuning for high-throughput and resilient applications.
Banking domain knowledge.
Tertiary qualific",API Developer postings typically ask you to: Develop robust API microservices using Go lang. Conduct unit testing to ensure code quality. Collaborate with developers to address challenges and implement new requirements. Ensure documentation aligns with defined standards.
technical data analyst,Technical Data Analyst,data,10,8,,0,90.0,100.0,30.0,"Tableau, Informatica, ETL, SQL, Python, Oracle",Senior Technical Data Analyst,Dice,"Dice is the leading career destination for tech experts at every stage of their careers. Our client, Judge Group, Inc., is seeking the following. Apply via Dice today!
Location:
Quincy, MA
Description:
Title: Senior Technical Data Analyst
Location: Quincy, MA (Hybrid)
Duration: 12+ Months
Working hours per week: 37.50 hours/week
Detailed List of Role and Responsibilities:
Responsible for providing technology leadership, guidance and mentoring for MMIS with regards to data preparation, ETL, and EDI.
Develop data architecture solutions spanning across business policies, systems, applications and networking environments and BI platforms (e.g. PowerBI or Tableau).
Collect and analyze business and technical requirements and translate them into information technology solutions. Detail and document the logical and code-based designs as per the client's methodologies, policies, standards, and patterns.
Collaborate with the client Architecture Teams to assist in defining and managing standards, guidelines, and processes for infrastructure technology and software developments.
Participate in writing of RFPs (request for proposal, quotation, etc.) and SOW (statement of work) for infrastructur","Technical Data Analyst postings typically ask you to: Develop data architecture solutions spanning across business policies, systems, applications and networking environments and BI platforms (e.g. Provide the best feasible solutions for data analytics applications and services according to specifications and within agreed upon time frame. Collaborate with Business Functional Leads, Enterprise Infrastructure, and 3rd parties to define, design implement secur. Identify and manage technology, architecture and infrastructure risks and lead in develop."
systems network engineer,Systems Network Engineer,network_infra,10,7,80000.0,1,70.0,28.6,70.0,"Firewalls, Cybersecurity, Azure, Incident Response, SIEM, System Design",Senior Systems & Network Engineer,ONE (Open Network Exchange),"Job Type
Full-time
Description
Summary/Objective
We are seeking a seasoned and versatile Senior Systems and Network Engineer to lead the administration and maintenance of our comprehensive IT infrastructure. In this role, you will be responsible for overseeing both systems and network components, ensuring their seamless integration, security, and optimal performance. The ideal candidate will possess a depth of experience in systems and network engineering, coupled with strong problem-solving skills and a proactive approach to IT management.
Key Responsibilities
Configure and maintain enterprise applications and infrastructure including virtual server and network environment
Avoid service interruptions by performing system installations, updates, and maintenance procedures
Make recommendations to optimize IT performance and to prevent future problems
Collaborate with internal departments to ensure that IT needs are met
Keep informed of advancements in technology
Provide support to end users on a variety of issues - identify, research, and resolve technical problems
Work with local teams to maintain several cloud-based systems, applications, and services
Monitor performance, capacity","Systems Network Engineer postings typically ask you to: Implement and lead activities that generally impact multiple components / processes and the work of own and possibly other teams. Analyze and understand business requirements to ensure optimal architecture and infrastructure to assure high availability, recoverability, and scalability. Monitor All environments for proactive assessment of performance and identification of potential resource bottlenecks using various tools (commercial and opensource). Perform capacity planning, performance optimizat."
battery test engineer,Battery Test Engineer,qa,10,8,130500.0,3,90.0,,0.0,"System Design, HTML, Data Analysis, MATLAB",Senior Battery Test Engineer,Energy Jobline,"At Faradion we build the right teams in the right way. We’re a bold decision-making team who want to be the best at what we do, who are committed to excellence and helping our people grow by creating specialised, focused, and hardworking teams.
We are seeking a Senior Battery Test Engineer to join our rapidly expanding Products and Applications team. The successful candidates will be responsible for performance and verification testing of our products. You will establish and perform test strategies, processes, and procedures to confirm that our battery products meet the defined specifications, ensuring the highest standards are maintained.
About The Role Of Senior Battery Test Engineer
Be responsible for the testing and verification of new products, ensuring the highest standards are maintained.
Identify and develop the testing and verification strategy, working along side other members of the team.
Review and present test results, including statistical techniques where appropriate, with conclusions and recommendations.
Evaluate and align requirements for product development.
Specify, design, build and develop tests and equipment to ensure our testing requirements can be met.
Partn","Battery Test Engineer postings typically ask you to: Identify and develop the testing and verification strategy, working along side other members of the team. Review and present test results, including statistical techniques where appropriate, with conclusions and recommendations. Design test protocols in accordance with customer requirements for qualification, protoflight, and acceptance levels. Develop and maintain compliance matrices against customer requirements providing clear traceability that all required specifications have been tested."
assistant frontend mgr,Assistant Frontend Mgr,engineering,10,1,,0,0.0,,0.0,,Assistant Front End Mgr,Weis Markets,"Looking for a company that treats associates with respect, understanding, and appreciation? Looking for a company that is passionate about teamwork and the growth of it's associates and communities? That's WEIS!
Job Description
ESSENTIAL DUTIES AND RESPONSIBILITIES
The Assistant Front End Manager is responsible for the functions below, in addition to other duties as assigned:
Promotes excellent customer relations by instilling positive customer focused behavior with associates. Smiles and greets customers, answers customer questions and helps resolve customer concerns promptly in a polite and professional manner. Focuses on continuous improvement in all areas of the department and makes changes to ensure progress.
Assists Front End Manager in overseeing all aspects of front-end operations. Performs duties of Front End Manager in their absence. In the absence of store management, may assume complete responsibility for total store operations.
Enforces cash handling control and security measures to identify and prevent losses. Follows and enforces all company policies/procedures related to Front End operations. Adheres to all company and state laws and regulations related to Anti-Mone",Postings for Assistant Frontend Mgr do not phrase their day-to-day duties consistently enough to summarise automatically.
technical support supervisor,Technical Support Supervisor,it_support,10,10,,0,0.0,0.0,10.0,Linux,Technical Support Supervisor,Fresenius Medical Care North America,"PURPOSE AND SCOPE:
This position provides leadership to an assigned team of Technical Support Specialists. The Supervisor Technical Support performs all the roles and responsibilities of a Technical Support Specialist as an individual contributor for call support, as well as direct supervision of assigned Technical Support team members.
PRINCIPAL DUTIES AND RESPONSIBILITIES:
Supervises the daily activity of assigned team members. Including the following
Acts as a primary resource within the department for specific areas of responsibility including specific products, markets, training, scheduling or geographic support
Functions as the first level of problem escalation for other Technical Support Specialists
Aids in scheduling, staffing and triaging of calls
Performs all of the duties and responsibilities as described in the Senior Technical Support Specialist position for the telephone technical support of NxStage users
Works with Call Center Quality Analyst to monitor and report on team and individual performance
Provides first level of support for problem escalation
Assists in training new personnel
Coaches team members in handling challenging and difficult situations .
Attends in","Technical Support Supervisor postings typically ask you to: Work to ensure accurate and timely solutions internal and external customers. Identify improvements in efficiency, quality and productivity. Monitor performance of employees and coach or counsel appropriately. Work with Human Resources and Manager of Technical Support on employee issues (disciplinary actions, employee moves, etc)."
teradata architect,Teradata Architect,data,10,4,,0,20.0,25.0,40.0,"ETL, Data Warehousing, Big Data, Hadoop, Data Modeling, Informatica",Teradata Architect,Dice,"Dice is the leading career destination for tech experts at every stage of their careers. Our client, SumasEdge Corporation, is seeking the following. Apply via Dice today!
Looking resources who has earlier worked on DB2 to Teradata migration and prefer to have knowledge on DataStage / PySpark
Teradata Architect
Show more
Show less",Postings for Teradata Architect do not phrase their day-to-day duties consistently enough to summarise automatically.
ui programmer,UI Programmer,engineering,10,5,141600.0,1,60.0,100.0,40.0,"C++, HTML, CSS, JavaScript",Senior UI Programmer (C++),Rockstar Games,"At Rockstar Games, we create world-class entertainment experiences.
A career at Rockstar Games is about being part of a team working on some of the most creatively rewarding and ambitious projects to be found in any entertainment medium. You would be welcomed to a dedicated and inclusive environment where you can learn, and collaborate with some of the most talented people in the industry.
Rockstar North is on the lookout for a Senior UI Programmer (C++) who possesses a passion for creating world-class user interfaces that help form the connection between the player and our games. This is a full-time permanent position based out of Rockstar’s unique game development studio in the heart of Edinburgh.
What We Do
The UI Team at Rockstar is a diverse, multinational team made up of programmers and developers from across our studios.
Working together across time zones we use our industry-leading, in-house proprietary “RAGE” engine to produce the User Interface features that form the connection between the player and our games.
We develop our own UI tools, editors and technologies to let our UI developers realise the creative vision of the projects we work on while constantly striving for","UI Programmer postings typically ask you to: Work-life balance is important to us, and we want everyone at Rebellion to work in the way that works best for them."
