skill_a,skill_b,cooccur,meaning,relation
PyTorch,TensorFlow,0.851,1.0,substitutes
NumPy,Pandas,0.786,0.493,complements
Docker,Kubernetes,0.775,0.533,complements
CSS,HTML,0.738,0.739,complements
HTML,JavaScript,0.677,0.596,complements
Hadoop,Spark,0.626,0.664,complements
Grafana,Prometheus,0.607,0.64,complements
Hadoop,Hive,0.602,0.621,complements
Confluence,Jira,0.583,0.478,complements
CSS,JavaScript,0.555,0.61,complements
AWS,GCP,0.544,1.0,substitutes
Azure,GCP,0.524,1.0,substitutes
Deep Learning,TensorFlow,0.504,0.456,complements
Deep Learning,PyTorch,0.501,0.456,complements
JSON,XML,0.488,0.847,substitutes
Django,Flask,0.487,0.88,substitutes
Ansible,Terraform,0.485,0.606,complements
Power BI,Tableau,0.482,0.824,substitutes
Kotlin,Swift,0.477,0.691,complements
Cassandra,Hive,0.475,0.449,complements
Data Visualization,Tableau,0.472,0.642,complements
AWS,Azure,0.47,1.0,substitutes
Scala,Spark,0.465,0.436,complements
AWS,Docker,0.464,0.26,complements
Go,Kubernetes,0.46,0.35,complements
AWS,Kubernetes,0.457,0.421,complements
JavaScript,TypeScript,0.457,0.65,complements
Redshift,Snowflake,0.454,0.947,substitutes
Java,Python,0.454,0.668,complements
Hive,Spark,0.45,0.532,complements
.NET,C#,0.448,0.701,complements
Active Directory,Windows,0.447,0.48,complements
Python,SQL,0.446,0.448,complements
JavaScript,React,0.442,0.478,complements
Cassandra,Kafka,0.441,0.46,complements
Jupyter,MLflow,0.441,0.312,complements
Spring,Spring Boot,0.439,0.534,complements
Data Analysis,Data Visualization,0.434,0.311,complements
AWS,Java,0.423,0.258,complements
Cassandra,Hadoop,0.42,0.524,complements
Docker,Go,0.419,0.383,complements
AWS,Python,0.417,0.304,complements
Kafka,Spark,0.416,0.471,complements
Agile / Scrum,Java,0.413,0.213,complements
Java,NoSQL,0.411,0.214,complements
React,TypeScript,0.411,0.536,complements
LangChain,Vector Databases,0.409,0.303,complements
Deep Learning,Machine Learning,0.408,0.373,complements
Jupyter,NumPy,0.403,0.164,complements
Hive,Redshift,0.401,0.51,complements
Docker,NoSQL,0.399,0.029,complements
Go,Python,0.399,0.68,complements
R,Tableau,0.398,0.369,complements
Data Visualization,Power BI,0.396,0.491,complements
Angular,React,0.396,0.486,complements
Kubernetes,NoSQL,0.395,0.12,complements
C,C++,0.394,0.801,substitutes
HTML,TypeScript,0.394,0.454,complements
AWS,NoSQL,0.392,0.356,complements
Machine Learning,Python,0.392,0.238,complements
Hadoop,Kafka,0.389,0.466,complements
Java,SQL,0.387,0.417,complements
Angular,JavaScript,0.387,0.474,complements
CI/CD,DevOps,0.384,0.573,complements
Docker,Java,0.384,0.272,complements
CISSP,Cybersecurity,0.384,0.348,complements
Node.js,React,0.383,0.445,complements
Hive,Kafka,0.383,0.383,complements
Hadoop,Scala,0.382,0.373,complements
NoSQL,SQL,0.381,0.371,complements
Ansible,Segment,0.38,0.271,complements
AWS,Agile / Scrum,0.379,0.151,complements
Machine Learning,TensorFlow,0.378,0.358,complements
Data Visualization,R,0.376,0.382,complements
Linux,Windows,0.375,0.702,complements
Big Data,Hadoop,0.374,0.661,complements
HTML,React,0.373,0.395,complements
Java,Kubernetes,0.373,0.245,complements
Big Data,Spark,0.373,0.473,complements
Agile / Scrum,SQL,0.372,0.015,complements
Java,JavaScript,0.372,0.564,complements
Kubernetes,Python,0.371,0.263,complements
Cassandra,Redshift,0.371,0.364,complements
Java,Scala,0.37,0.528,complements
Docker,Python,0.369,0.165,complements
Jupyter,Pandas,0.368,0.37,complements
NoSQL,Scala,0.367,0.291,complements
Prototyping,User Research,0.366,0.391,complements
Angular,HTML,0.364,0.393,complements
VMware,Windows,0.363,0.564,complements
Machine Learning,PyTorch,0.362,0.358,complements
Data Modeling,Data Warehousing,0.36,0.489,complements
Kubernetes,Microservices,0.359,0.567,complements
Figma,User Research,0.358,0.456,complements
AWS,Go,0.358,0.333,complements
Go,Java,0.355,0.688,complements
NoSQL,Python,0.35,0.274,complements
Data Analysis,SQL,0.347,0.286,complements
AWS,SQL,0.347,0.16,complements
Data Analysis,Tableau,0.347,0.229,complements
NumPy,TensorFlow,0.347,0.206,complements
R,SAS,0.346,0.472,complements
MySQL,PostgreSQL,0.346,1.0,substitutes
Redshift,Spark,0.345,0.495,complements
Agile / Scrum,Python,0.345,0.175,complements
Agile / Scrum,JavaScript,0.344,0.126,complements
Git,Jenkins,0.344,0.274,complements
Hadoop,Redshift,0.344,0.36,complements
Java,Microservices,0.343,0.422,complements
Figma,Prototyping,0.34,0.45,complements
Cassandra,MySQL,0.338,0.304,complements
Incident Response,SIEM,0.337,0.484,complements
Docker,Microservices,0.336,0.521,complements
Data Warehousing,Snowflake,0.336,0.472,complements
Node.js,TypeScript,0.336,0.542,complements
Azure,DevOps,0.335,0.275,complements
Machine Learning,NLP,0.335,0.339,complements
Hive,Scala,0.334,0.385,complements
Active Directory,VMware,0.334,0.302,complements
Kubernetes,Terraform,0.334,0.477,complements
CI/CD,Jenkins,0.333,0.497,complements
C++,Python,0.333,0.514,complements
Snowflake,Spark,0.333,0.461,complements
SQL,Tableau,0.331,0.311,complements
MongoDB,PostgreSQL,0.331,0.497,complements
Incident Response,Penetration Testing,0.329,0.488,complements
CSS,React,0.329,0.475,complements
Go,NoSQL,0.327,0.22,complements
AWS,Node.js,0.326,0.268,complements
Cybersecurity,Incident Response,0.325,0.407,complements
Python,Spark,0.324,0.368,complements
Microservices,NoSQL,0.324,0.212,complements
Docker,Node.js,0.324,0.21,complements
MLflow,NumPy,0.323,0.165,complements
Cassandra,NoSQL,0.322,0.588,complements
PowerShell,Windows,0.322,0.299,complements
Docker,Jenkins,0.322,0.321,complements
Azure,Python,0.322,0.304,complements
Data Visualization,SQL,0.321,0.277,complements
Agile / Scrum,NoSQL,0.321,0.106,complements
JavaScript,Node.js,0.32,0.678,complements
Python,Scala,0.32,0.605,complements
Azure,SQL,0.318,0.16,complements
Cassandra,Spark,0.315,0.527,complements
CI/CD,Kubernetes,0.315,0.368,complements
Data Analysis,Power BI,0.315,0.259,complements
Hadoop,NoSQL,0.314,0.28,complements
Data Governance,Data Modeling,0.312,0.467,complements
JavaScript,SQL,0.312,0.365,complements
Python,R,0.312,0.471,complements
Agile / Scrum,Docker,0.311,0.07,complements
Agile / Scrum,Azure,0.31,0.151,complements
AWS,Microservices,0.309,0.44,complements
Docker,TypeScript,0.309,0.198,complements
Pandas,TensorFlow,0.307,0.167,complements
GCP,Kubernetes,0.306,0.421,complements
GCP,Python,0.306,0.304,complements
Git,Jira,0.306,0.537,complements
Go,TypeScript,0.304,0.515,complements
Angular,TypeScript,0.304,0.466,complements
Airflow,Spark,0.304,0.48,complements
Redshift,Scala,0.303,0.337,complements
Hive,Snowflake,0.301,0.501,complements
Linux,Unix,0.301,0.606,complements
MLflow,Pandas,0.3,0.209,complements
GCP,Java,0.3,0.258,complements
Power BI,SQL,0.3,0.338,complements
Java,Spring,0.299,0.546,complements
AWS,TypeScript,0.299,0.151,complements
Data Warehousing,Redshift,0.299,0.393,complements
JavaScript,REST API,0.297,0.577,complements
Agile / Scrum,DevOps,0.297,0.554,complements
Kafka,NoSQL,0.297,0.231,complements
Azure,Kubernetes,0.296,0.421,complements
NoSQL,Spark,0.296,0.275,complements
HTML,jQuery,0.296,0.569,complements
NLP,TensorFlow,0.296,0.391,complements
Docker,SQL,0.296,0.032,complements
Data Governance,Data Warehousing,0.295,0.412,complements
JavaScript,jQuery,0.295,0.51,complements
Kafka,Redshift,0.294,0.279,complements
Deep Learning,NLP,0.294,0.327,complements
Data Analysis,R,0.294,0.128,complements
Hive,MySQL,0.292,0.535,complements
Docker,GCP,0.291,0.26,complements
Kubernetes,Node.js,0.291,0.206,complements
CI/CD,Docker,0.29,0.316,complements
DevOps,Jenkins,0.29,0.469,complements
MySQL,Redshift,0.29,0.46,complements
Kubernetes,TypeScript,0.29,0.09,complements
Agile / Scrum,Kubernetes,0.29,0.259,complements
AWS,Scala,0.289,0.375,complements
Docker,Terraform,0.289,0.377,complements
GCP,NoSQL,0.288,0.356,complements
Agile / Scrum,HTML,0.288,0.085,complements
Hadoop,Snowflake,0.287,0.383,complements
C++,Linux,0.287,0.455,complements
DevOps,Kubernetes,0.287,0.352,complements
Agile / Scrum,Jira,0.286,0.403,complements
HTML,Java,0.285,0.343,complements
Data Pipeline,Spark,0.285,0.431,complements
Docker,JavaScript,0.285,0.315,complements
MongoDB,MySQL,0.284,0.497,complements
R,SQL,0.284,0.343,complements
Jenkins,Kubernetes,0.282,0.541,complements
CI/CD,Git,0.282,0.462,complements
Azure,Docker,0.281,0.26,complements
JSON,REST API,0.279,0.385,complements
Kafka,Snowflake,0.279,0.276,complements
Airflow,Snowflake,0.279,0.351,complements
Machine Learning,Spark,0.277,0.152,complements
AWS,JavaScript,0.277,0.371,complements
Java,Kafka,0.277,0.222,complements
Big Data,Scala,0.277,0.383,complements
LLMs / GenAI,NLP,0.277,0.421,complements
AWS,DevOps,0.277,0.275,complements
Kafka,Scala,0.276,0.321,complements
HTML,SQL,0.276,0.276,complements
Cassandra,Snowflake,0.276,0.382,complements
Docker,Git,0.276,0.273,complements
DevOps,Python,0.276,0.399,complements
Azure,Java,0.276,0.258,complements
Java,Node.js,0.275,0.328,complements
DevOps,Terraform,0.274,0.385,complements
Kubernetes,SQL,0.274,0.027,complements
GraphQL,TypeScript,0.274,0.333,complements
Angular,CSS,0.273,0.419,complements
Go,Scala,0.273,0.629,complements
Go,Node.js,0.273,0.446,complements
Data Warehousing,Hadoop,0.273,0.346,complements
Hive,NoSQL,0.273,0.374,complements
Power BI,R,0.272,0.323,complements
NoSQL,Node.js,0.271,0.119,complements
Data Modeling,SQL,0.27,0.528,complements
Data Warehousing,Spark,0.27,0.272,complements
CI/CD,Python,0.27,0.318,complements
Data Warehousing,SQL,0.27,0.359,complements
Linux,Python,0.27,0.379,complements
Jenkins,Terraform,0.27,0.484,complements
C++,Java,0.269,0.489,complements
Data Analysis,Python,0.268,0.294,complements
C#,JavaScript,0.268,0.628,complements
Cybersecurity,Risk Management,0.268,0.343,complements
Git,JavaScript,0.268,0.417,complements
MLflow,TensorFlow,0.267,0.272,complements
NLP,PyTorch,0.267,0.391,complements
Ansible,Jenkins,0.266,0.682,complements
Machine Learning,R,0.266,0.205,complements
CSS,jQuery,0.265,0.647,complements
Hadoop,Python,0.265,0.307,complements
MySQL,PHP,0.264,0.315,complements
Data Modeling,ETL,0.264,0.441,complements
Agile / Scrum,Microservices,0.264,0.215,complements
Python,Terraform,0.264,0.406,complements
DevOps,Docker,0.263,0.247,complements
Airflow,dbt,0.263,0.342,complements
Scala,Snowflake,0.263,0.263,complements
Azure,NoSQL,0.263,0.356,complements
C#,SQL,0.263,0.352,complements
Agile / Scrum,TypeScript,0.263,0.04,complements
Big Data,Machine Learning,0.262,0.303,complements
Data Modeling,Data Visualization,0.262,0.41,complements
Big Data,Data Warehousing,0.262,0.485,complements
Data Warehousing,ETL,0.262,0.424,complements
AWS,Terraform,0.261,0.54,complements
Hadoop,MySQL,0.26,0.211,complements
Agile / Scrum,Node.js,0.26,0.039,complements
AWS,CI/CD,0.259,0.196,complements
Fivetran,dbt,0.259,0.625,complements
Agile / Scrum,CI/CD,0.258,0.421,complements
Java,Jenkins,0.257,0.348,complements
JavaScript,Python,0.257,0.544,complements
Azure,JavaScript,0.257,0.371,complements
Ansible,Kubernetes,0.257,0.479,complements
Data Analysis,Machine Learning,0.257,0.548,complements
Java,Spring Boot,0.255,0.479,complements
Angular,Java,0.255,0.424,complements
CI/CD,Terraform,0.255,0.446,complements
Data Analysis,Excel,0.253,0.287,complements
Kafka,Kubernetes,0.253,0.272,complements
Hugging Face,LangChain,0.253,0.366,complements
Cassandra,MongoDB,0.253,0.621,complements
Kafka,Microservices,0.252,0.286,complements
Databricks,MLflow,0.252,0.286,complements
Agile / Scrum,Kanban,0.252,0.376,complements
JavaScript,Kubernetes,0.252,0.248,complements
Node.js,Scala,0.251,0.46,complements
GitLab,Jenkins,0.251,0.572,complements
Datadog,Grafana,0.249,0.423,complements
Kafka,Redis,0.249,0.324,complements
Data Visualization,Data Warehousing,0.249,0.382,complements
Data Visualization,Machine Learning,0.249,0.255,complements
Microservices,Node.js,0.249,0.385,complements
Data Visualization,Python,0.248,0.292,complements
Cassandra,Scala,0.248,0.289,complements
SQL,Spark,0.248,0.237,complements
Angular,Node.js,0.247,0.387,complements
Agile / Scrum,Git,0.247,0.238,complements
Java,Spark,0.247,0.258,complements
Agile / Scrum,GCP,0.244,0.151,complements
GCP,Go,0.244,0.333,complements
Excel,Tableau,0.243,0.373,complements
Ansible,Bash,0.243,0.371,complements
Go,Terraform,0.243,0.567,complements
Go,Microservices,0.243,0.472,complements
REST API,React,0.243,0.505,complements
DevOps,Git,0.243,0.343,complements
SQL,Scala,0.242,0.374,complements
JavaScript,NoSQL,0.242,0.233,complements
AWS,React,0.24,0.097,complements
LLMs / GenAI,Machine Learning,0.24,0.338,complements
Git,REST API,0.24,0.235,complements
Data Warehousing,Hive,0.24,0.337,complements
Data Governance,Data Visualization,0.239,0.223,complements
Go,SQL,0.239,0.344,complements
Oracle,SQL,0.239,0.597,complements
Java,REST API,0.238,0.373,complements
Jupyter,TensorFlow,0.238,0.139,complements
Ansible,DevOps,0.238,0.466,complements
Data Visualization,Statistical Analysis,0.238,0.527,complements
REST API,XML,0.238,0.424,complements
Kafka,MySQL,0.237,0.283,complements
FastAPI,Flask,0.237,0.821,substitutes
Java,TypeScript,0.237,0.406,complements
Docker,React,0.237,0.233,complements
GCP,Scala,0.237,0.375,complements
Agile / Scrum,Go,0.237,0.155,complements
Hadoop,Machine Learning,0.237,0.203,complements
Ansible,Python,0.236,0.336,complements
Microservices,REST API,0.236,0.501,complements
AWS,Spark,0.236,0.461,complements
Active Directory,PowerShell,0.236,0.396,complements
Docker,HTML,0.236,0.16,complements
Bash,Python,0.236,0.566,complements
Data Modeling,Power BI,0.236,0.435,complements
CI/CD,GitLab,0.236,0.344,complements
CI/CD,Java,0.236,0.311,complements
Microservices,Spring Boot,0.236,0.554,complements
SAS,Tableau,0.236,0.352,complements
Big Data,Hive,0.236,0.517,complements
Angular,REST API,0.235,0.476,complements
Data Analysis,Data Modeling,0.235,0.467,complements
Cassandra,Redis,0.234,0.428,complements
ETL,SQL,0.234,0.369,complements
GraphQL,React,0.234,0.323,complements
Agile / Scrum,Unit Testing,0.234,0.235,complements
Python,Tableau,0.233,0.416,complements
Bash,Terraform,0.233,0.286,complements
GitHub,Jenkins,0.233,0.278,complements
GCP,SQL,0.232,0.16,complements
Angular,Microservices,0.232,0.387,complements
JavaScript,Microservices,0.232,0.474,complements
Machine Learning,SQL,0.232,0.182,complements
Python,TensorFlow,0.232,0.15,complements
JavaScript,PHP,0.231,0.824,substitutes
Big Data,Python,0.231,0.321,complements
GitLab,Terraform,0.231,0.456,complements
PowerShell,VMware,0.231,0.17,complements
NoSQL,TypeScript,0.23,0.15,complements
Ansible,Docker,0.23,0.368,complements
NoSQL,Redshift,0.23,0.339,complements
HTML,REST API,0.23,0.499,complements
Data Warehousing,Scala,0.228,0.204,complements
PostgreSQL,React,0.228,0.277,complements
Azure,Microservices,0.228,0.44,complements
Microservices,TypeScript,0.228,0.204,complements
CISSP,Incident Response,0.228,0.338,complements
CI/CD,REST API,0.228,0.156,complements
Git,Java,0.228,0.366,complements
Azure,CI/CD,0.227,0.196,complements
AWS,Kafka,0.227,0.347,complements
HTML,Node.js,0.227,0.345,complements
AWS,Git,0.227,0.27,complements
Fivetran,Prefect,0.226,0.46,complements
Data Pipeline,Data Warehousing,0.226,0.354,complements
Bash,Linux,0.226,0.398,complements
Prometheus,Terraform,0.225,0.23,complements
Kafka,Python,0.225,0.298,complements
CI/CD,Microservices,0.225,0.364,complements
Cybersecurity,Penetration Testing,0.225,0.589,complements
Agile / Scrum,REST API,0.224,0.014,complements
Data Analysis,Data Warehousing,0.224,0.347,complements
Git,Python,0.224,0.316,complements
CSS,TypeScript,0.224,0.496,complements
Databricks,Spark,0.224,0.671,complements
Hadoop,Java,0.224,0.189,complements
Agile / Scrum,React,0.223,0.005,complements
Alteryx,Tableau,0.223,0.636,complements
PowerShell,Python,0.223,0.411,complements
AWS,Jenkins,0.223,0.354,complements
Hadoop,SQL,0.222,0.261,complements
MySQL,NoSQL,0.222,0.389,complements
Distributed Systems,Go,0.222,0.414,complements
Microservices,SQL,0.222,0.147,complements
MongoDB,React,0.221,0.271,complements
Agile / Scrum,Angular,0.221,0.072,complements
Git,Kubernetes,0.221,0.246,complements
Alteryx,SAS,0.22,0.41,complements
Agile / Scrum,Scala,0.22,0.09,complements
Big Data,Data Pipeline,0.22,0.398,complements
Data Warehousing,Power BI,0.22,0.487,complements
PyTorch,Python,0.219,0.15,complements
Git,SQL,0.219,0.251,complements
Go,JavaScript,0.219,0.659,complements
Flink,Kafka,0.218,0.661,complements
Excel,Power BI,0.218,0.466,complements
Ansible,Prometheus,0.218,0.259,complements
Git,HTML,0.218,0.28,complements
HTML,NoSQL,0.217,0.249,complements
Data Warehousing,Tableau,0.217,0.375,complements
DevOps,SQL,0.217,0.129,complements
Java,React,0.216,0.322,complements
PowerShell,Terraform,0.216,0.269,complements
NumPy,PyTorch,0.216,0.206,complements
Kubernetes,React,0.215,0.099,complements
Docker,PostgreSQL,0.215,0.092,complements
DevOps,Java,0.215,0.404,complements
Flink,Spark,0.215,0.686,complements
Looker,Tableau,0.214,0.785,substitutes
GitHub,Kubernetes,0.214,0.241,complements
Snowflake,dbt,0.214,0.587,complements
Distributed Systems,Kubernetes,0.214,0.421,complements
Jenkins,Spring,0.214,0.295,complements
Git,Linux,0.214,0.366,complements
Data Modeling,Snowflake,0.213,0.485,complements
PostgreSQL,Redis,0.213,0.368,complements
Jenkins,Jira,0.213,0.305,complements
GCP,Microservices,0.212,0.44,complements
Burp Suite,OWASP,0.212,0.574,complements
Git,React,0.212,0.225,complements
HTML,XML,0.212,0.566,complements
Confluence,Git,0.212,0.412,complements
Microservices,React,0.211,0.277,complements
Penetration Testing,SIEM,0.211,0.296,complements
AWS,HTML,0.211,0.227,complements
Bash,PowerShell,0.211,0.683,complements
Python,Snowflake,0.21,0.387,complements
Angular,Spring,0.209,0.394,complements
Node.js,REST API,0.209,0.46,complements
Big Data,Redshift,0.209,0.337,complements
C#,HTML,0.208,0.427,complements
Java,Machine Learning,0.208,0.187,complements
Azure,TypeScript,0.208,0.151,complements
Agile / Scrum,Confluence,0.208,0.305,complements
Jenkins,Python,0.208,0.447,complements
JavaScript,XML,0.207,0.473,complements
AWS,Machine Learning,0.207,0.09,complements
Angular,C#,0.207,0.398,complements
Agile / Scrum,Jenkins,0.207,0.229,complements
GraphQL,REST API,0.207,0.441,complements
Agile / Scrum,CSS,0.206,0.108,complements
REST API,Unit Testing,0.206,0.113,complements
Kubernetes,PostgreSQL,0.206,0.049,complements
Data Analysis,Data Governance,0.206,0.31,complements
HTML,Kubernetes,0.206,0.126,complements
Machine Learning,Scala,0.206,0.159,complements
R,Statistical Analysis,0.206,0.267,complements
HTML,Microservices,0.205,0.28,complements
Databricks,Jupyter,0.205,0.18,complements
A/B Testing,R,0.205,0.117,complements
Java,Linux,0.205,0.402,complements
NoSQL,Snowflake,0.204,0.371,complements
Ansible,PowerShell,0.204,0.473,complements
GCP,Node.js,0.204,0.268,complements
CSS,PHP,0.204,0.561,complements
Node.js,Python,0.204,0.307,complements
SQL,Snowflake,0.204,0.444,complements
XML,jQuery,0.204,0.338,complements
Cassandra,Java,0.204,0.159,complements
Azure,HTML,0.203,0.227,complements
C++,MATLAB,0.203,0.488,complements
REST API,Spring,0.203,0.352,complements
JavaScript,MySQL,0.203,0.3,complements
Elasticsearch,Redis,0.203,0.396,complements
AWS,Hadoop,0.203,0.43,complements
MySQL,Snowflake,0.202,0.414,complements
Angular,jQuery,0.202,0.448,complements
Deep Learning,Python,0.202,0.088,complements
GCP,Spark,0.202,0.461,complements
Burp Suite,Penetration Testing,0.202,0.387,complements
Prompt Engineering,Vector Databases,0.202,0.286,complements
Docker,Kafka,0.202,0.153,complements
JSON,JavaScript,0.202,0.379,complements
Node.js,SQL,0.202,0.147,complements
GraphQL,Node.js,0.202,0.384,complements
Docker,Scala,0.201,0.311,complements
Docker,GitLab,0.201,0.324,complements
Data Pipeline,Scala,0.201,0.412,complements
Git,PostgreSQL,0.201,0.251,complements
Java,MySQL,0.201,0.343,complements
AWS,PostgreSQL,0.201,0.128,complements
CI/CD,JavaScript,0.201,0.389,complements
CSS,REST API,0.201,0.57,complements
HTML,PHP,0.201,0.591,complements
Airflow,Kafka,0.2,0.362,complements
Data Governance,Power BI,0.2,0.259,complements
MongoDB,NoSQL,0.2,0.614,complements
Microservices,Python,0.2,0.286,complements
Airflow,Data Pipeline,0.2,0.605,complements
Kubernetes,Scala,0.199,0.284,complements
Dagster,dbt,0.199,0.464,complements
Docker,GitHub,0.199,0.225,complements
JavaScript,PostgreSQL,0.199,0.3,complements
Hive,Python,0.198,0.34,complements
GCP,TypeScript,0.198,0.151,complements
CI/CD,GitHub,0.198,0.32,complements
Data Modeling,Tableau,0.198,0.36,complements
Data Pipeline,Python,0.198,0.465,complements
Angular,SQL,0.198,0.212,complements
Data Visualization,Excel,0.197,0.441,complements
Data Warehousing,Python,0.197,0.322,complements
GitLab,Kubernetes,0.196,0.387,complements
.NET,SQL,0.196,0.222,complements
Ruby,Terraform,0.195,0.351,complements
MySQL,Spark,0.195,0.24,complements
Data Pipeline,Snowflake,0.195,0.391,complements
AWS,MySQL,0.195,0.128,complements
Angular,Docker,0.195,0.207,complements
.NET,JavaScript,0.195,0.547,complements
Ansible,Ruby,0.195,0.333,complements
CSS,Git,0.194,0.366,complements
REST API,SQL,0.194,0.303,complements
REST API,Spring Boot,0.194,0.377,complements
ETL,SSIS,0.194,0.494,complements
Python,Ruby,0.193,0.505,complements
AWS,REST API,0.193,0.272,complements
Kubernetes,Prometheus,0.193,0.284,complements
Azure,Node.js,0.193,0.268,complements
DynamoDB,MongoDB,0.192,0.722,complements
Azure,Spark,0.192,0.461,complements
Kubernetes,Linux,0.192,0.333,complements
Machine Learning,Pandas,0.192,0.183,complements
SQL,TypeScript,0.192,0.263,complements
Big Data,NoSQL,0.192,0.299,complements
Azure,Windows,0.191,0.501,complements
Azure,Scala,0.19,0.375,complements
MySQL,Python,0.19,0.363,complements
Angular,Vue,0.19,0.546,complements
Ansible,Linux,0.19,0.384,complements
GCP,Machine Learning,0.19,0.09,complements
Machine Learning,NumPy,0.19,0.111,complements
Angular,Git,0.19,0.189,complements
Ansible,GitLab,0.19,0.441,complements
Kafka,Spring Boot,0.189,0.286,complements
JavaScript,Unit Testing,0.189,0.306,complements
GCP,JavaScript,0.189,0.371,complements
Cassandra,Data Warehousing,0.189,0.268,complements
Big Data,Kafka,0.189,0.309,complements
Microservices,Spring,0.189,0.511,complements
Bash,GitLab,0.188,0.348,complements
Data Warehousing,Machine Learning,0.188,0.296,complements
MongoDB,Node.js,0.188,0.239,complements
DevOps,Microservices,0.188,0.446,complements
GitLab,Prometheus,0.187,0.21,complements
Azure,Databricks,0.187,0.506,complements
JavaScript,MongoDB,0.187,0.355,complements
CSS,Figma,0.187,0.39,complements
A/B Testing,Tableau,0.186,0.163,complements
AWS,Angular,0.186,0.178,complements
CSS,SQL,0.186,0.242,complements
Azure,C#,0.186,0.267,complements
AWS,Cassandra,0.186,0.389,complements
Data Modeling,Data Pipeline,0.186,0.416,complements
Python,Redshift,0.185,0.402,complements
Grafana,Terraform,0.185,0.242,complements
Data Analysis,Statistical Analysis,0.185,0.45,complements
Bash,Prometheus,0.185,0.272,complements
Kafka,SQL,0.185,0.259,complements
Pandas,PyTorch,0.185,0.167,complements
CI/CD,Kafka,0.185,0.15,complements
C#,C++,0.185,0.545,complements
MySQL,Oracle,0.184,0.64,complements
Docker,Linux,0.184,0.365,complements
CSS,Java,0.184,0.303,complements
MySQL,Redis,0.184,0.368,complements
Azure,Go,0.184,0.333,complements
Data Warehousing,NoSQL,0.184,0.331,complements
Data Warehousing,Kafka,0.184,0.311,complements
Cybersecurity,SIEM,0.184,0.386,complements
Ansible,CI/CD,0.183,0.599,complements
Azure,Git,0.183,0.27,complements
Angular,Azure,0.183,0.178,complements
Bash,Jenkins,0.183,0.436,complements
Kubernetes,Redis,0.183,0.244,complements
Data Governance,SQL,0.183,0.27,complements
Data Pipeline,Databricks,0.183,0.409,complements
Bash,Kubernetes,0.183,0.297,complements
Kafka,PostgreSQL,0.183,0.283,complements
Active Directory,Azure,0.183,0.442,complements
Azure,Terraform,0.182,0.54,complements
CI/CD,SQL,0.182,0.101,complements
C#,DevOps,0.182,0.352,complements
AWS Security,CISSP,0.182,0.282,complements
Databricks,Snowflake,0.182,0.443,complements
Prefect,dbt,0.182,0.385,complements
Jira,SQL,0.182,0.18,complements
DevOps,JavaScript,0.181,0.373,complements
Angular,PostgreSQL,0.181,0.22,complements
Big Data,SQL,0.181,0.224,complements
C#,CSS,0.18,0.397,complements
REST API,TypeScript,0.18,0.373,complements
Agile / Scrum,Data Analysis,0.18,0.132,complements
Prometheus,Splunk,0.18,0.381,complements
LLMs / GenAI,Vector Databases,0.18,0.324,complements
Data Pipeline,Machine Learning,0.18,0.284,complements
AWS,Linux,0.18,0.474,complements
Docker,REST API,0.179,0.302,complements
Azure,PowerShell,0.179,0.192,complements
Azure,Machine Learning,0.179,0.09,complements
Big Data,Java,0.179,0.206,complements
DynamoDB,PostgreSQL,0.179,0.489,complements
DevOps,GitHub,0.179,0.312,complements
PyTorch,XGBoost,0.179,0.373,complements
Machine Learning,Tableau,0.178,0.192,complements
Angular,Spring Boot,0.178,0.415,complements
ETL,Power BI,0.178,0.305,complements
Azure,REST API,0.178,0.272,complements
DevOps,Linux,0.178,0.431,complements
Java,Kotlin,0.178,0.57,complements
Go,HTML,0.178,0.439,complements
Python,TypeScript,0.178,0.442,complements
HTML,JSON,0.178,0.414,complements
CI/CD,Unit Testing,0.177,0.631,complements
ETL,Snowflake,0.177,0.251,complements
LLMs / GenAI,PyTorch,0.177,0.253,complements
LLMs / GenAI,LangChain,0.176,0.27,complements
A/B Testing,Data Visualization,0.176,0.156,complements
Airflow,Redshift,0.176,0.386,complements
CISSP,Risk Management,0.176,0.339,complements
AWS,Distributed Systems,0.176,0.311,complements
Helm,Kubernetes,0.176,0.53,complements
C#,jQuery,0.176,0.241,complements
C++,Machine Learning,0.176,0.102,complements
Docker,Redis,0.176,0.231,complements
Jira,Kanban,0.176,0.418,complements
React,Vue,0.176,0.969,substitutes
BigQuery,Looker,0.176,0.491,complements
Cassandra,Microservices,0.175,0.222,complements
GCP,Hadoop,0.175,0.43,complements
SQL,Unit Testing,0.175,0.131,complements
Big Data,Snowflake,0.175,0.349,complements
CI/CD,React,0.175,0.201,complements
Java,Unit Testing,0.175,0.245,complements
Go,Ruby,0.174,0.558,complements
Jenkins,REST API,0.174,0.231,complements
Linux,VMware,0.174,0.539,complements
Data Pipeline,Hadoop,0.174,0.38,complements
AWS,Snowflake,0.174,0.433,complements
DevOps,Jira,0.174,0.407,complements
CSS,Node.js,0.174,0.395,complements
C#,Git,0.174,0.35,complements
Go,PowerShell,0.173,0.33,complements
Agile / Scrum,C#,0.173,0.169,complements
Agile / Scrum,Linux,0.173,0.122,complements
Kafka,MongoDB,0.173,0.333,complements
Machine Learning,NoSQL,0.173,0.132,complements
Alteryx,R,0.173,0.512,complements
AWS,Hive,0.173,0.301,complements
DevOps,PowerShell,0.172,0.348,complements
Jenkins,Linux,0.172,0.321,complements
GraphQL,JavaScript,0.172,0.467,complements
Agile / Scrum,Machine Learning,0.172,0.195,complements
Bash,Ruby,0.172,0.454,complements
AWS,GitHub,0.172,0.284,complements
DevOps,Go,0.172,0.451,complements
HTML,MySQL,0.171,0.267,complements
Airflow,Dagster,0.171,0.817,substitutes
Cassandra,Python,0.171,0.201,complements
MySQL,React,0.171,0.277,complements
Elasticsearch,MongoDB,0.171,0.443,complements
MySQL,Scala,0.171,0.341,complements
ETL,Informatica,0.171,0.337,complements
AWS,Redshift,0.17,0.421,complements
CSS,MySQL,0.17,0.21,complements
Bash,Docker,0.17,0.234,complements
Deep Learning,NumPy,0.17,0.19,complements
Bash,DevOps,0.17,0.401,complements
GitHub,Jira,0.17,0.396,complements
PostgreSQL,SQL,0.17,0.722,complements
Data Governance,Tableau,0.17,0.165,complements
MySQL,SQL,0.169,0.722,complements
Hive,Java,0.169,0.241,complements
MATLAB,Python,0.169,0.392,complements
Airflow,Python,0.169,0.453,complements
Firewalls,Windows,0.169,0.293,complements
Angular,Kubernetes,0.168,0.141,complements
Firewalls,VMware,0.168,0.137,complements
Excel,SQL,0.168,0.275,complements
Oracle,PostgreSQL,0.168,0.64,complements
Airflow,ETL,0.168,0.276,complements
C,Linux,0.168,0.507,complements
Azure,Jenkins,0.168,0.354,complements
Next.js,React,0.168,0.53,complements
Looker,dbt,0.167,0.387,complements
DevOps,GCP,0.167,0.275,complements
Java,Oracle,0.167,0.443,complements
GitLab,Python,0.167,0.29,complements
Data Modeling,Python,0.167,0.367,complements
Git,MongoDB,0.167,0.295,complements
Data Governance,ETL,0.167,0.335,complements
Big Data,Cassandra,0.167,0.363,complements
NLP,Python,0.167,0.164,complements
Jenkins,Prometheus,0.166,0.25,complements
Go,Rust,0.166,0.654,complements
HTML,PostgreSQL,0.166,0.267,complements
Power BI,Python,0.166,0.414,complements
Ansible,Go,0.166,0.433,complements
Incident Response,Splunk,0.165,0.353,complements
Figma,HTML,0.165,0.264,complements
HTML,Python,0.165,0.318,complements
C++,Git,0.165,0.377,complements
LLMs / GenAI,Prompt Engineering,0.165,0.387,complements
CISSP,Firewalls,0.165,0.315,complements
Microservices,Scala,0.164,0.331,complements
Node.js,PostgreSQL,0.164,0.2,complements
SQL,SSIS,0.164,0.404,complements
CI/CD,GCP,0.164,0.196,complements
PostgreSQL,Python,0.164,0.363,complements
C#,Java,0.164,0.726,complements
Java,Jira,0.163,0.359,complements
Data Pipeline,SQL,0.163,0.32,complements
Elasticsearch,Grafana,0.163,0.392,complements
Distributed Systems,Microservices,0.163,0.43,complements
Confluence,Jenkins,0.163,0.28,complements
Statistical Analysis,Tableau,0.163,0.264,complements
ETL,Spark,0.163,0.216,complements
CI/CD,PostgreSQL,0.162,0.158,complements
Git,Microservices,0.162,0.301,complements
Azure,Snowflake,0.162,0.433,complements
CISSP,Penetration Testing,0.162,0.218,complements
Azure,Data Warehousing,0.162,0.203,complements
Grafana,Kubernetes,0.162,0.236,complements
Deep Learning,LLMs / GenAI,0.162,0.274,complements
Elasticsearch,Kafka,0.161,0.426,complements
C#,Unit Testing,0.161,0.304,complements
JSON,jQuery,0.161,0.267,complements
Databricks,NumPy,0.161,0.234,complements
Distributed Systems,Java,0.161,0.378,complements
.NET,Angular,0.161,0.438,complements
Docker,MongoDB,0.161,0.095,complements
Java,PostgreSQL,0.161,0.343,complements
Hive,Machine Learning,0.16,0.206,complements
Angular,CI/CD,0.16,0.216,complements
Angular,MongoDB,0.16,0.314,complements
HTML,MongoDB,0.16,0.312,complements
Git,Unit Testing,0.16,0.376,complements
LLMs / GenAI,TensorFlow,0.16,0.253,complements
AWS,Big Data,0.16,0.376,complements
ETL,Tableau,0.16,0.23,complements
Kafka,Spring,0.16,0.196,complements
DevOps,REST API,0.16,0.196,complements
GitHub,React,0.159,0.164,complements
React,SQL,0.159,0.226,complements
Airflow,Hadoop,0.159,0.347,complements
CI/CD,Node.js,0.158,0.292,complements
CI/CD,Go,0.158,0.369,complements
Docker,Prometheus,0.158,0.169,complements
JavaScript,Jenkins,0.158,0.36,complements
Java,XML,0.158,0.466,complements
Data Visualization,ETL,0.158,0.29,complements
AWS,Jira,0.158,0.188,complements
Pandas,Python,0.158,0.374,complements
Data Analysis,SAS,0.157,0.261,complements
Datadog,Terraform,0.157,0.284,complements
Agile / Scrum,Spark,0.157,0.159,complements
Jenkins,SQL,0.157,0.145,complements
C++,Deep Learning,0.157,0.095,complements
AWS,Ansible,0.157,0.456,complements
Spark,TensorFlow,0.157,0.208,complements
GCP,Terraform,0.157,0.54,complements
.NET,HTML,0.156,0.326,complements
MongoDB,Redis,0.156,0.486,complements
Data Modeling,Spark,0.156,0.241,complements
Unix,Windows,0.156,0.617,complements
Data Pipeline,Redshift,0.156,0.384,complements
Azure,React,0.156,0.097,complements
Power BI,SSIS,0.156,0.448,complements
GCP,HTML,0.156,0.227,complements
Kubernetes,Ruby,0.156,0.193,complements
Git,MySQL,0.155,0.251,complements
Java,Unix,0.155,0.274,complements
Hive,SQL,0.155,0.547,complements
Microservices,PostgreSQL,0.155,0.153,complements
Databricks,Pandas,0.155,0.262,complements
Databricks,Python,0.155,0.325,complements
Data Governance,Data Pipeline,0.155,0.279,complements
PostgreSQL,REST API,0.154,0.227,complements
GCP,Kafka,0.154,0.347,complements
Hive,Redis,0.154,0.45,complements
Python,Windows,0.154,0.341,complements
DevOps,GitLab,0.154,0.39,complements
Big Data,Data Governance,0.154,0.336,complements
Java,Redshift,0.154,0.29,complements
Jenkins,Spring Boot,0.154,0.451,complements
Active Directory,Firewalls,0.154,0.355,complements
Angular,NoSQL,0.154,0.16,complements
Microservices,MySQL,0.153,0.153,complements
MongoDB,REST API,0.153,0.331,complements
Kubernetes,REST API,0.153,0.2,complements
CISSP,SIEM,0.153,0.364,complements
NLP,NumPy,0.153,0.158,complements
Datadog,Splunk,0.153,0.412,complements
Ansible,Grafana,0.153,0.345,complements
Agile / Scrum,C++,0.152,0.141,complements
Jira,Linux,0.152,0.254,complements
Data Visualization,SAS,0.152,0.29,complements
Distributed Systems,Docker,0.152,0.29,complements
Airflow,Helm,0.152,0.229,complements
ClickHouse,Flink,0.152,0.314,complements
Azure,Hadoop,0.152,0.43,complements
ArgoCD,Helm,0.151,0.788,substitutes
Big Data,Data Modeling,0.151,0.379,complements
Kubernetes,MongoDB,0.151,0.154,complements
Airflow,Hive,0.151,0.332,complements
Azure,Kafka,0.151,0.347,complements
JavaScript,Spring,0.151,0.436,complements
AWS,MongoDB,0.151,0.334,complements
Git,Node.js,0.15,0.278,complements
Data Governance,Spark,0.15,0.169,complements
Jupyter,Machine Learning,0.15,0.174,complements
Jira,Python,0.15,0.282,complements
Confluence,Kanban,0.15,0.364,complements
CI/CD,Spring,0.15,0.338,complements
Airflow,Scala,0.15,0.32,complements
Snowflake,Tableau,0.15,0.434,complements
Linux,Terraform,0.15,0.401,complements
PostgreSQL,TypeScript,0.15,0.262,complements
REST API,jQuery,0.15,0.496,complements
Incident Response,Risk Management,0.15,0.43,complements
Microservices,MongoDB,0.15,0.268,complements
PyTorch,Spark,0.149,0.208,complements
Microservices,Unit Testing,0.149,0.107,complements
Machine Learning,Statistical Analysis,0.149,0.488,complements
Docker,Ruby,0.149,0.236,complements
SQL,XML,0.149,0.496,complements
OWASP,Penetration Testing,0.149,0.325,complements
Java,Snowflake,0.149,0.286,complements
Docker,MySQL,0.149,0.092,complements
MLflow,Machine Learning,0.149,0.41,complements
Redshift,SQL,0.148,0.443,complements
Big Data,Data Visualization,0.148,0.224,complements
Agile / Scrum,Spring,0.148,0.093,complements
Go,React,0.148,0.383,complements
Agile / Scrum,Kafka,0.148,0.133,complements
CI/CD,Prometheus,0.148,0.174,complements
Azure,VMware,0.147,0.546,complements
GitLab,Splunk,0.147,0.214,complements
Azure,Power BI,0.147,0.233,complements
PHP,Ruby,0.147,0.595,complements
Linux,SQL,0.147,0.188,complements
C++,Rust,0.147,0.799,substitutes
DevOps,Unit Testing,0.146,0.383,complements
DevOps,Ruby,0.146,0.346,complements
Java,Ruby,0.146,0.526,complements
Jenkins,Microservices,0.146,0.459,complements
Big Data,Data Analysis,0.146,0.413,complements
CI/CD,Linux,0.146,0.303,complements
Node.js,Redis,0.146,0.287,complements
Data Governance,Snowflake,0.146,0.334,complements
Git,JSON,0.145,0.354,complements
Django,PostgreSQL,0.145,0.226,complements
GCP,Git,0.145,0.27,complements
Metabase,dbt,0.145,0.442,complements
Hadoop,MongoDB,0.145,0.406,complements
Angular,DevOps,0.145,0.228,complements
Oracle,Spring,0.145,0.253,complements
MongoDB,SQL,0.145,0.48,complements
R,Spark,0.145,0.305,complements
Data Warehousing,MySQL,0.145,0.258,complements
HTML,Unit Testing,0.145,0.273,complements
Git,GitHub,0.145,0.521,complements
Cybersecurity,Firewalls,0.145,0.504,complements
.NET,DevOps,0.145,0.459,complements
ETL,Python,0.145,0.353,complements
Cassandra,Elasticsearch,0.145,0.433,complements
GitHub,Terraform,0.144,0.403,complements
GCP,TensorFlow,0.144,0.083,complements
CI/CD,TypeScript,0.144,0.242,complements
Cybersecurity,Windows,0.144,0.344,complements
Big Data,ETL,0.144,0.437,complements
React,Unit Testing,0.144,0.147,complements
Cassandra,PostgreSQL,0.144,0.304,complements
Git,Spring,0.144,0.26,complements
React,Spring,0.143,0.334,complements
MuleSoft,Salesforce,0.143,0.396,complements
Docker,Helm,0.143,0.488,complements
C#,REST API,0.143,0.371,complements
CI/CD,NoSQL,0.143,0.072,complements
Machine Learning,Redshift,0.143,0.15,complements
Python,React,0.143,0.296,complements
AWS,DynamoDB,0.143,0.433,complements
Cassandra,Kubernetes,0.142,0.248,complements
AWS Security,SIEM,0.142,0.28,complements
React,Redis,0.142,0.152,complements
Data Pipeline,Kafka,0.142,0.35,complements
Bash,Git,0.142,0.372,complements
GCP,Hive,0.142,0.301,complements
Machine Learning,Snowflake,0.142,0.162,complements
NoSQL,React,0.142,0.077,complements
CI/CD,Spring Boot,0.142,0.336,complements
Airflow,Data Modeling,0.141,0.271,complements
Oracle,XML,0.141,0.428,complements
CSS,PostgreSQL,0.141,0.21,complements
NumPy,Python,0.141,0.219,complements
Java,MongoDB,0.141,0.327,complements
SAS,SQL,0.141,0.249,complements
Deep Learning,Pandas,0.141,0.089,complements
Amplitude,Google Analytics,0.141,0.561,complements
Azure,Linux,0.14,0.474,complements
Data Analysis,ETL,0.14,0.39,complements
C#,Python,0.14,0.534,complements
AWS,Redis,0.14,0.4,complements
ClickHouse,Rust,0.14,0.207,complements
.NET,jQuery,0.14,0.193,complements
Hive,Microservices,0.14,0.143,complements
Python,Unix,0.14,0.259,complements
Ansible,Splunk,0.14,0.259,complements
Datadog,Prometheus,0.14,0.483,complements
Airflow,SQL,0.139,0.215,complements
Redis,Terraform,0.139,0.324,complements
DevOps,NoSQL,0.139,0.125,complements
Data Pipeline,ETL,0.139,0.573,complements
Databricks,SQL,0.139,0.229,complements
CI/CD,Jira,0.138,0.452,complements
C#,React,0.138,0.3,complements
Kafka,Terraform,0.138,0.211,complements
Jenkins,Splunk,0.138,0.25,complements
GCP,Jenkins,0.138,0.354,complements
Flink,Hadoop,0.138,0.574,complements
ArgoCD,Grafana,0.138,0.208,complements
Agile / Scrum,GitHub,0.138,0.186,complements
NLP,Pandas,0.138,0.145,complements
Docker,Jira,0.138,0.251,complements
CSS,XML,0.138,0.42,complements
Kubernetes,Spark,0.137,0.509,complements
Bash,CI/CD,0.137,0.383,complements
Git,PHP,0.137,0.374,complements
Python,REST API,0.137,0.289,complements
Hadoop,R,0.137,0.24,complements
Docker,Spring,0.137,0.433,complements
Data Analysis,Stakeholder Mgmt,0.137,0.105,complements
Figma,GraphQL,0.137,0.209,complements
TensorFlow,XGBoost,0.137,0.373,complements
Ansible,Git,0.137,0.411,complements
.NET,Azure,0.137,0.214,complements
NoSQL,REST API,0.137,0.202,complements
Docker,Grafana,0.137,0.187,complements
Linux,PowerShell,0.137,0.237,complements
Git,TypeScript,0.136,0.302,complements
SQL,Unix,0.136,0.16,complements
CSS,MongoDB,0.136,0.232,complements
Data Warehousing,Databricks,0.136,0.178,complements
Next.js,TypeScript,0.135,0.417,complements
GCP,MySQL,0.135,0.128,complements
AWS,Data Warehousing,0.134,0.203,complements
Elasticsearch,Prometheus,0.134,0.339,complements
Kubernetes,MySQL,0.134,0.049,complements
Grafana,Splunk,0.134,0.416,complements
Databricks,Machine Learning,0.133,0.237,complements
Angular,Unit Testing,0.133,0.154,complements
.NET,Git,0.133,0.318,complements
GCP,PostgreSQL,0.133,0.128,complements
C,Python,0.133,0.534,complements
GitHub,Python,0.133,0.221,complements
DevOps,React,0.133,0.213,complements
GCP,Snowflake,0.133,0.433,complements
Confluence,Docker,0.133,0.139,complements
Data Analysis,Data Pipeline,0.133,0.269,complements
C#,JSON,0.133,0.353,complements
Angular,Jenkins,0.133,0.217,complements
Data Visualization,Spark,0.133,0.174,complements
CSS,JSON,0.133,0.358,complements
Distributed Systems,TypeScript,0.133,0.203,complements
Agile / Scrum,Software Architecture,0.133,0.394,complements
Spark,Tableau,0.133,0.329,complements
C#,CI/CD,0.132,0.321,complements
Git,Spring Boot,0.132,0.243,complements
MongoDB,Spark,0.132,0.302,complements
CSS,GraphQL,0.132,0.249,complements
CSS,Unit Testing,0.132,0.198,complements
GitHub,TypeScript,0.132,0.233,complements
Hadoop,Tableau,0.132,0.192,complements
Git,NoSQL,0.132,0.161,complements
Cassandra,SQL,0.131,0.253,complements
Penetration Testing,Risk Management,0.131,0.365,complements
Azure,MySQL,0.131,0.128,complements
MongoDB,Python,0.131,0.353,complements
Azure,Big Data,0.131,0.376,complements
C#,Jira,0.131,0.315,complements
Data Warehousing,Informatica,0.131,0.427,complements
CSS,Docker,0.131,0.197,complements
Data Visualization,Hadoop,0.131,0.15,complements
Docker,Spring Boot,0.131,0.332,complements
Jira,Kubernetes,0.131,0.246,complements
A/B Testing,Data Analysis,0.131,0.293,complements
Agile / Scrum,JSON,0.131,0.103,complements
Agile / Scrum,MySQL,0.131,0.035,complements
Distributed Systems,GitHub,0.13,0.233,complements
Kafka,Machine Learning,0.13,0.148,complements
Data Pipeline,Data Visualization,0.13,0.271,complements
Git,Terraform,0.13,0.399,complements
.NET,CSS,0.13,0.333,complements
Hadoop,Redis,0.13,0.445,complements
Data Pipeline,Hive,0.129,0.352,complements
Azure,Data Pipeline,0.129,0.286,complements
Alteryx,Power BI,0.129,0.505,complements
Airflow,PostgreSQL,0.129,0.214,complements
SageMaker,XGBoost,0.129,0.32,complements
Splunk,Terraform,0.129,0.269,complements
Distributed Systems,Python,0.129,0.393,complements
JSON,Java,0.129,0.414,complements
Ansible,Azure,0.129,0.456,complements
GraphQL,Next.js,0.129,0.219,complements
Data Governance,Machine Learning,0.129,0.206,complements
Confluence,Java,0.129,0.323,complements
Docker,Spark,0.129,0.21,complements
A/B Testing,Power BI,0.129,0.187,complements
MongoDB,PHP,0.129,0.334,complements
Cassandra,GCP,0.129,0.389,complements
Cassandra,Docker,0.128,0.002,complements
Data Modeling,R,0.128,0.193,complements
AWS,Data Pipeline,0.128,0.286,complements
Azure,Firewalls,0.128,0.132,complements
PHP,PostgreSQL,0.128,0.315,complements
DevOps,Prometheus,0.128,0.232,complements
Confluence,Linux,0.128,0.264,complements
Django,Python,0.128,0.395,complements
Microservices,Redis,0.128,0.295,complements
Docker,DynamoDB,0.128,0.094,complements
LangChain,Prompt Engineering,0.128,0.577,complements
Angular,JSON,0.128,0.244,complements
GCP,PyTorch,0.128,0.083,complements
Data Modeling,Machine Learning,0.128,0.504,complements
Jenkins,NoSQL,0.127,0.111,complements
C++,Docker,0.127,0.306,complements
DevOps,HTML,0.127,0.142,complements
GCP,React,0.127,0.097,complements
Spring,jQuery,0.127,0.197,complements
MLflow,PyTorch,0.127,0.272,complements
CI/CD,DynamoDB,0.127,0.095,complements
Confluence,Python,0.127,0.335,complements
C++,PyTorch,0.127,0.146,complements
Cassandra,Terraform,0.127,0.16,complements
Jenkins,Ruby,0.127,0.308,complements
Grafana,Jenkins,0.126,0.311,complements
Jenkins,Unix,0.126,0.224,complements
AWS,Airflow,0.126,0.2,complements
BigQuery,Redshift,0.126,0.973,substitutes
NLP,Spark,0.126,0.151,complements
Looker,Metabase,0.126,0.812,substitutes
Azure,CSS,0.126,0.203,complements
Power BI,Snowflake,0.126,0.49,complements
React,jQuery,0.125,0.646,complements
Data Modeling,Hadoop,0.125,0.309,complements
AWS,Bash,0.125,0.254,complements
Azure,Data Modeling,0.125,0.226,complements
Jenkins,Unit Testing,0.125,0.252,complements
Google Analytics,Mixpanel,0.125,0.506,complements
Docker,Machine Learning,0.125,0.057,complements
Kubernetes,Spring Boot,0.125,0.439,complements
Data Governance,Hadoop,0.125,0.177,complements
Agile / Scrum,PostgreSQL,0.125,0.035,complements
GitHub,GitLab,0.125,0.774,substitutes
Agile / Scrum,Big Data,0.125,0.074,complements
Go,Redis,0.124,0.367,complements
CI/CD,MongoDB,0.124,0.082,complements
Spring,Unit Testing,0.124,0.217,complements
Elasticsearch,PostgreSQL,0.124,0.39,complements
Agile / Scrum,Kotlin,0.124,0.178,complements
PHP,jQuery,0.124,0.452,complements
Cassandra,DynamoDB,0.124,0.645,complements
Data Warehousing,Java,0.123,0.258,complements
.NET,REST API,0.123,0.276,complements
Databricks,Scala,0.123,0.393,complements
Angular,MySQL,0.123,0.22,complements
Agile / Scrum,XML,0.123,0.119,complements
AWS,Ruby,0.123,0.217,complements
LangChain,NLP,0.123,0.251,complements
AWS,Unix,0.123,0.29,complements
C++,Software Architecture,0.123,0.381,complements
DevOps,Machine Learning,0.123,0.258,complements
Airflow,Data Warehousing,0.123,0.23,complements
Databricks,Power BI,0.123,0.254,complements
DevOps,Kanban,0.123,0.436,complements
CI/CD,Grafana,0.123,0.249,complements
Kubernetes,Spring,0.123,0.258,complements
Docker,Elasticsearch,0.123,0.072,complements
Airflow,Kubernetes,0.123,0.445,complements
Agile / Scrum,Hadoop,0.123,0.147,complements
Git,GitLab,0.122,0.448,complements
C++,TensorFlow,0.122,0.146,complements
.NET,Agile / Scrum,0.122,0.327,complements
Azure,PostgreSQL,0.122,0.128,complements
MySQL,Node.js,0.122,0.2,complements
Distributed Systems,Rust,0.122,0.399,complements
DevOps,Windows,0.122,0.385,complements
GCP,Redshift,0.122,0.421,complements
Data Modeling,Databricks,0.122,0.258,complements
TensorFlow,scikit-learn,0.122,0.42,complements
Data Modeling,Informatica,0.122,0.378,complements
Firewalls,Incident Response,0.122,0.208,complements
Jupyter,NLP,0.122,0.164,complements
SIEM,Splunk,0.122,0.613,complements
Agile / Scrum,GraphQL,0.122,0.027,complements
AWS,CSS,0.122,0.203,complements
BigQuery,dbt,0.122,0.565,complements
Azure,MongoDB,0.122,0.334,complements
JavaScript,Jira,0.122,0.314,complements
AWS,Spring Boot,0.122,0.365,complements
NLP,R,0.122,0.219,complements
Hive,MongoDB,0.122,0.488,complements
DynamoDB,MySQL,0.121,0.489,complements
Hadoop,Kubernetes,0.121,0.346,complements
Machine Learning,Power BI,0.121,0.284,complements
SAS,Statistical Analysis,0.121,0.295,complements
DynamoDB,Kubernetes,0.121,0.181,complements
Helm,Kafka,0.121,0.239,complements
NoSQL,PostgreSQL,0.121,0.389,complements
GitHub,Java,0.121,0.234,complements
Kubernetes,Machine Learning,0.121,0.107,complements
Angular,GCP,0.12,0.178,complements
PostgreSQL,Spark,0.12,0.24,complements
JavaScript,Oracle,0.12,0.258,complements
AWS,Confluence,0.12,0.244,complements
HTML,Spring,0.12,0.178,complements
Agile / Scrum,Oracle,0.12,0.118,complements
Hadoop,Microservices,0.12,0.26,complements
Informatica,Snowflake,0.12,0.475,complements
Excel,R,0.12,0.449,complements
Bash,Grafana,0.12,0.286,complements
CI/CD,Helm,0.119,0.407,complements
DevOps,Grafana,0.119,0.243,complements
AWS,Unit Testing,0.119,0.06,complements
Deep Learning,Jupyter,0.119,0.03,complements
TypeScript,Unit Testing,0.119,0.312,complements
React,Spring Boot,0.119,0.377,complements
Data Analysis,Spark,0.119,0.192,complements
NoSQL,Redis,0.119,0.432,complements
SQL,jQuery,0.119,0.266,complements
Splunk,Windows,0.119,0.39,complements
Airflow,Big Data,0.119,0.273,complements
CI/CD,PowerShell,0.119,0.39,complements
Bash,Unix,0.119,0.419,complements
Firewalls,SIEM,0.119,0.445,complements
Figma,React,0.119,0.564,complements
Databricks,TensorFlow,0.119,0.299,complements
JavaScript,Vue,0.119,0.473,complements
JSON,SQL,0.119,0.458,complements
Cassandra,Machine Learning,0.119,0.07,complements
Confluence,Kubernetes,0.119,0.179,complements
Java,Terraform,0.119,0.381,complements
Fivetran,Snowflake,0.118,0.598,complements
PHP,React,0.118,0.456,complements
Jenkins,Oracle,0.118,0.261,complements
GitLab,Linux,0.118,0.354,complements
Deep Learning,Linear,0.118,0.047,complements
C++,Jira,0.118,0.334,complements
Figma,JavaScript,0.118,0.324,complements
Databricks,Microsoft Fabric,0.118,0.478,complements
Power BI,Statistical Analysis,0.118,0.258,complements
CI/CD,HTML,0.118,0.224,complements
Azure,Jira,0.118,0.188,complements
Azure,GitHub,0.118,0.284,complements
JSON,Spring,0.118,0.278,complements
Angular,Python,0.117,0.319,complements
Data Visualization,Looker,0.117,0.519,complements
Deep Learning,MLflow,0.117,0.348,complements
Jenkins,Kafka,0.117,0.302,complements
DevOps,PostgreSQL,0.117,0.149,complements
Big Data,GCP,0.117,0.376,complements
JavaScript,Linux,0.117,0.489,complements
Datadog,Docker,0.117,0.218,complements
Jenkins,PostgreSQL,0.117,0.174,complements
Data Modeling,dbt,0.117,0.529,complements
Python,Unit Testing,0.117,0.352,complements
C#,XML,0.117,0.405,complements
CSS,DevOps,0.117,0.194,complements
Helm,Terraform,0.117,0.414,complements
Agile / Scrum,Stakeholder Mgmt,0.117,0.359,complements
Data Visualization,Snowflake,0.117,0.289,complements
GCP,MongoDB,0.117,0.334,complements
CI/CD,Spark,0.116,0.158,complements
SQL,Windows,0.116,0.236,complements
Python,SAS,0.116,0.354,complements
Kafka,REST API,0.116,0.233,complements
Azure,Unit Testing,0.116,0.06,complements
Oracle,Unix,0.116,0.172,complements
GitHub,JavaScript,0.116,0.266,complements
GCP,Linux,0.116,0.474,complements
Data Governance,Databricks,0.116,0.214,complements
Cybersecurity,Splunk,0.116,0.343,complements
Docker,Hadoop,0.116,0.214,complements
Agile / Scrum,Spring Boot,0.116,0.159,complements
Confluence,SQL,0.116,0.251,complements
Airflow,Looker,0.115,0.4,complements
Data Pipeline,dbt,0.115,0.429,complements
NoSQL,Spring,0.115,0.11,complements
Jira,REST API,0.115,0.118,complements
Linux,MySQL,0.115,0.391,complements
Elasticsearch,Kubernetes,0.115,0.188,complements
DynamoDB,Node.js,0.115,0.123,complements
GraphQL,HTML,0.115,0.33,complements
Data Governance,Python,0.115,0.208,complements
Jira,Unit Testing,0.115,0.272,complements
Go,Linux,0.115,0.537,complements
Oracle,jQuery,0.115,0.115,complements
Git,Kanban,0.115,0.326,complements
Data Analysis,Hadoop,0.115,0.305,complements
Airflow,NoSQL,0.115,0.159,complements
Azure,TensorFlow,0.115,0.083,complements
MongoDB,TypeScript,0.114,0.341,complements
Ansible,VMware,0.114,0.437,complements
Python,Statistical Analysis,0.114,0.205,complements
Azure,Cassandra,0.114,0.389,complements
GitHub,SQL,0.114,0.132,complements
Data Warehousing,GCP,0.114,0.203,complements
GitLab,Grafana,0.114,0.229,complements
Data Modeling,Redshift,0.114,0.422,complements
A/B Testing,Google Analytics,0.114,0.219,complements
AWS,GitLab,0.114,0.351,complements
Airflow,BigQuery,0.114,0.377,complements
SQL,Spring,0.114,0.223,complements
LLMs / GenAI,Python,0.114,0.263,complements
Distributed Systems,React,0.114,0.23,complements
Java,Software Architecture,0.114,0.412,complements
ETL,Hadoop,0.113,0.286,complements
Unit Testing,jQuery,0.113,0.178,complements
Azure,Data Analysis,0.113,0.12,complements
Airflow,Docker,0.113,0.194,complements
DevOps,Node.js,0.113,0.324,complements
Cassandra,Flink,0.113,0.47,complements
Hive,Tableau,0.113,0.289,complements
Looker,SQL,0.113,0.302,complements
Jenkins,Node.js,0.113,0.35,complements
GitLab,Jira,0.112,0.347,complements
C,MATLAB,0.112,0.461,complements
Azure,JSON,0.112,0.266,complements
Bash,Go,0.112,0.52,complements
Jenkins,React,0.112,0.231,complements
Databricks,ETL,0.112,0.212,complements
CSS,NoSQL,0.112,0.133,complements
JavaScript,Ruby,0.112,0.634,complements
CI/CD,Kanban,0.112,0.266,complements
Dagster,MLflow,0.112,0.287,complements
Distributed Systems,Kafka,0.112,0.271,complements
Bash,Windows,0.112,0.435,complements
C++,SQL,0.112,0.304,complements
LangChain,PyTorch,0.112,0.19,complements
Flask,Python,0.112,0.419,complements
ArgoCD,Terraform,0.112,0.419,complements
Elasticsearch,NoSQL,0.112,0.266,complements
Agile / Scrum,Data Warehousing,0.112,0.086,complements
Machine Learning,SAS,0.112,0.255,complements
Kubernetes,Splunk,0.112,0.132,complements
Linux,Splunk,0.112,0.373,complements
AWS Security,Cybersecurity,0.112,0.536,complements
Redshift,Tableau,0.112,0.455,complements
Confluence,GitHub,0.112,0.377,complements
Data Pipeline,GCP,0.111,0.286,complements
Django,React,0.111,0.429,complements
Microservices,Redshift,0.111,0.224,complements
SQL,Statistical Analysis,0.111,0.185,complements
Distributed Systems,NoSQL,0.111,0.12,complements
Linux,NoSQL,0.111,0.269,complements
Agile / Scrum,Snowflake,0.111,0.084,complements
Excel,Statistical Analysis,0.111,0.505,complements
Azure,Bash,0.111,0.254,complements
Hugging Face,PyTorch,0.111,0.478,complements
CI/CD,Distributed Systems,0.111,0.524,complements
AWS,GraphQL,0.111,0.261,complements
GitHub,Kafka,0.111,0.255,complements
AWS,Spring,0.111,0.218,complements
Data Pipeline,PyTorch,0.11,0.115,complements
ArgoCD,Datadog,0.11,0.242,complements
C++,Windows,0.11,0.435,complements
Google Analytics,Looker,0.11,0.454,complements
AWS,C++,0.11,0.215,complements
JSON,Node.js,0.11,0.176,complements
C,Java,0.11,0.538,complements
.NET,Unit Testing,0.11,0.308,complements
Data Warehousing,R,0.11,0.166,complements
.NET,React,0.11,0.381,complements
Kotlin,Unit Testing,0.11,0.266,complements
Node.js,Unit Testing,0.11,0.217,complements
Python,Splunk,0.11,0.399,complements
Elasticsearch,Java,0.109,0.262,complements
Data Governance,R,0.109,0.039,complements
Oracle,Spring Boot,0.109,0.227,complements
Angular,XML,0.109,0.284,complements
Git,jQuery,0.109,0.304,complements
Spring,XML,0.109,0.29,complements
NoSQL,Spring Boot,0.109,0.181,complements
Azure,Redshift,0.109,0.421,complements
JavaScript,Spring Boot,0.109,0.367,complements
JSON,Jenkins,0.109,0.254,complements
Linear,Machine Learning,0.109,0.193,complements
CSS,Microservices,0.109,0.275,complements
Agile / Scrum,MongoDB,0.109,0.103,complements
AWS,Kanban,0.108,0.226,complements
C++,CI/CD,0.108,0.38,complements
Big Data,Tableau,0.108,0.22,complements
Bash,Splunk,0.108,0.321,complements
Jupyter,Python,0.108,0.482,complements
Data Analysis,Snowflake,0.108,0.223,complements
Oracle,REST API,0.108,0.118,complements
Ansible,GCP,0.108,0.456,complements
Data Analysis,Java,0.108,0.2,complements
Ansible,GitHub,0.108,0.359,complements
Docker,Unit Testing,0.108,0.072,complements
Azure,Splunk,0.108,0.31,complements
Power BI,SAS,0.108,0.461,complements
NoSQL,Unit Testing,0.108,-0.022,complements
ServiceNow,Windows,0.108,0.284,complements
Jenkins,MongoDB,0.108,0.213,complements
A/B Testing,SQL,0.108,0.147,complements
Datadog,Kubernetes,0.107,0.229,complements
CI/CD,Splunk,0.107,0.184,complements
AWS,C#,0.107,0.267,complements
PostgreSQL,Redshift,0.107,0.46,complements
MySQL,Ruby,0.107,0.343,complements
Active Directory,Linux,0.107,0.391,complements
C++,Kubernetes,0.107,0.28,complements
Firebase,Swift,0.107,0.348,complements
PyTorch,scikit-learn,0.107,0.42,complements
AWS,Data Analysis,0.107,0.12,complements
Big Data,R,0.107,0.206,complements
Firewalls,Penetration Testing,0.107,0.209,complements
Linear,TensorFlow,0.107,0.104,complements
ETL,dbt,0.107,0.381,complements
CI/CD,JSON,0.106,0.141,complements
Linux,Oracle,0.106,0.317,complements
Kotlin,REST API,0.106,0.31,complements
Next.js,Node.js,0.106,0.464,complements
Pulumi,Terraform,0.106,0.835,substitutes
Azure,ETL,0.106,0.228,complements
Hugging Face,LLMs / GenAI,0.106,0.251,complements
Python,Redis,0.106,0.308,complements
DevOps,Spring,0.106,0.309,complements
C#,Windows,0.106,0.409,complements
GitHub,Go,0.106,0.352,complements
Data Pipeline,Java,0.106,0.277,complements
Go,Kafka,0.106,0.26,complements
AWS,TensorFlow,0.106,0.083,complements
Informatica,SQL,0.105,0.378,complements
Data Modeling,SSIS,0.105,0.282,complements
PostgreSQL,Terraform,0.105,0.177,complements
CSS,Spring,0.105,0.191,complements
Ruby,Unix,0.105,0.244,complements
Kafka,React,0.105,0.13,complements
Confluence,DevOps,0.105,0.336,complements
CI/CD,Ruby,0.105,0.337,complements
Azure,Hive,0.105,0.301,complements
GitLab,PostgreSQL,0.105,0.264,complements
Azure,Kanban,0.105,0.226,complements
CSS,Kubernetes,0.105,0.114,complements
Docker,Unix,0.105,0.318,complements
C++,JavaScript,0.105,0.569,complements
Django,FastAPI,0.104,0.745,complements
Alteryx,SQL,0.104,0.331,complements
Hugging Face,NLP,0.104,0.376,complements
Bash,Java,0.104,0.456,complements
Linux,Ruby,0.104,0.312,complements
C++,Go,0.104,0.734,complements
Machine Learning,SageMaker,0.104,0.398,complements
Data Warehousing,SSIS,0.104,0.285,complements
Agile / Scrum,Figma,0.104,0.195,complements
Jenkins,MySQL,0.104,0.174,complements
Bash,VMware,0.104,0.275,complements
DynamoDB,TypeScript,0.104,0.181,complements
CISSP,Windows,0.104,0.24,complements
BigQuery,Data Pipeline,0.103,0.379,complements
Elasticsearch,Hadoop,0.103,0.491,complements
Agile / Scrum,Prototyping,0.103,0.241,complements
Linux,Unit Testing,0.103,0.084,complements
Agile / Scrum,Data Modeling,0.103,0.21,complements
ETL,Oracle,0.103,0.344,complements
GitHub,Linux,0.103,0.318,complements
ArgoCD,Kubernetes,0.103,0.527,complements
Kanban,SQL,0.103,0.124,complements
MySQL,Terraform,0.103,0.177,complements
NLP,Scala,0.103,0.172,complements
GCP,REST API,0.103,0.272,complements
CI/CD,Confluence,0.103,0.316,complements
Alteryx,Data Analysis,0.103,0.311,complements
AWS,Elasticsearch,0.103,0.316,complements
MLflow,SageMaker,0.103,0.564,complements
DynamoDB,REST API,0.103,0.239,complements
BigQuery,Snowflake,0.103,0.923,substitutes
Software Architecture,Unit Testing,0.103,0.377,complements
Elasticsearch,MySQL,0.103,0.39,complements
MySQL,REST API,0.103,0.227,complements
Data Visualization,NLP,0.102,0.147,complements
Git,Oracle,0.102,0.235,complements
HTML,Oracle,0.102,0.213,complements
Big Data,Databricks,0.102,0.485,complements
Airflow,Prefect,0.102,0.914,substitutes
Azure,Cybersecurity,0.102,0.254,complements
Big Data,NLP,0.102,0.177,complements
PyTorch,Scala,0.102,0.154,complements
Hadoop,NLP,0.102,0.121,complements
Prometheus,Python,0.102,0.298,complements
CISSP,Splunk,0.102,0.228,complements
JavaScript,Kanban,0.102,0.256,complements
GCP,Prometheus,0.102,0.345,complements
Data Governance,Looker,0.102,0.283,complements
Angular,Kafka,0.102,0.171,complements
Docker,Splunk,0.102,0.142,complements
Airflow,Data Governance,0.102,0.136,complements
Java,Kanban,0.101,0.22,complements
Jenkins,Kanban,0.101,0.298,complements
Java,Redis,0.101,0.32,complements
Azure,CISSP,0.101,0.245,complements
Bash,GCP,0.101,0.254,complements
Git,XML,0.101,0.364,complements
PyTorch,SageMaker,0.101,0.428,complements
GraphQL,JSON,0.101,0.44,complements
Big Data,MySQL,0.101,0.229,complements
Scala,TensorFlow,0.101,0.154,complements
Git,Kafka,0.101,0.321,complements
Looker,Power BI,0.101,0.855,substitutes
Hadoop,Linux,0.101,0.25,complements
Azure,Data Governance,0.101,0.287,complements
AWS,Splunk,0.101,0.31,complements
Data Analysis,Risk Management,0.101,0.285,complements
CSS,Python,0.101,0.314,complements
Microservices,Spark,0.101,0.338,complements
AWS,Windows,0.1,0.501,complements
DynamoDB,Java,0.1,0.256,complements
Looker,Snowflake,0.1,0.497,complements
Airflow,Cassandra,0.1,0.259,complements
Elasticsearch,JavaScript,0.1,0.303,complements
AWS,Oracle,0.1,0.266,complements
Elasticsearch,Python,0.1,0.344,complements
Incident Response,Windows,0.1,0.087,complements
C++,Confluence,0.1,0.228,complements
Java,Swift,0.1,0.438,complements
Data Governance,Informatica,0.1,0.323,complements
Data Pipeline,TensorFlow,0.1,0.115,complements
JavaScript,Software Architecture,0.1,0.327,complements
Agile / Scrum,Terraform,0.1,0.221,complements
Jira,ServiceNow,0.099,0.392,complements
Looker,R,0.099,0.353,complements
Go,MySQL,0.099,0.319,complements
NLP,Vector Databases,0.099,0.327,complements
CI/CD,Redis,0.099,0.177,complements
Microservices,Snowflake,0.099,0.178,complements
Node.js,Terraform,0.099,0.279,complements
SQL,dbt,0.099,0.496,complements
ETL,Helm,0.099,0.192,complements
AWS,PyTorch,0.099,0.083,complements
DevOps,JSON,0.099,0.26,complements
Grafana,Python,0.099,0.338,complements
NLP,XGBoost,0.099,0.316,complements
Big Data,Flink,0.098,0.34,complements
DynamoDB,NoSQL,0.098,0.66,complements
Agile / Scrum,Swift,0.098,0.19,complements
CI/CD,GraphQL,0.098,0.158,complements
Data Pipeline,NoSQL,0.098,0.276,complements
BigQuery,Data Warehousing,0.098,0.363,complements
GitLab,Java,0.098,0.271,complements
PostgreSQL,Snowflake,0.098,0.414,complements
MongoDB,Spring,0.098,0.228,complements
Active Directory,Cybersecurity,0.098,0.396,complements
MATLAB,R,0.098,0.567,complements
Helm,Snowflake,0.098,0.184,complements
HTML,Jenkins,0.098,0.147,complements
Machine Learning,Microservices,0.098,0.113,complements
Fivetran,Informatica,0.098,0.612,complements
CI/CD,Machine Learning,0.098,0.285,complements
AWS,Prometheus,0.098,0.345,complements
Grafana,Kafka,0.098,0.323,complements
.NET,Jira,0.098,0.358,complements
Agile / Scrum,Distributed Systems,0.098,0.376,complements
A/B Testing,Python,0.098,0.053,complements
Angular,DynamoDB,0.098,0.199,complements
ETL,Redshift,0.098,0.243,complements
Ansible,Java,0.098,0.352,complements
Ansible,Unix,0.098,0.351,complements
SQL,Terraform,0.098,0.219,complements
.NET,JSON,0.097,0.28,complements
Elasticsearch,Spark,0.097,0.533,complements
GitHub,Microservices,0.097,0.252,complements
Datadog,Jenkins,0.097,0.325,complements
Agile / Scrum,Data Visualization,0.097,0.208,complements
DynamoDB,Redis,0.097,0.588,complements
Python,VMware,0.097,0.204,complements
Azure,PyTorch,0.097,0.083,complements
Microservices,Terraform,0.097,0.56,complements
Java,jQuery,0.097,0.209,complements
Azure,XML,0.097,0.293,complements
Jupyter,PyTorch,0.097,0.139,complements
Elasticsearch,Jenkins,0.097,0.287,complements
Cassandra,Spring Boot,0.097,0.285,complements
Google Analytics,Tableau,0.097,0.355,complements
Kafka,Node.js,0.097,0.203,complements
DynamoDB,React,0.097,0.181,complements
MLflow,NLP,0.097,0.317,complements
DynamoDB,Terraform,0.097,0.256,complements
MySQL,Spring,0.096,0.222,complements
GitLab,Ruby,0.096,0.346,complements
CI/CD,Kotlin,0.096,0.286,complements
Data Pipeline,Looker,0.096,0.296,complements
DevOps,MongoDB,0.096,0.082,complements
MySQL,Unit Testing,0.096,0.154,complements
GitHub,Unit Testing,0.096,0.296,complements
Excel,SAS,0.096,0.574,complements
Agile / Scrum,Cassandra,0.096,0.145,complements
C#,SSIS,0.096,0.337,complements
DynamoDB,Microservices,0.096,0.248,complements
AWS,Datadog,0.096,0.283,complements
CI/CD,CSS,0.095,0.227,complements
Datadog,Redis,0.095,0.166,complements
MongoDB,Oracle,0.095,0.44,complements
GitHub,REST API,0.095,0.151,complements
Cybersecurity,Linux,0.095,0.344,complements
Distributed Systems,Scala,0.095,0.428,complements
AWS,JSON,0.095,0.266,complements
Hadoop,Unix,0.095,0.194,complements
MongoDB,Redshift,0.095,0.404,complements
MongoDB,Snowflake,0.095,0.456,complements
Python,Software Architecture,0.095,0.305,complements
DevOps,Kafka,0.094,0.292,complements
CI/CD,Software Architecture,0.094,0.444,complements
Ansible,Windows,0.094,0.367,complements
Active Directory,ServiceNow,0.094,0.408,complements
Swift,Unit Testing,0.094,0.23,complements
Cassandra,Unix,0.094,0.192,complements
Ruby,SQL,0.094,0.417,complements
C++,GCP,0.094,0.215,complements
BigQuery,GCP,0.094,0.404,complements
Linux,PostgreSQL,0.094,0.391,complements
DevOps,TypeScript,0.094,0.182,complements
Azure,SSIS,0.094,0.129,complements
Google Analytics,Salesforce,0.094,0.224,complements
Deep Learning,GCP,0.094,0.051,complements
MySQL,jQuery,0.094,0.234,complements
ETL,R,0.094,0.186,complements
Confluence,JavaScript,0.094,0.282,complements
Kafka,Unit Testing,0.094,0.02,complements
NLP,scikit-learn,0.094,0.411,complements
GitHub,Redis,0.094,0.182,complements
Oracle,Python,0.094,0.443,complements
CI/CD,MySQL,0.094,0.158,complements
Elasticsearch,Flink,0.094,0.471,complements
Agile / Scrum,GitLab,0.094,0.18,complements
Unit Testing,XML,0.094,0.271,complements
Machine Learning,MySQL,0.094,0.227,complements
Big Data,DevOps,0.094,0.282,complements
Go,Prometheus,0.094,0.296,complements
JSON,Spring Boot,0.093,0.297,complements
C++,DevOps,0.093,0.447,complements
Microservices,Software Architecture,0.093,0.372,complements
AWS,Data Modeling,0.093,0.226,complements
Agile / Scrum,Risk Management,0.093,0.204,complements
Informatica,Oracle,0.093,0.436,complements
Git,Prometheus,0.093,0.411,complements
Linear,PyTorch,0.093,0.104,complements
Agile / Scrum,Unix,0.093,0.153,complements
Go,PostgreSQL,0.093,0.319,complements
Databricks,Hadoop,0.093,0.575,complements
Jira,NoSQL,0.093,0.089,complements
Risk Management,Stakeholder Mgmt,0.093,0.353,complements
Git,Machine Learning,0.093,0.232,complements
C++,Unit Testing,0.093,0.349,complements
HTML,Jira,0.093,0.176,complements
.NET,Java,0.093,0.496,complements
Kubernetes,Unix,0.093,0.245,complements
GraphQL,XML,0.093,0.439,complements
JSON,Unit Testing,0.093,0.257,complements
Confluence,NoSQL,0.093,0.194,complements
Data Modeling,Kafka,0.092,0.227,complements
Kubernetes,Unit Testing,0.092,0.099,complements
DynamoDB,JavaScript,0.092,0.235,complements
Distributed Systems,Machine Learning,0.092,0.28,complements
.NET,AWS,0.092,0.214,complements
Linux,Machine Learning,0.092,0.054,complements
Jira,Windows,0.092,0.241,complements
Helm,Spark,0.092,0.25,complements
Go,Grafana,0.092,0.284,complements
PostgreSQL,Spring Boot,0.092,0.214,complements
Node.js,XML,0.092,0.222,complements
Data Modeling,Oracle,0.092,0.545,complements
C++,System Design,0.091,0.39,complements
Hive,R,0.091,0.243,complements
Airflow,Databricks,0.091,0.267,complements
R,TensorFlow,0.091,0.229,complements
DevOps,Software Architecture,0.091,0.578,complements
Flink,Hive,0.091,0.422,complements
JSON,Oracle,0.091,0.409,complements
React,Software Architecture,0.091,0.311,complements
Azure,Data Visualization,0.091,0.219,complements
PostgreSQL,Spring,0.091,0.222,complements
Hadoop,TensorFlow,0.091,0.2,complements
Kanban,NoSQL,0.091,0.095,complements
DevOps,Oracle,0.091,0.271,complements
C#,TypeScript,0.091,0.435,complements
Grafana,Linux,0.091,0.283,complements
DynamoDB,Git,0.091,0.256,complements
Cassandra,Spring,0.091,0.098,complements
Java,TensorFlow,0.09,0.157,complements
Ansible,Datadog,0.09,0.285,complements
Java,PyTorch,0.09,0.157,complements
PHP,Python,0.09,0.575,complements
Grafana,Helm,0.09,0.248,complements
GitHub,PostgreSQL,0.09,0.244,complements
AWS,Databricks,0.09,0.506,complements
Azure,Oracle,0.09,0.266,complements
Angular,Oracle,0.09,0.176,complements
NLP,SQL,0.09,0.131,complements
Airflow,Machine Learning,0.09,0.173,complements
.NET,XML,0.09,0.3,complements
Data Warehousing,Looker,0.09,0.399,complements
Machine Learning,XGBoost,0.09,0.369,complements
Go,Jenkins,0.09,0.406,complements
Angular,GitHub,0.09,0.197,complements
Redshift,dbt,0.09,0.573,complements
SQL,Spring Boot,0.09,0.114,complements
MLflow,Python,0.09,0.232,complements
Linux,Rust,0.089,0.42,complements
Helm,Prometheus,0.089,0.256,complements
A/B Testing,Machine Learning,0.089,0.232,complements
Agile / Scrum,jQuery,0.089,-0.049,complements
Node.js,Spring,0.089,0.319,complements
ClickHouse,Prometheus,0.089,0.305,complements
GCP,Kanban,0.089,0.226,complements
Azure,Prometheus,0.089,0.345,complements
Azure,Confluence,0.089,0.244,complements
Cassandra,Jenkins,0.089,0.166,complements
Jenkins,jQuery,0.089,0.183,complements
CSS,Jenkins,0.089,0.168,complements
Data Analysis,NLP,0.089,0.268,complements
CI/CD,Data Pipeline,0.089,0.228,complements
Confluence,GitLab,0.089,0.299,complements
C,C#,0.089,0.561,complements
Data Analysis,NoSQL,0.089,0.202,complements
CI/CD,Windows,0.089,0.27,complements
Data Visualization,Hive,0.089,0.184,complements
Docker,Flask,0.089,0.27,complements
C#,GitHub,0.088,0.195,complements
Cassandra,Data Pipeline,0.088,0.157,complements
Azure,C++,0.088,0.215,complements
Helm,Jenkins,0.088,0.456,complements
MongoDB,Spring Boot,0.088,0.308,complements
Python,Rust,0.088,0.437,complements
Jenkins,Redis,0.088,0.171,complements
Git,Kotlin,0.088,0.357,complements
Deep Learning,Fine-tuning,0.088,0.454,complements
Azure,Jupyter,0.088,0.197,complements
Data Pipeline,Tableau,0.088,0.319,complements
DevOps,MySQL,0.088,0.149,complements
Spring Boot,XML,0.088,0.303,complements
C#,Microservices,0.088,0.354,complements
AWS,ETL,0.088,0.228,complements
Java,Windows,0.088,0.357,complements
DynamoDB,SQL,0.087,0.436,complements
C++,Jenkins,0.087,0.285,complements
JSON,TypeScript,0.087,0.294,complements
Git,Redis,0.087,0.347,complements
CSS,Jira,0.087,0.213,complements
Linux,REST API,0.087,0.307,complements
Airflow,MongoDB,0.087,0.188,complements
Kanban,Python,0.087,0.291,complements
Linux,Prometheus,0.087,0.287,complements
Pandas,scikit-learn,0.087,0.425,complements
C,System Design,0.087,0.323,complements
Elasticsearch,React,0.087,0.202,complements
NoSQL,Unix,0.087,0.182,complements
GitHub,Grafana,0.087,0.183,complements
Agile / Scrum,Hive,0.087,0.072,complements
Docker,Software Architecture,0.087,0.2,complements
Data Modeling,Statistical Analysis,0.086,0.44,complements
Alteryx,Data Visualization,0.086,0.609,complements
DevOps,jQuery,0.086,0.107,complements
.NET,CI/CD,0.086,0.407,complements
Confluence,REST API,0.086,0.216,complements
Redis,SQL,0.086,0.406,complements
HTML,Prototyping,0.086,0.158,complements
JSON,React,0.086,0.262,complements
Docker,Kanban,0.086,0.187,complements
Data Analysis,Looker,0.086,0.257,complements
PyTorch,R,0.086,0.229,complements
Data Warehousing,dbt,0.086,0.459,complements
Distributed Systems,SQL,0.086,0.157,complements
CSS,Kanban,0.086,0.276,complements
Agile / Scrum,Databricks,0.086,0.088,complements
Jenkins,XML,0.086,0.271,complements
Hadoop,PostgreSQL,0.086,0.211,complements
Data Pipeline,Power BI,0.086,0.322,complements
CSS,Prototyping,0.086,0.172,complements
ETL,Machine Learning,0.086,0.371,complements
GitHub,Node.js,0.086,0.196,complements
Kubernetes,Software Architecture,0.086,0.193,complements
Splunk,Unix,0.086,0.282,complements
CI/CD,Datadog,0.086,0.262,complements
Azure,GitLab,0.086,0.351,complements
Pandas,SQL,0.085,0.343,complements
PowerShell,Splunk,0.085,0.203,complements
AWS,Data Visualization,0.085,0.219,complements
Data Pipeline,PostgreSQL,0.085,0.22,complements
DevOps,Spark,0.085,0.291,complements
DevOps,Splunk,0.085,0.185,complements
Agile / Scrum,Salesforce,0.085,0.218,complements
HTML,Kanban,0.085,0.171,complements
Agile / Scrum,Redshift,0.085,0.095,complements
Data Modeling,NoSQL,0.085,0.448,complements
Power BI,Spark,0.085,0.364,complements
Figma,TypeScript,0.085,0.33,complements
Big Data,Microservices,0.085,0.262,complements
MongoDB,Scala,0.085,0.374,complements
C,Rust,0.085,0.736,complements
Linux,Spark,0.085,0.353,complements
Data Modeling,Hive,0.085,0.364,complements
Deep Learning,Spark,0.085,0.295,complements
JSON,Microservices,0.085,0.337,complements
GraphQL,PostgreSQL,0.085,0.514,complements
AWS,Django,0.085,0.355,complements
Django,Docker,0.084,0.236,complements
C++,Distributed Systems,0.084,0.452,complements
DynamoDB,Jenkins,0.084,0.203,complements
JavaScript,Kafka,0.084,0.303,complements
Pandas,Superset,0.084,0.412,complements
GraphQL,Unit Testing,0.084,0.157,complements
MySQL,Unix,0.084,0.184,complements
Datadog,DevOps,0.084,0.259,complements
AWS,Software Architecture,0.084,0.226,complements
Go,Unix,0.084,0.382,complements
Git,Windows,0.084,0.333,complements
HTML,Linux,0.084,0.233,complements
GCP,Unix,0.083,0.29,complements
Django,MongoDB,0.083,0.317,complements
ETL,Kafka,0.083,0.332,complements
Terraform,Unix,0.083,0.347,complements
AWS Security,Incident Response,0.083,0.352,complements
DevOps,Unix,0.083,0.385,complements
Java,NLP,0.083,0.12,complements
Big Data,Distributed Systems,0.083,0.48,complements
Airflow,CI/CD,0.083,0.219,complements
ArgoCD,Bash,0.083,0.222,complements
Git,Software Architecture,0.083,0.33,complements
Java,R,0.083,0.378,complements
CSS,Vue,0.083,0.473,complements
Azure,MLflow,0.083,0.197,complements
Scala,Unix,0.083,0.398,complements
Flask,React,0.083,0.447,complements
Agile / Scrum,Windows,0.083,0.088,complements
Jira,React,0.083,0.143,complements
Data Analysis,MATLAB,0.083,0.015,complements
Confluence,GCP,0.083,0.244,complements
Agile / Scrum,Data Pipeline,0.083,0.127,complements
Cassandra,Node.js,0.083,0.158,complements
Cassandra,React,0.082,0.107,complements
Distributed Systems,GCP,0.082,0.311,complements
Oracle,Unit Testing,0.082,0.122,complements
Data Pipeline,Flink,0.082,0.435,complements
CSS,Oracle,0.082,0.168,complements
GCP,MLflow,0.082,0.197,complements
Terraform,Windows,0.082,0.349,complements
GCP,GitLab,0.082,0.351,complements
GCP,Jira,0.082,0.188,complements
Bash,Datadog,0.082,0.164,complements
AWS,Grafana,0.082,0.271,complements
Data Analysis,Pandas,0.082,0.274,complements
Docker,PyTorch,0.082,0.138,complements
C++,NoSQL,0.082,0.135,complements
Data Visualization,Google Analytics,0.082,0.276,complements
Bash,SQL,0.082,0.271,complements
Data Modeling,Scala,0.082,0.28,complements
AWS,XML,0.082,0.293,complements
CI/CD,XML,0.082,0.196,complements
Distributed Systems,Spark,0.082,0.428,complements
Hadoop,PyTorch,0.082,0.2,complements
Prometheus,Rust,0.082,0.167,complements
ArgoCD,Docker,0.081,0.423,complements
Linear,NLP,0.081,0.103,complements
Node.js,PHP,0.081,0.61,complements
DynamoDB,Elasticsearch,0.081,0.403,complements
Datadog,Python,0.081,0.249,complements
PHP,REST API,0.081,0.55,complements
Flask,MongoDB,0.081,0.364,complements
Hadoop,Power BI,0.081,0.218,complements
JavaScript,Redis,0.081,0.38,complements
React,Terraform,0.081,0.227,complements
Splunk,VMware,0.081,0.295,complements
Pandas,Tableau,0.081,0.382,complements
Data Modeling,Looker,0.081,0.379,complements
TypeScript,Vue,0.081,0.52,complements
DevOps,XML,0.081,0.283,complements
Flink,Java,0.081,0.232,complements
GraphQL,MongoDB,0.081,0.509,complements
Cassandra,Go,0.081,0.173,complements
BigQuery,Data Modeling,0.081,0.405,complements
Azure,jQuery,0.081,0.13,complements
Docker,JSON,0.081,0.191,complements
BigQuery,SQL,0.081,0.414,complements
Elasticsearch,REST API,0.081,0.26,complements
Kafka,Linux,0.081,0.325,complements
C#,PHP,0.081,0.618,complements
Data Analysis,Oracle,0.08,0.229,complements
Hive,Kubernetes,0.08,0.203,complements
Agile / Scrum,Power BI,0.08,0.184,complements
Data Visualization,NoSQL,0.08,0.198,complements
Dagster,Snowflake,0.08,0.479,complements
Power BI,SAP,0.08,0.382,complements
Oracle,Windows,0.08,0.306,complements
Flink,MongoDB,0.08,0.328,complements
Angular,Go,0.08,0.397,complements
Deep Learning,Hugging Face,0.08,0.434,complements
Pandas,XGBoost,0.08,0.484,complements
Azure,Unix,0.08,0.29,complements
DynamoDB,Spring Boot,0.08,0.27,complements
Data Analysis,GCP,0.08,0.12,complements
Svelte,Vue,0.08,0.732,complements
Ansible,Firewalls,0.08,0.148,complements
MongoDB,Unit Testing,0.08,0.061,complements
CI/CD,Oracle,0.08,0.187,complements
Flink,Scala,0.08,0.409,complements
GCP,NumPy,0.08,0.113,complements
Kubernetes,PyTorch,0.08,0.09,complements
Agile / Scrum,Ansible,0.08,0.31,complements
Datadog,GitHub,0.08,0.175,complements
Data Governance,Kafka,0.079,0.178,complements
JSON,NoSQL,0.079,0.315,complements
Looker,Python,0.079,0.392,complements
Git,Splunk,0.079,0.387,complements
DynamoDB,GCP,0.079,0.433,complements
Data Visualization,Pandas,0.079,0.282,complements
C#,MySQL,0.079,0.309,complements
Flask,PostgreSQL,0.079,0.242,complements
DynamoDB,GitLab,0.079,0.292,complements
Elasticsearch,Terraform,0.079,0.223,complements
Alteryx,Python,0.079,0.457,complements
LangChain,TensorFlow,0.079,0.19,complements
Jenkins,Spark,0.079,0.425,complements
Linux,XML,0.079,0.355,complements
DevOps,Spring Boot,0.079,0.424,complements
DevOps,Distributed Systems,0.079,0.624,complements
Big Data,CI/CD,0.079,0.228,complements
Git,Unix,0.079,0.271,complements
Hive,Terraform,0.079,0.288,complements
C++,Data Analysis,0.079,0.089,complements
JavaScript,Machine Learning,0.079,0.173,complements
Firewalls,PowerShell,0.079,0.051,complements
DynamoDB,Kafka,0.078,0.311,complements
Agile / Scrum,ServiceNow,0.078,0.294,complements
Bash,GitHub,0.078,0.248,complements
GCP,GitHub,0.078,0.284,complements
Django,MySQL,0.078,0.226,complements
JavaScript,Next.js,0.078,0.495,complements
Elasticsearch,Node.js,0.078,0.203,complements
Distributed Systems,Terraform,0.078,0.494,complements
Azure,NumPy,0.078,0.113,complements
C#,Oracle,0.078,0.339,complements
Redis,TypeScript,0.078,0.227,complements
Flask,Redis,0.078,0.171,complements
Databricks,Tableau,0.078,0.253,complements
Firebase,Kotlin,0.078,0.386,complements
Fivetran,Looker,0.078,0.396,complements
Go,VMware,0.078,0.378,complements
JSON,Python,0.078,0.488,complements
AWS,Deep Learning,0.078,0.051,complements
Helm,Python,0.078,0.16,complements
Cybersecurity,VMware,0.078,0.177,complements
Azure,Ruby,0.078,0.217,complements
REST API,Software Architecture,0.078,0.259,complements
GCP,NLP,0.078,0.019,complements
Agile / Scrum,Jupyter,0.078,0.184,complements
Java,PHP,0.078,0.573,complements
Jira,XML,0.078,0.222,complements
AWS,PowerShell,0.078,0.192,complements
Node.js,jQuery,0.078,0.508,complements
Node.js,Spring Boot,0.078,0.427,complements
REST API,Vue,0.078,0.498,complements
Data Analysis,SAP,0.078,0.188,complements
Cassandra,Unit Testing,0.077,-0.022,complements
Data Visualization,Redshift,0.077,0.28,complements
Data Pipeline,DevOps,0.077,0.304,complements
DynamoDB,Python,0.077,0.249,complements
C#,Kubernetes,0.077,0.166,complements
Python,dbt,0.077,0.359,complements
Git,Spark,0.077,0.228,complements
Distributed Systems,JavaScript,0.077,0.432,complements
DynamoDB,Redshift,0.077,0.445,complements
REST API,Swift,0.077,0.271,complements
.NET,Oracle,0.077,0.211,complements
Agile / Scrum,User Research,0.077,0.223,complements
C#,MongoDB,0.077,0.237,complements
HTML,Spring Boot,0.077,0.214,complements
SSIS,dbt,0.077,0.558,complements
Deep Learning,R,0.077,0.155,complements
PowerShell,SQL,0.077,0.228,complements
PostgreSQL,Ruby,0.077,0.343,complements
REST API,Redis,0.077,0.294,complements
Data Warehousing,Oracle,0.077,0.4,complements
Data Warehousing,Microservices,0.077,0.189,complements
LLMs / GenAI,Spark,0.077,0.17,complements
Agile / Scrum,ETL,0.077,0.184,complements
JSON,Jira,0.077,0.204,complements
Azure,Deep Learning,0.077,0.051,complements
GitHub,HTML,0.077,0.15,complements
Unix,XML,0.077,0.333,complements
Azure,GraphQL,0.076,0.261,complements
Data Modeling,Java,0.076,0.341,complements
Jira,Oracle,0.076,0.219,complements
Databricks,Redshift,0.076,0.456,complements
Java,Tableau,0.076,0.337,complements
Kanban,React,0.076,0.133,complements
Azure,Dynamics 365,0.076,0.329,complements
Confluence,PostgreSQL,0.076,0.309,complements
Data Visualization,Databricks,0.076,0.161,complements
Docker,TensorFlow,0.076,0.138,complements
Jira,Microservices,0.076,0.276,complements
GCP,Jupyter,0.076,0.197,complements
Kanban,Kubernetes,0.076,0.35,complements
C++,Linear,0.076,0.333,complements
Azure,Pandas,0.076,0.075,complements
AWS,NLP,0.076,0.019,complements
Excel,Python,0.076,0.399,complements
GCP,Ruby,0.076,0.217,complements
Big Data,Power BI,0.076,0.233,complements
Agile / Scrum,Tableau,0.076,0.158,complements
Firewalls,Linux,0.075,0.227,complements
JavaScript,Windows,0.075,0.586,complements
LangChain,Machine Learning,0.075,0.418,complements
JSON,Linux,0.075,0.402,complements
Distributed Systems,Redis,0.075,0.238,complements
React,XML,0.075,0.343,complements
Jira,Node.js,0.075,0.16,complements
Airflow,GCP,0.075,0.2,complements
Airflow,Java,0.075,0.286,complements
ClickHouse,Jupyter,0.075,0.259,complements
SQL,Salesforce,0.075,0.196,complements
HTML,Vue,0.075,0.403,complements
Big Data,Kubernetes,0.075,0.283,complements
CI/CD,Cassandra,0.075,0.042,complements
Agile / Scrum,Bash,0.075,0.186,complements
Docker,Hive,0.075,0.075,complements
Data Analysis,Deep Learning,0.075,0.228,complements
Data Analysis,Databricks,0.075,0.259,complements
NoSQL,Terraform,0.075,0.187,complements
Hugging Face,TensorFlow,0.075,0.478,complements
Azure,Distributed Systems,0.075,0.311,complements
Jira,Salesforce,0.075,0.275,complements
BigQuery,Python,0.075,0.375,complements
Pandas,R,0.075,0.429,complements
GCP,Pandas,0.075,0.075,complements
Hadoop,Terraform,0.075,0.282,complements
Kafka,Prometheus,0.074,0.339,complements
PostgreSQL,Scala,0.074,0.341,complements
C++,GitLab,0.074,0.281,complements
Angular,Jira,0.074,0.113,complements
Linux,Software Architecture,0.074,0.339,complements
CSS,User Research,0.074,0.305,complements
C++,Unix,0.074,0.348,complements
GitHub,Spring,0.074,0.225,complements
TypeScript,XML,0.074,0.351,complements
Hive,PostgreSQL,0.074,0.535,complements
Looker,Spark,0.074,0.425,complements
Hadoop,Informatica,0.074,0.324,complements
NumPy,XGBoost,0.074,0.276,complements
Confluence,HTML,0.074,0.309,complements
C#,Docker,0.074,0.26,complements
BigQuery,Spark,0.074,0.533,complements
Bash,Hadoop,0.074,0.242,complements
BigQuery,Tableau,0.074,0.42,complements
CSS,Confluence,0.074,0.315,complements
Kanban,Unit Testing,0.074,0.206,complements
Elasticsearch,Microservices,0.074,0.226,complements
C#,Software Architecture,0.074,0.383,complements
Data Analysis,Jira,0.074,0.236,complements
Alteryx,Machine Learning,0.074,0.264,complements
MATLAB,Machine Learning,0.074,0.146,complements
CI/CD,Elasticsearch,0.074,0.126,complements
Informatica,MuleSoft,0.074,0.683,complements
Databricks,Informatica,0.074,0.413,complements
CISSP,OWASP,0.074,0.447,complements
Data Governance,NoSQL,0.074,0.275,complements
Kubernetes,Windows,0.074,0.305,complements
Node.js,Vue,0.074,0.444,complements
Jenkins,Windows,0.074,0.255,complements
C#,Node.js,0.074,0.332,complements
Agile / Scrum,Ruby,0.074,0.208,complements
Docker,GraphQL,0.074,0.118,complements
Git,GraphQL,0.074,0.235,complements
Jira,Stakeholder Mgmt,0.073,0.395,complements
Data Analysis,Scala,0.073,0.234,complements
Hive,Unix,0.073,0.17,complements
Firewalls,Splunk,0.073,0.314,complements
Ansible,Helm,0.073,0.547,complements
Kubernetes,TensorFlow,0.073,0.09,complements
MySQL,Spring Boot,0.073,0.214,complements
GCP,Splunk,0.073,0.31,complements
Grafana,PostgreSQL,0.073,0.271,complements
Go,Windows,0.073,0.469,complements
C#,Linux,0.073,0.369,complements
Airflow,Flink,0.073,0.406,complements
Django,JavaScript,0.073,0.613,complements
JSON,MySQL,0.073,0.429,complements
Stakeholder Mgmt,User Research,0.073,0.264,complements
CI/CD,Databricks,0.073,0.083,complements
Cassandra,Grafana,0.073,0.182,complements
Distributed Systems,Node.js,0.073,0.346,complements
Agile / Scrum,Data Governance,0.073,0.233,complements
PostgreSQL,Unit Testing,0.073,0.154,complements
Azure,Incident Response,0.073,0.115,complements
Agile / Scrum,Elasticsearch,0.073,0.111,complements
Redshift,Unix,0.073,0.114,complements
Kanban,REST API,0.073,0.216,complements
AWS,CISSP,0.073,0.245,complements
GraphQL,Kubernetes,0.072,0.121,complements
GitHub,Kanban,0.072,0.17,complements
AWS,Kotlin,0.072,0.241,complements
CISSP,GCP,0.072,0.245,complements
Cybersecurity,Python,0.072,0.143,complements
Firebase,Google Analytics,0.072,0.243,complements
ArgoCD,GitHub,0.072,0.515,complements
Data Governance,Scala,0.072,0.159,complements
CI/CD,Unix,0.072,0.303,complements
Django,Pandas,0.072,0.344,complements
Angular,Software Architecture,0.072,0.225,complements
Risk Management,SIEM,0.072,0.361,complements
JavaScript,Salesforce,0.072,0.204,complements
Data Analysis,Prototyping,0.072,0.19,complements
Flink,Python,0.072,0.349,complements
Cybersecurity,PowerShell,0.072,0.078,complements
Kanban,Machine Learning,0.072,0.227,complements
HTML,Software Architecture,0.072,0.365,complements
Looker,Prefect,0.072,0.381,complements
Prototyping,Stakeholder Mgmt,0.072,0.119,complements
Deep Learning,LangChain,0.072,0.156,complements
Ansible,PostgreSQL,0.072,0.163,complements
Azure,Tableau,0.072,0.224,complements
Java,System Design,0.072,0.36,complements
GitLab,JavaScript,0.072,0.303,complements
Big Data,MongoDB,0.072,0.351,complements
Docker,Oracle,0.072,0.079,complements
Excel,SAP,0.072,0.311,complements
.NET,Windows,0.072,0.269,complements
AWS,Cybersecurity,0.072,0.254,complements
Data Visualization,Stakeholder Mgmt,0.072,0.161,complements
R,Scala,0.072,0.494,complements
Kotlin,React,0.071,0.353,complements
BigQuery,Data Visualization,0.071,0.246,complements
CI/CD,System Design,0.071,0.478,complements
Spring Boot,Unit Testing,0.071,0.146,complements
Big Data,REST API,0.071,0.13,complements
GitHub,NoSQL,0.071,0.114,complements
Machine Learning,scikit-learn,0.071,0.342,complements
Databricks,DevOps,0.071,0.135,complements
Bash,PostgreSQL,0.071,0.216,complements
C#,Ruby,0.071,0.475,complements
Databricks,Kafka,0.071,0.412,complements
AWS,Data Governance,0.071,0.287,complements
Data Analysis,Google Analytics,0.071,0.215,complements
Python,System Design,0.071,0.27,complements
Flink,Kubernetes,0.071,0.34,complements
MongoDB,dbt,0.071,0.355,complements
Airflow,Apache Iceberg,0.071,0.267,complements
Tableau,dbt,0.071,0.413,complements
Spark,Unix,0.071,0.231,complements
Agile / Scrum,System Design,0.071,0.457,complements
ETL,Hive,0.071,0.31,complements
AWS,Tableau,0.071,0.224,complements
Active Directory,CISSP,0.071,0.297,complements
Redshift,Unit Testing,0.071,0.065,complements
Jira,Kotlin,0.071,0.257,complements
JSON,MongoDB,0.071,0.417,complements
Databricks,GCP,0.071,0.506,complements
Data Analysis,DevOps,0.07,0.195,complements
Datadog,GitLab,0.07,0.221,complements
Software Architecture,System Design,0.07,0.669,complements
SQL,Software Architecture,0.07,0.217,complements
Elasticsearch,SQL,0.07,0.403,complements
DevOps,Power BI,0.07,0.305,complements
Penetration Testing,Windows,0.07,0.294,complements
Power BI,Salesforce,0.07,0.303,complements
Scala,Unit Testing,0.07,0.267,complements
SQL,Stakeholder Mgmt,0.07,0.047,complements
Kafka,Unix,0.07,0.236,complements
Azure,Grafana,0.07,0.271,complements
Python,SageMaker,0.07,0.287,complements
GitHub,Spring Boot,0.07,0.287,complements
Linux,MongoDB,0.07,0.279,complements
Jenkins,PowerShell,0.07,0.429,complements
Active Directory,Incident Response,0.07,0.15,complements
Datadog,DynamoDB,0.07,0.221,complements
JavaScript,Prototyping,0.07,0.101,complements
GitHub,Kotlin,0.069,0.254,complements
Angular,Elasticsearch,0.069,0.212,complements
Flask,Pandas,0.069,0.376,complements
Data Analysis,Salesforce,0.069,0.182,complements
React,Svelte,0.069,0.703,complements
Go,Machine Learning,0.069,0.102,complements
A/B Testing,ETL,0.069,0.187,complements
Jira,Risk Management,0.069,0.35,complements
Risk Management,Splunk,0.069,0.137,complements
Confluence,Windows,0.069,0.279,complements
CSS,GCP,0.069,0.203,complements
Risk Management,Windows,0.069,0.112,complements
AWS,Flask,0.069,0.274,complements
Cybersecurity,Data Analysis,0.069,0.152,complements
Data Visualization,dbt,0.069,0.207,complements
C++,Ruby,0.069,0.475,complements
Bash,C++,0.069,0.431,complements
Distributed Systems,Hadoop,0.069,0.343,complements
Flask,REST API,0.069,0.49,complements
CISSP,Linux,0.069,0.163,complements
Oracle,Tableau,0.069,0.376,complements
CSS,Linux,0.069,0.245,complements
Airflow,Superset,0.069,0.436,complements
CI/CD,Rust,0.069,0.337,complements
Git,Hadoop,0.069,0.228,complements
Azure,DynamoDB,0.069,0.433,complements
HTML,User Research,0.069,0.253,complements
AWS,PHP,0.069,0.374,complements
CSS,GitHub,0.069,0.201,complements
Google Analytics,Power BI,0.069,0.396,complements
Deep Learning,Java,0.069,0.082,complements
Go,Hadoop,0.069,0.213,complements
GraphQL,Redis,0.069,0.441,complements
SSIS,Snowflake,0.069,0.396,complements
HTML,Windows,0.069,0.361,complements
GitHub,MongoDB,0.069,0.228,complements
Linear,Python,0.068,0.285,complements
Datadog,MySQL,0.068,0.19,complements
Java,Splunk,0.068,0.282,complements
Active Directory,Splunk,0.068,0.357,complements
CI/CD,Scala,0.068,0.266,complements
ArgoCD,CI/CD,0.068,0.363,complements
Kanban,Linux,0.068,0.258,complements
Incident Response,PowerShell,0.068,0.16,complements
Django,Kubernetes,0.068,0.219,complements
.NET,Microservices,0.068,0.332,complements
R,scikit-learn,0.068,0.451,complements
Penetration Testing,Splunk,0.068,0.264,complements
C#,PostgreSQL,0.068,0.309,complements
Kafka,Oracle,0.068,0.282,complements
GitHub,Prometheus,0.068,0.178,complements
GraphQL,Kafka,0.068,0.28,complements
DevOps,Hadoop,0.068,0.231,complements
GitHub,ServiceNow,0.068,0.236,complements
Elasticsearch,Hive,0.068,0.539,complements
Oracle,SAP,0.068,0.43,complements
AWS,VMware,0.068,0.546,complements
Linux,Spring,0.068,0.34,complements
Data Analysis,Hive,0.068,0.381,complements
Hadoop,Jenkins,0.068,0.287,complements
DevOps,DynamoDB,0.068,0.101,complements
Data Warehousing,MongoDB,0.068,0.407,complements
Informatica,Tableau,0.068,0.439,complements
GraphQL,Microservices,0.067,0.394,complements
Data Analysis,Informatica,0.067,0.241,complements
React,Swift,0.067,0.358,complements
Flask,Git,0.067,0.234,complements
Jira,Swift,0.067,0.263,complements
Flink,NoSQL,0.067,0.272,complements
Distributed Systems,Prometheus,0.067,0.156,complements
Kanban,Microservices,0.067,0.241,complements
Agile / Scrum,NumPy,0.067,-0.018,complements
GitLab,Helm,0.067,0.432,complements
SSIS,Tableau,0.067,0.398,complements
Elasticsearch,Git,0.067,0.331,complements
Airflow,MLflow,0.067,0.255,complements
Linux,Scala,0.067,0.532,complements
Data Governance,Statistical Analysis,0.067,0.216,complements
C#,PowerShell,0.067,0.382,complements
Big Data,Docker,0.067,0.227,complements
Node.js,Ruby,0.067,0.429,complements
Grafana,Rust,0.067,0.178,complements
ETL,Scala,0.067,0.374,complements
FastAPI,NumPy,0.067,0.354,complements
ETL,Java,0.067,0.301,complements
AWS,LLMs / GenAI,0.067,0.157,complements
GraphQL,NoSQL,0.067,0.326,complements
C,Git,0.067,0.37,complements
Cassandra,Linux,0.067,0.304,complements
C++,NLP,0.067,0.113,complements
Python,XML,0.067,0.491,complements
Deep Learning,Hadoop,0.067,0.381,complements
Microsoft Fabric,Spark,0.067,0.548,complements
Data Governance,Hive,0.067,0.204,complements
HTML,Salesforce,0.067,0.153,complements
Elasticsearch,Go,0.067,0.276,complements
DynamoDB,HTML,0.067,0.175,complements
Agile / Scrum,TensorFlow,0.067,0.046,complements
Airflow,MySQL,0.067,0.214,complements
Confluence,Microservices,0.067,0.243,complements
Agile / Scrum,Pandas,0.067,-0.04,complements
LLMs / GenAI,Scala,0.066,0.266,complements
Windows,XML,0.066,0.364,complements
Docker,PHP,0.066,0.242,complements
GitLab,Go,0.066,0.396,complements
Linux,Microservices,0.066,0.431,complements
FastAPI,Pandas,0.066,0.307,complements
Incident Response,Linux,0.066,0.093,complements
Machine Learning,MongoDB,0.066,0.228,complements
Docker,Vue,0.066,0.211,complements
Confluence,React,0.066,0.273,complements
Jira,MongoDB,0.066,0.151,complements
ArgoCD,DevOps,0.066,0.381,complements
CI/CD,Snowflake,0.066,0.085,complements
Big Data,Elasticsearch,0.066,0.31,complements
Data Modeling,Excel,0.066,0.356,complements
Machine Learning,React,0.066,0.172,complements
MySQL,XML,0.066,0.415,complements
Django,Git,0.066,0.259,complements
Data Governance,SSIS,0.066,0.175,complements
LLMs / GenAI,SageMaker,0.066,0.394,complements
Confluence,JSON,0.066,0.358,complements
AWS,Pandas,0.066,0.075,complements
Dynamics 365,Power BI,0.066,0.427,complements
Databricks,SageMaker,0.066,0.463,complements
NumPy,R,0.066,0.482,complements
Agile / Scrum,NLP,0.066,0.025,complements
BigQuery,ETL,0.066,0.219,complements
CISSP,VMware,0.066,0.059,complements
AWS,NumPy,0.066,0.113,complements
Cybersecurity,Zero Trust,0.066,0.56,complements
Jira,PostgreSQL,0.066,0.208,complements
MongoDB,Ruby,0.066,0.377,complements
Grafana,Java,0.066,0.231,complements
C++,HTML,0.066,0.335,complements
PHP,Redis,0.066,0.316,complements
Git,Go,0.065,0.426,complements
Data Pipeline,Microsoft Fabric,0.065,0.372,complements
Hadoop,SAS,0.065,0.144,complements
JSON,Kubernetes,0.065,0.179,complements
Kanban,Kotlin,0.065,0.19,complements
CI/CD,PHP,0.065,0.345,complements
DevOps,Elasticsearch,0.065,0.192,complements
Kafka,Looker,0.065,0.318,complements
MongoDB,Terraform,0.065,0.248,complements
Kubernetes,PowerShell,0.065,0.211,complements
Data Warehousing,Statistical Analysis,0.065,0.368,complements
Pandas,Spark,0.065,0.175,complements
DynamoDB,Spring,0.065,0.181,complements
MongoDB,XML,0.065,0.414,complements
Kubernetes,Oracle,0.065,0.186,complements
Datadog,Go,0.065,0.311,complements
GitHub,Swift,0.065,0.244,complements
SIEM,Windows,0.065,0.312,complements
Data Analysis,Unit Testing,0.065,0.344,complements
Ansible,SQL,0.065,0.177,complements
Kubernetes,Snowflake,0.065,0.257,complements
NLP,NoSQL,0.065,0.003,complements
GitLab,MySQL,0.065,0.264,complements
Java,Rust,0.065,0.464,complements
C#,Jenkins,0.065,0.272,complements
Kafka,Splunk,0.064,0.303,complements
JavaScript,Terraform,0.064,0.425,complements
Airflow,Tableau,0.064,0.433,complements
SageMaker,TensorFlow,0.064,0.428,complements
Software Architecture,TypeScript,0.064,0.157,complements
Hive,Node.js,0.064,0.108,complements
Git,Ruby,0.064,0.357,complements
Data Analysis,Redshift,0.064,0.232,complements
Spark,Unit Testing,0.064,0.093,complements
Oracle,Snowflake,0.064,0.464,complements
ArgoCD,Jenkins,0.064,0.538,complements
Firewalls,Risk Management,0.064,0.201,complements
Jira,Kafka,0.064,0.235,complements
Salesforce,Workday,0.064,0.575,complements
MySQL,Vue,0.064,0.235,complements
REST API,Salesforce,0.064,0.126,complements
Angular,GraphQL,0.064,0.298,complements
JavaScript,Unix,0.064,0.371,complements
C#,NoSQL,0.064,0.206,complements
Data Analysis,TensorFlow,0.064,0.106,complements
Jira,Tableau,0.064,0.347,complements
Elasticsearch,TypeScript,0.064,0.204,complements
Kotlin,Kubernetes,0.064,0.18,complements
Go,Spark,0.064,0.325,complements
Looker,Redshift,0.064,0.519,complements
CI/CD,Hadoop,0.064,0.13,complements
Datadog,PostgreSQL,0.064,0.19,complements
GitHub,JSON,0.064,0.192,complements
Data Visualization,Java,0.064,0.181,complements
Spring Boot,jQuery,0.064,0.206,complements
Confluence,Unit Testing,0.064,0.287,complements
.NET,Vue,0.064,0.421,complements
Data Analysis,PyTorch,0.064,0.106,complements
Cassandra,DevOps,0.064,0.152,complements
Jira,MySQL,0.064,0.208,complements
Data Analysis,JavaScript,0.064,0.153,complements
DevOps,Helm,0.064,0.336,complements
Ansible,Elasticsearch,0.064,0.221,complements
CSS,Spring Boot,0.063,0.208,complements
GitHub,Ruby,0.063,0.296,complements
Cassandra,Oracle,0.063,0.325,complements
Hadoop,Oracle,0.063,0.336,complements
Spark,Terraform,0.063,0.387,complements
Flask,Kubernetes,0.063,0.199,complements
AWS,Flink,0.063,0.318,complements
Data Visualization,SSIS,0.063,0.182,complements
NetSuite,Salesforce,0.063,0.472,complements
DevOps,ServiceNow,0.063,0.375,complements
ClickHouse,Distributed Systems,0.063,0.135,complements
Airflow,SageMaker,0.063,0.207,complements
Agile / Scrum,DynamoDB,0.063,0.101,complements
Angular,Svelte,0.063,0.582,complements
Linux,Node.js,0.063,0.431,complements
Big Data,Linux,0.063,0.292,complements
ClickHouse,Grafana,0.063,0.345,complements
Data Pipeline,MySQL,0.063,0.22,complements
Agile / Scrum,MLflow,0.063,0.142,complements
Dagster,Pandas,0.063,0.228,complements
ClickHouse,Kafka,0.063,0.264,complements
Microservices,XML,0.063,0.345,complements
Excel,Salesforce,0.063,0.204,complements
Data Pipeline,Pandas,0.063,0.269,complements
Jenkins,TypeScript,0.063,0.178,complements
Jira,Spring Boot,0.063,0.234,complements
Azure,NLP,0.063,0.019,complements
MySQL,TypeScript,0.062,0.262,complements
Jira,Spring,0.062,0.311,complements
Deep Learning,Docker,0.062,0.092,complements
Data Modeling,Helm,0.062,0.106,complements
NLP,Prompt Engineering,0.062,0.47,complements
JavaScript,ServiceNow,0.062,0.345,complements
Elasticsearch,Scala,0.062,0.311,complements
ETL,NoSQL,0.062,0.244,complements
Confluence,Node.js,0.062,0.151,complements
Data Pipeline,Fivetran,0.062,0.499,complements
Prefect,Snowflake,0.062,0.403,complements
Incident Response,Zero Trust,0.062,0.194,complements
Microservices,Oracle,0.062,0.237,complements
Data Governance,dbt,0.062,0.379,complements
Incident Response,Prometheus,0.062,0.212,complements
Ansible,MySQL,0.062,0.163,complements
Docker,Snowflake,0.062,0.114,complements
Git,Swift,0.062,0.323,complements
CI/CD,ETL,0.062,0.323,complements
Dagster,Data Pipeline,0.062,0.721,complements
Hive,NLP,0.062,0.136,complements
Angular,Kanban,0.062,0.056,complements
Confluence,Spark,0.062,0.203,complements
Big Data,PyTorch,0.062,0.195,complements
Agile / Scrum,Redis,0.062,0.031,complements
NumPy,scikit-learn,0.062,0.515,complements
GraphQL,Java,0.062,0.438,complements
GCP,Unit Testing,0.062,0.06,complements
Ansible,Jira,0.062,0.465,complements
GraphQL,Kotlin,0.062,0.357,complements
Confluence,Redis,0.062,0.203,complements
Redis,Spring,0.062,0.222,complements
Ansible,Kafka,0.061,0.237,complements
Cybersecurity,GCP,0.061,0.254,complements
NoSQL,Oracle,0.061,0.424,complements
Grafana,Redis,0.061,0.27,complements
JSON,MuleSoft,0.061,0.356,complements
NoSQL,R,0.061,0.032,complements
Data Warehousing,SAS,0.061,0.361,complements
Confluence,Elasticsearch,0.061,0.316,complements
A/B Testing,User Research,0.061,0.304,complements
Data Analysis,NumPy,0.061,0.017,complements
Azure,Software Architecture,0.061,0.226,complements
Databricks,R,0.061,0.234,complements
GitLab,MongoDB,0.061,0.293,complements
Alteryx,Excel,0.061,0.417,complements
Ansible,ArgoCD,0.061,0.471,complements
Hadoop,Node.js,0.061,0.15,complements
Alteryx,Data Governance,0.061,0.238,complements
PostgreSQL,Software Architecture,0.061,0.232,complements
Angular,PHP,0.061,0.501,complements
Data Governance,SAS,0.061,0.195,complements
MuleSoft,REST API,0.061,0.43,complements
Machine Learning,PostgreSQL,0.061,0.227,complements
Cassandra,GitLab,0.061,0.304,complements
Informatica,Power BI,0.061,0.453,complements
Data Pipeline,Kubernetes,0.061,0.29,complements
Informatica,Spark,0.061,0.461,complements
Data Analysis,Kubernetes,0.061,0.074,complements
Oracle,React,0.061,0.128,complements
Python,Spring,0.061,0.356,complements
Docker,Windows,0.061,0.36,complements
Distributed Systems,Software Architecture,0.061,0.552,complements
.NET,Python,0.061,0.448,complements
Data Pipeline,Distributed Systems,0.061,0.293,complements
FastAPI,PostgreSQL,0.061,0.206,complements
Agile / Scrum,R,0.061,0.026,complements
GCP,LLMs / GenAI,0.061,0.157,complements
Data Modeling,Fivetran,0.061,0.477,complements
Redshift,SageMaker,0.061,0.262,complements
Big Data,Deep Learning,0.061,0.423,complements
CI/CD,Data Modeling,0.061,0.189,complements
Databricks,PyTorch,0.061,0.299,complements
C++,Hadoop,0.061,0.229,complements
Data Modeling,GCP,0.061,0.226,complements
Distributed Systems,Linux,0.061,0.435,complements
PostgreSQL,Vue,0.061,0.235,complements
Datadog,Java,0.061,0.259,complements
REST API,Terraform,0.061,0.383,complements
Azure,Spring Boot,0.06,0.365,complements
Databricks,SSIS,0.06,0.231,complements
Elasticsearch,GraphQL,0.06,0.397,complements
Agile / Scrum,Airflow,0.06,0.253,complements
GCP,Grafana,0.06,0.271,complements
Snowflake,Unix,0.06,0.049,complements
PHP,SQL,0.06,0.358,complements
Data Analysis,dbt,0.06,0.216,complements
Linux,React,0.06,0.25,complements
Figma,Jira,0.06,0.31,complements
Data Modeling,Prefect,0.06,0.229,complements
Cassandra,Ruby,0.06,0.214,complements
NumPy,SQL,0.06,0.095,complements
NoSQL,Tableau,0.06,0.165,complements
BigQuery,Hadoop,0.06,0.372,complements
JSON,Windows,0.06,0.359,complements
SQL,Vue,0.06,0.207,complements
Kubernetes,PHP,0.06,0.207,complements
C++,Microservices,0.06,0.265,complements
Salesforce,Tableau,0.06,0.266,complements
Flink,GCP,0.06,0.318,complements
A/B Testing,Amplitude,0.06,0.452,complements
DevOps,Redis,0.06,0.146,complements
CSS,Next.js,0.06,0.426,complements
Data Analysis,Kanban,0.06,0.254,complements
Data Visualization,NumPy,0.06,0.094,complements
Data Pipeline,Superset,0.06,0.306,complements
Data Analysis,System Design,0.06,0.237,complements
Cybersecurity,OWASP,0.06,0.43,complements
Flink,Machine Learning,0.06,0.183,complements
Jenkins,Scala,0.06,0.284,complements
Bash,Helm,0.06,0.23,complements
Alteryx,Data Modeling,0.06,0.364,complements
Data Modeling,DevOps,0.06,0.242,complements
Confluence,Kafka,0.06,0.238,complements
Elasticsearch,Svelte,0.06,0.216,complements
Angular,Redis,0.06,0.09,complements
C,Software Architecture,0.059,0.372,complements
Hive,React,0.059,0.06,complements
Data Visualization,GCP,0.059,0.219,complements
Data Warehousing,DevOps,0.059,0.226,complements
Linux,ServiceNow,0.059,0.292,complements
Distributed Systems,Ruby,0.059,0.281,complements
Git,PowerShell,0.059,0.29,complements
Distributed Systems,Unit Testing,0.059,0.375,complements
Data Modeling,SAS,0.059,0.233,complements
Data Warehousing,Excel,0.059,0.426,complements
Redis,Spark,0.059,0.357,complements
Python,Risk Management,0.059,0.05,complements
ArgoCD,GitLab,0.059,0.655,complements
Bash,MySQL,0.059,0.216,complements
CISSP,PowerShell,0.059,0.314,complements
GCP,Windows,0.059,0.501,complements
DevOps,VMware,0.059,0.349,complements
Distributed Systems,PostgreSQL,0.059,0.187,complements
MLflow,Spark,0.059,0.321,complements
GitLab,SQL,0.059,0.19,complements
Data Visualization,Scala,0.059,0.228,complements
Scala,Tableau,0.059,0.263,complements
.NET,SSIS,0.059,0.343,complements
Kotlin,Microservices,0.059,0.32,complements
A/B Testing,Looker,0.059,0.25,complements
Angular,Confluence,0.059,0.153,complements
Django,Redis,0.059,0.167,complements
Data Pipeline,Docker,0.059,0.282,complements
GitLab,REST API,0.059,0.229,complements
SQL,TensorFlow,0.059,0.042,complements
Jira,Machine Learning,0.059,0.166,complements
Azure,Spring,0.059,0.218,complements
Confluence,Machine Learning,0.059,0.262,complements
MATLAB,System Design,0.059,0.253,complements
Cassandra,Tableau,0.059,0.124,complements
Git,Grafana,0.059,0.389,complements
C++,GitHub,0.058,0.279,complements
Kotlin,Software Architecture,0.058,0.367,complements
Kanban,Node.js,0.058,0.21,complements
Snowflake,Unit Testing,0.058,0.028,complements
FastAPI,Python,0.058,0.337,complements
Go,REST API,0.058,0.42,complements
Linear,R,0.058,0.188,complements
CSS,Salesforce,0.058,0.148,complements
Confluence,Risk Management,0.058,0.247,complements
.NET,Node.js,0.058,0.268,complements
C#,Vue,0.058,0.319,complements
NumPy,Tableau,0.058,0.139,complements
Git,MATLAB,0.058,0.224,complements
DevOps,Scala,0.058,0.321,complements
Confluence,MongoDB,0.058,0.339,complements
Docker,Flink,0.058,0.173,complements
JSON,PostgreSQL,0.058,0.429,complements
Agile / Scrum,Cybersecurity,0.058,0.156,complements
Flink,SQL,0.058,0.27,complements
Distributed Systems,System Design,0.058,0.6,complements
Linux,PHP,0.058,0.468,complements
Data Governance,Flink,0.058,0.151,complements
Power BI,Stakeholder Mgmt,0.058,0.111,complements
Agile / Scrum,Splunk,0.058,0.035,complements
Big Data,Go,0.058,0.246,complements
Linux,MATLAB,0.058,0.28,complements
Databricks,NLP,0.058,0.211,complements
Big Data,TensorFlow,0.058,0.195,complements
Ansible,JavaScript,0.058,0.442,complements
Kubernetes,Pulumi,0.058,0.416,complements
Oracle,Power BI,0.058,0.415,complements
JSON,Unix,0.058,0.356,complements
Data Analysis,Docker,0.058,0.049,complements
Distributed Systems,MySQL,0.058,0.187,complements
Excel,Stakeholder Mgmt,0.057,0.058,complements
GitHub,Windows,0.057,0.168,complements
Prometheus,Redis,0.057,0.358,complements
Distributed Systems,Grafana,0.057,0.234,complements
Airflow,Fivetran,0.057,0.421,complements
Rust,TypeScript,0.057,0.414,complements
Bash,Spark,0.057,0.283,complements
Data Governance,Excel,0.057,0.154,complements
CSS,Go,0.057,0.433,complements
Data Analysis,Linux,0.057,0.099,complements
Node.js,Software Architecture,0.057,0.129,complements
DynamoDB,Oracle,0.057,0.468,complements
C++,Kanban,0.057,0.27,complements
Flask,JavaScript,0.057,0.549,complements
Active Directory,SQL,0.057,0.206,complements
.NET,Dynamics 365,0.057,0.279,complements
Docker,Kotlin,0.057,0.225,complements
Deep Learning,Linux,0.057,0.036,complements
C#,Kanban,0.057,0.186,complements
.NET,GitHub,0.057,0.297,complements
Agile / Scrum,Vue,0.057,0.035,complements
Firebase,React,0.057,0.237,complements
Kafka,Tableau,0.057,0.245,complements
Deep Learning,SQL,0.057,0.08,complements
Azure,R,0.057,0.179,complements
Data Governance,GCP,0.057,0.287,complements
Flink,Snowflake,0.057,0.346,complements
Kubernetes,VMware,0.057,0.475,complements
Elasticsearch,Linux,0.057,0.266,complements
Firebase,Node.js,0.057,0.314,complements
BigQuery,Machine Learning,0.057,0.139,complements
Hive,Looker,0.057,0.307,complements
Data Warehousing,PostgreSQL,0.057,0.258,complements
Kubernetes,Rust,0.057,0.16,complements
Data Analysis,Kafka,0.057,0.144,complements
Big Data,PostgreSQL,0.057,0.229,complements
Incident Response,Python,0.057,0.101,complements
Microsoft Fabric,Power BI,0.057,0.606,complements
MongoDB,Unix,0.057,0.22,complements
A/B Testing,Prototyping,0.057,0.324,complements
Big Data,Statistical Analysis,0.057,0.244,complements
SQL,Splunk,0.056,0.307,complements
Data Analysis,User Research,0.056,0.382,complements
Django,Node.js,0.056,0.442,complements
LangChain,NumPy,0.056,0.175,complements
GraphQL,Swift,0.056,0.272,complements
Ansible,Spring,0.056,0.378,complements
Jira,Software Architecture,0.056,0.35,complements
PostgreSQL,XML,0.056,0.415,complements
Confluence,MySQL,0.056,0.309,complements
Agile / Scrum,PHP,0.056,0.173,complements
SageMaker,Spark,0.056,0.378,complements
PowerShell,Ruby,0.056,0.329,complements
Bash,JavaScript,0.056,0.498,complements
Docker,XML,0.056,0.204,complements
Go,Hive,0.056,0.247,complements
C++,R,0.056,0.521,complements
Machine Learning,Risk Management,0.056,0.18,complements
Jupyter,Spark,0.056,0.263,complements
Data Analysis,Linear,0.056,0.242,complements
Flink,Redshift,0.056,0.345,complements
NoSQL,Software Architecture,0.056,0.198,complements
JavaScript,Rust,0.056,0.524,complements
Stakeholder Mgmt,Tableau,0.056,0.098,complements
C#,Confluence,0.056,0.269,complements
Elasticsearch,Jira,0.056,0.265,complements
SAP,SQL,0.056,0.144,complements
Firebase,GitHub,0.056,0.322,complements
Fine-tuning,Machine Learning,0.056,0.45,complements
Django,REST API,0.056,0.496,complements
Bash,Jira,0.056,0.263,complements
AWS,R,0.056,0.179,complements
Hadoop,Jira,0.056,0.115,complements
Data Pipeline,R,0.056,0.223,complements
Salesforce,XML,0.056,0.268,complements
SAS,Spark,0.056,0.246,complements
GitLab,Oracle,0.056,0.248,complements
SAP,Salesforce,0.056,0.322,complements
C++,React,0.056,0.256,complements
Spark,scikit-learn,0.056,0.331,complements
Confluence,Data Analysis,0.056,0.309,complements
PyTorch,SQL,0.056,0.042,complements
Docker,PowerShell,0.056,0.198,complements
Azure,Zero Trust,0.055,0.294,complements
Deep Learning,Kubernetes,0.055,0.134,complements
Deep Learning,XGBoost,0.055,0.329,complements
CI/CD,Swift,0.055,0.331,complements
.NET,TypeScript,0.055,0.406,complements
Java,Vue,0.055,0.326,complements
Data Visualization,Deep Learning,0.055,0.084,complements
Datadog,GCP,0.055,0.283,complements
Flask,MySQL,0.055,0.242,complements
Apache Iceberg,Spark,0.055,0.431,complements
CSS,Django,0.055,0.425,complements
Machine Learning,Vector Databases,0.055,0.265,complements
Machine Learning,Software Architecture,0.055,0.291,complements
ArgoCD,SageMaker,0.055,0.358,complements
Kanban,Swift,0.055,0.176,complements
JavaScript,Kotlin,0.055,0.62,complements
Data Warehousing,Unix,0.055,0.049,complements
Terraform,TypeScript,0.055,0.253,complements
Data Visualization,TensorFlow,0.055,0.082,complements
Kubernetes,NLP,0.055,0.082,complements
Flask,NumPy,0.055,0.362,complements
Confluence,Spring Boot,0.055,0.25,complements
Big Data,Unit Testing,0.055,0.194,complements
Angular,Django,0.055,0.528,complements
Flask,SQL,0.055,0.231,complements
AWS,Jupyter,0.055,0.197,complements
Big Data,Looker,0.055,0.278,complements
Machine Learning,System Design,0.055,0.304,complements
Terraform,VMware,0.055,0.396,complements
NoSQL,XML,0.055,0.35,complements
Azure,Elasticsearch,0.055,0.316,complements
REST API,Spark,0.055,0.143,complements
Flask,Jenkins,0.055,0.344,complements
Go,Unit Testing,0.055,0.289,complements
HTML,Kafka,0.054,0.17,complements
C++,CSS,0.054,0.345,complements
Datadog,Kotlin,0.054,0.17,complements
Databricks,Java,0.054,0.197,complements
AWS,Vue,0.054,0.113,complements
AWS Security,OWASP,0.054,0.248,complements
Machine Learning,Unix,0.054,0.094,complements
C,Windows,0.054,0.452,complements
AWS,Active Directory,0.054,0.442,complements
Kotlin,Rust,0.054,0.506,complements
NLP,SageMaker,0.054,0.385,complements
Docker,NLP,0.054,0.054,complements
Data Modeling,PostgreSQL,0.054,0.458,complements
Flink,Redis,0.054,0.373,complements
Airflow,Data Analysis,0.054,0.181,complements
LLMs / GenAI,NumPy,0.054,-0.007,complements
Data Visualization,Linear,0.054,0.211,complements
MySQL,Tableau,0.054,0.311,complements
MuleSoft,XML,0.054,0.381,complements
Grafana,PowerShell,0.054,0.272,complements
Informatica,Python,0.054,0.585,complements
Go,PHP,0.054,0.698,complements
CSS,Software Architecture,0.054,0.3,complements
AWS,MLflow,0.054,0.197,complements
Firewalls,Terraform,0.054,0.148,complements
GraphQL,Python,0.054,0.46,complements
Data Pipeline,LLMs / GenAI,0.054,0.205,complements
Confluence,Stakeholder Mgmt,0.054,0.276,complements
MATLAB,Statistical Analysis,0.054,0.269,complements
Jira,jQuery,0.054,0.123,complements
GCP,Tableau,0.054,0.224,complements
Jira,Terraform,0.054,0.334,complements
C++,Spark,0.054,0.318,complements
DevOps,ETL,0.054,0.32,complements
Kotlin,Spring Boot,0.054,0.384,complements
Databricks,Deep Learning,0.054,0.391,complements
Azure,Datadog,0.054,0.283,complements
BigQuery,Kafka,0.054,0.277,complements
GitLab,Microservices,0.054,0.341,complements
Apache Iceberg,Data Pipeline,0.054,0.326,complements
Informatica,SSIS,0.054,0.532,complements
CI/CD,Django,0.054,0.252,complements
Jenkins,Kotlin,0.054,0.156,complements
Data Warehousing,NLP,0.054,0.012,complements
Apache Iceberg,PostgreSQL,0.054,0.403,complements
Bash,Incident Response,0.053,0.097,complements
PostgreSQL,jQuery,0.053,0.234,complements
Kotlin,TypeScript,0.053,0.504,complements
Data Governance,Redshift,0.053,0.299,complements
Hadoop,React,0.053,0.034,complements
Machine Learning,Prompt Engineering,0.053,0.522,complements
AWS Security,Splunk,0.053,0.226,complements
JSON,PHP,0.053,0.384,complements
Big Data,LLMs / GenAI,0.053,0.128,complements
Penetration Testing,SOC 2,0.053,0.326,complements
Spark,Superset,0.053,0.365,complements
DevOps,Rust,0.053,0.375,complements
Active Directory,MCP,0.053,0.269,complements
Google Analytics,R,0.053,0.273,complements
Confluence,Terraform,0.053,0.276,complements
Datadog,Kafka,0.053,0.313,complements
Databricks,Hive,0.053,0.578,complements
A/B Testing,Statistical Analysis,0.053,0.386,complements
Jira,Spark,0.053,0.221,complements
Data Pipeline,NumPy,0.053,0.144,complements
AWS,Rust,0.053,0.2,complements
AWS,Informatica,0.053,0.304,complements
C,Unix,0.053,0.449,complements
DevOps,Snowflake,0.053,0.128,complements
Data Pipeline,MongoDB,0.053,0.25,complements
Burp Suite,Incident Response,0.053,0.391,complements
GraphQL,Ruby,0.053,0.469,complements
Jupyter,SageMaker,0.053,0.29,complements
Ansible,Confluence,0.053,0.363,complements
Flask,Node.js,0.053,0.345,complements
Big Data,BigQuery,0.053,0.364,complements
Data Visualization,Kafka,0.053,0.257,complements
Distributed Systems,Git,0.053,0.348,complements
Grafana,MySQL,0.053,0.271,complements
Databricks,Looker,0.052,0.377,complements
Elasticsearch,GitHub,0.052,0.252,complements
Machine Learning,REST API,0.052,0.109,complements
Linux,SIEM,0.052,0.288,complements
AWS,SageMaker,0.052,0.43,complements
CSS,Redis,0.052,0.19,complements
ETL,MongoDB,0.052,0.243,complements
Elasticsearch,GCP,0.052,0.316,complements
Metabase,Tableau,0.052,0.771,substitutes
AWS,System Design,0.052,0.251,complements
Azure,LLMs / GenAI,0.052,0.157,complements
C#,Kafka,0.052,0.198,complements
GCP,Spring Boot,0.052,0.365,complements
Azure,ServiceNow,0.052,0.449,complements
Data Analysis,SSIS,0.052,0.243,complements
Data Modeling,MySQL,0.052,0.458,complements
NLP,Statistical Analysis,0.052,0.154,complements
React,Ruby,0.052,0.373,complements
JavaScript,PowerShell,0.052,0.38,complements
Django,Machine Learning,0.052,0.127,complements
Data Pipeline,Terraform,0.052,0.39,complements
Git,Vue,0.052,0.206,complements
Data Governance,DevOps,0.052,0.211,complements
Big Data,Unix,0.052,0.276,complements
.NET,PHP,0.052,0.589,complements
NLP,Tableau,0.052,0.201,complements
Azure,Risk Management,0.052,0.072,complements
AWS,Incident Response,0.052,0.115,complements
ETL,Looker,0.052,0.241,complements
Amplitude,Tableau,0.052,0.415,complements
BigQuery,Data Analysis,0.052,0.214,complements
DevOps,Kotlin,0.052,0.339,complements
Spring,TypeScript,0.052,0.323,complements
GitHub,MySQL,0.052,0.244,complements
GitHub,jQuery,0.052,0.2,complements
C#,Dynamics 365,0.052,0.313,complements
Elasticsearch,HTML,0.052,0.261,complements
Kafka,Kotlin,0.052,0.188,complements
Grafana,Microservices,0.052,0.229,complements
AWS,Firewalls,0.051,0.132,complements
PowerShell,ServiceNow,0.051,0.424,complements
C++,Kafka,0.051,0.244,complements
GitLab,React,0.051,0.176,complements
AWS,Power BI,0.051,0.233,complements
Git,Pandas,0.051,0.237,complements
DevOps,SSIS,0.051,0.339,complements
Confluence,Hadoop,0.051,0.131,complements
C#,Distributed Systems,0.051,0.374,complements
Linear,Statistical Analysis,0.051,0.186,complements
CSS,Windows,0.051,0.392,complements
Flask,Machine Learning,0.051,0.105,complements
PHP,XML,0.051,0.45,complements
Risk Management,SOC 2,0.051,0.374,complements
Airflow,Confluence,0.051,0.221,complements
MCP,Windows,0.051,0.301,complements
Airflow,Azure,0.051,0.2,complements
Data Governance,NLP,0.051,-0.028,complements
DevOps,Penetration Testing,0.051,0.308,complements
Confluence,Spring,0.051,0.23,complements
SAP,Tableau,0.051,0.363,complements
Java,Prometheus,0.051,0.249,complements
Redis,Ruby,0.051,0.308,complements
GitLab,PowerShell,0.051,0.252,complements
Hugging Face,Machine Learning,0.051,0.416,complements
CI/CD,Data Analysis,0.051,0.266,complements
Microservices,Prometheus,0.051,0.302,complements
Flask,NoSQL,0.051,0.134,complements
Django,GitLab,0.051,0.336,complements
SQL,System Design,0.051,0.163,complements
Data Visualization,GraphQL,0.051,0.26,complements
Azure,SIEM,0.051,0.174,complements
Data Visualization,PyTorch,0.051,0.082,complements
GitLab,Kafka,0.051,0.373,complements
Risk Management,SQL,0.051,0.103,complements
Bash,Big Data,0.05,0.155,complements
Deep Learning,scikit-learn,0.05,0.364,complements
Airflow,Data Visualization,0.05,0.303,complements
Airflow,Redis,0.05,0.264,complements
MATLAB,SAS,0.05,0.233,complements
DynamoDB,Go,0.05,0.223,complements
Oracle,Splunk,0.05,0.29,complements
C++,PostgreSQL,0.05,0.275,complements
Elasticsearch,Ruby,0.05,0.294,complements
DevOps,GraphQL,0.05,0.18,complements
Linux,Risk Management,0.05,0.064,complements
PHP,Unit Testing,0.05,0.272,complements
Confluence,Software Architecture,0.05,0.319,complements
Jira,Redis,0.05,0.218,complements
Elasticsearch,Spring Boot,0.05,0.237,complements
Hadoop,Unit Testing,0.05,0.097,complements
BigQuery,Data Governance,0.05,0.277,complements
JavaScript,Svelte,0.05,0.615,complements
Cassandra,Data Visualization,0.05,0.125,complements
Confluence,MATLAB,0.05,0.107,complements
HTML,Redis,0.05,0.292,complements
MongoDB,jQuery,0.05,0.317,complements
Databricks,NoSQL,0.05,0.282,complements
GCP,PowerShell,0.05,0.192,complements
CSS,ServiceNow,0.05,0.154,complements
Elasticsearch,Machine Learning,0.05,0.175,complements
LangChain,Pandas,0.05,0.262,complements
Confluence,XML,0.05,0.414,complements
Angular,GitLab,0.05,0.228,complements
Excel,Risk Management,0.05,0.206,complements
Agile / Scrum,Informatica,0.05,0.151,complements
Kubernetes,System Design,0.05,0.432,complements
Flink,SageMaker,0.05,0.256,complements
Java,SAS,0.05,0.268,complements
ETL,PostgreSQL,0.05,0.355,complements
Git,Helm,0.05,0.415,complements
Distributed Systems,REST API,0.05,0.22,complements
Airflow,Go,0.05,0.367,complements
JSON,Kotlin,0.05,0.342,complements
Excel,Jira,0.05,0.358,complements
DynamoDB,Ruby,0.05,0.275,complements
CI/CD,jQuery,0.05,0.174,complements
Jira,Unix,0.05,0.245,complements
Distributed Systems,LLMs / GenAI,0.05,0.252,complements
Data Visualization,JavaScript,0.05,0.245,complements
Datadog,Swift,0.05,0.169,complements
Spring Boot,TypeScript,0.049,0.273,complements
Elasticsearch,GitLab,0.049,0.326,complements
Linux,System Design,0.049,0.303,complements
Cassandra,JavaScript,0.049,0.203,complements
GCP,R,0.049,0.179,complements
Data Pipeline,Prefect,0.049,0.661,complements
C++,Prototyping,0.049,0.1,complements
ArgoCD,Python,0.049,0.173,complements
Microservices,jQuery,0.049,0.227,complements
Alteryx,Statistical Analysis,0.049,0.383,complements
Confluence,Kotlin,0.049,0.279,complements
FastAPI,LLMs / GenAI,0.049,-0.001,complements
PowerShell,SIEM,0.049,0.224,complements
Agile / Scrum,LLMs / GenAI,0.049,0.166,complements
Azure,PHP,0.049,0.374,complements
GitLab,Node.js,0.049,0.227,complements
Data Analysis,Git,0.049,0.232,complements
Agile / Scrum,PowerShell,0.049,0.216,complements
Datadog,Node.js,0.049,0.22,complements
Active Directory,Penetration Testing,0.049,0.117,complements
JavaScript,User Research,0.049,0.312,complements
Dagster,PyTorch,0.049,0.132,complements
Looker,Machine Learning,0.049,0.235,complements
Python,Spring Boot,0.049,0.401,complements
Datadog,Linux,0.049,0.385,complements
Distributed Systems,Flink,0.049,0.319,complements
MuleSoft,Snowflake,0.049,0.346,complements
Agile / Scrum,C,0.049,0.141,complements
Azure,Redis,0.049,0.4,complements
HTML,Unix,0.049,0.228,complements
Jira,Snowflake,0.049,0.22,complements
.NET,C++,0.049,0.51,complements
C#,Swift,0.049,0.434,complements
Bash,Elasticsearch,0.049,0.26,complements
Prototyping,React,0.049,0.243,complements
Jira,Power BI,0.049,0.487,complements
C++,MySQL,0.049,0.275,complements
AWS,Swift,0.049,0.218,complements
Microservices,Vue,0.049,0.296,complements
Big Data,Jenkins,0.049,0.197,complements
Java,Salesforce,0.049,0.315,complements
Python,scikit-learn,0.049,0.225,complements
Kotlin,Node.js,0.049,0.356,complements
Jira,MATLAB,0.049,0.228,complements
Django,SQL,0.049,0.229,complements
Risk Management,System Design,0.049,0.24,complements
Microservices,Unix,0.049,0.335,complements
Angular,Cassandra,0.049,0.16,complements
Jira,TypeScript,0.049,0.162,complements
REST API,ServiceNow,0.048,0.181,complements
R,SageMaker,0.048,0.289,complements
GitHub,XML,0.048,0.21,complements
Prototyping,Python,0.048,0.122,complements
Linux,Penetration Testing,0.048,0.257,complements
Cassandra,REST API,0.048,0.177,complements
Node.js,Unix,0.048,0.242,complements
Polars,Spark,0.048,0.268,complements
Bash,PHP,0.048,0.461,complements
.NET,PowerShell,0.048,0.372,complements
Active Directory,SIEM,0.048,0.326,complements
Active Directory,Terraform,0.048,0.383,complements
Kotlin,PostgreSQL,0.048,0.254,complements
Oracle,Salesforce,0.048,0.414,complements
GitHub,Machine Learning,0.048,0.034,complements
Agile / Scrum,PyTorch,0.048,0.046,complements
Elasticsearch,Rust,0.048,0.149,complements
C#,ETL,0.048,0.296,complements
Spark,Statistical Analysis,0.048,0.079,complements
Bash,C,0.048,0.473,complements
Oracle,Spark,0.048,0.312,complements
Angular,Linux,0.048,0.211,complements
GraphQL,Spring Boot,0.048,0.371,complements
Machine Learning,Node.js,0.048,0.021,complements
Hive,Unit Testing,0.048,0.042,complements
Jira,Splunk,0.048,0.29,complements
Kotlin,SQL,0.048,0.269,complements
Hadoop,Pandas,0.048,0.177,complements
Kotlin,Python,0.048,0.534,complements
GCP,GraphQL,0.048,0.261,complements
Databricks,Terraform,0.048,0.339,complements
CI/CD,Data Warehousing,0.048,0.185,complements
Hadoop,Jupyter,0.048,0.219,complements
CI/CD,Vue,0.048,0.195,complements
MySQL,Windows,0.048,0.232,complements
JSON,Kafka,0.048,0.386,complements
Data Warehousing,Unit Testing,0.048,0.175,complements
Figma,Next.js,0.048,0.358,complements
Big Data,Kanban,0.048,0.316,complements
Docker,VMware,0.048,0.349,complements
Data Analysis,Go,0.048,0.125,complements
Google Analytics,SQL,0.048,0.212,complements
GCP,Software Architecture,0.048,0.226,complements
Informatica,Unix,0.048,0.186,complements
Kotlin,Scala,0.047,0.606,complements
GitHub,Spark,0.047,0.244,complements
Bash,JSON,0.047,0.365,complements
Hadoop,Statistical Analysis,0.047,0.092,complements
JavaScript,Spark,0.047,0.294,complements
Data Analysis,MySQL,0.047,0.298,complements
GitLab,Unix,0.047,0.227,complements
GitLab,NoSQL,0.047,0.205,complements
Data Modeling,Jira,0.047,0.225,complements
Databricks,dbt,0.047,0.24,complements
Cybersecurity,DevOps,0.047,0.272,complements
Datadog,GraphQL,0.047,0.262,complements
AWS,Risk Management,0.047,0.072,complements
GitHub,Oracle,0.047,0.126,complements
NoSQL,Windows,0.047,0.318,complements
Data Analysis,Microservices,0.047,0.079,complements
Grafana,Jira,0.047,0.397,complements
ETL,GCP,0.047,0.228,complements
C#,Go,0.047,0.595,complements
Angular,Flask,0.047,0.481,complements
Django,Ruby,0.047,0.529,complements
GCP,Spring,0.047,0.218,complements
Data Pipeline,Elasticsearch,0.047,0.269,complements
Power BI,Redshift,0.047,0.498,complements
Alteryx,Risk Management,0.047,0.128,complements
HTML,ServiceNow,0.047,0.141,complements
LLMs / GenAI,XGBoost,0.047,0.217,complements
C++,REST API,0.047,0.233,complements
Agile / Scrum,Django,0.047,0.083,complements
PostgreSQL,Unix,0.047,0.184,complements
C#,Power BI,0.047,0.228,complements
Elasticsearch,Spring,0.047,0.2,complements
Data Visualization,JSON,0.047,0.368,complements
Fivetran,Redshift,0.047,0.565,complements
System Design,Unit Testing,0.047,0.343,complements
Flink,Looker,0.047,0.283,complements
Spark,dbt,0.047,0.32,complements
C++,XML,0.047,0.428,complements
Data Analysis,Unix,0.047,0.174,complements
Git,NumPy,0.047,0.133,complements
Angular,Spark,0.047,0.127,complements
GitLab,Windows,0.047,0.188,complements
GitHub,Snowflake,0.047,0.127,complements
Redis,Unit Testing,0.047,0.108,complements
Airflow,Datadog,0.047,0.265,complements
Flink,PostgreSQL,0.047,0.244,complements
AWS,Next.js,0.047,0.268,complements
Alteryx,Java,0.047,0.322,complements
Docker,Pandas,0.046,0.101,complements
Cybersecurity,SOC 2,0.046,0.475,complements
FastAPI,React,0.046,0.31,complements
Big Data,Git,0.046,0.262,complements
Cassandra,Git,0.046,0.218,complements
Oracle,Ruby,0.046,0.338,complements
DevOps,Salesforce,0.046,0.225,complements
R,Snowflake,0.046,0.237,complements
Dagster,DynamoDB,0.046,0.281,complements
Azure,Informatica,0.046,0.304,complements
C,Unit Testing,0.046,0.283,complements
Django,HTML,0.046,0.432,complements
Firewalls,Python,0.046,0.109,complements
Confluence,Oracle,0.046,0.272,complements
Confluence,Snowflake,0.046,0.18,complements
Cassandra,Data Modeling,0.046,0.297,complements
Java,LLMs / GenAI,0.046,0.248,complements
Helm,Linux,0.046,0.342,complements
Kafka,Ruby,0.046,0.218,complements
NumPy,Spark,0.046,0.246,complements
Dagster,Data Governance,0.046,0.271,complements
Elasticsearch,JSON,0.046,0.359,complements
Confluence,Tableau,0.046,0.381,complements
Airflow,Django,0.046,0.204,complements
Distributed Systems,PHP,0.046,0.374,complements
DevOps,Dynamics 365,0.046,0.456,complements
.NET,Kanban,0.046,0.137,complements
DevOps,Risk Management,0.046,0.191,complements
Bash,Oracle,0.046,0.276,complements
C++,Oracle,0.046,0.251,complements
JSON,Salesforce,0.046,0.247,complements
A/B Testing,Stakeholder Mgmt,0.046,0.122,complements
Data Observability,Data Warehousing,0.046,0.422,complements
Kotlin,NoSQL,0.046,0.198,complements
Data Governance,Stakeholder Mgmt,0.046,0.359,complements
Bash,Cybersecurity,0.046,0.121,complements
Kanban,ServiceNow,0.046,0.454,complements
Spark,Spring,0.046,0.216,complements
Data Modeling,Kubernetes,0.046,0.137,complements
Power BI,dbt,0.046,0.462,complements
GCP,Looker,0.046,0.369,complements
CSS,Kafka,0.046,0.171,complements
GraphQL,SQL,0.046,0.544,complements
Data Analysis,HTML,0.046,0.152,complements
.NET,Software Architecture,0.046,0.438,complements
Jenkins,VMware,0.046,0.388,complements
SQL,ServiceNow,0.045,0.172,complements
Airflow,Jenkins,0.045,0.513,complements
Django,Vue,0.045,0.461,complements
Hadoop,REST API,0.045,0.125,complements
Risk Management,SAS,0.045,0.184,complements
DynamoDB,GraphQL,0.045,0.435,complements
Kanban,Windows,0.045,0.274,complements
Docker,NumPy,0.045,0.219,complements
Data Modeling,Docker,0.045,0.044,complements
ClickHouse,Docker,0.045,0.116,complements
AWS,jQuery,0.045,0.13,complements
Helm,SQL,0.045,0.051,complements
C++,Terraform,0.045,0.397,complements
CISSP,Python,0.045,0.247,complements
SQL,VMware,0.045,0.087,complements
Data Warehousing,Flink,0.045,0.3,complements
Bash,Confluence,0.045,0.317,complements
GitLab,Spring,0.045,0.212,complements
Alteryx,Snowflake,0.045,0.362,complements
Java,MATLAB,0.045,0.363,complements
Confluence,Grafana,0.045,0.347,complements
DevOps,PHP,0.045,0.384,complements
DynamoDB,Grafana,0.045,0.28,complements
LangChain,Python,0.045,0.545,complements
Firebase,GraphQL,0.045,0.348,complements
DynamoDB,SageMaker,0.045,0.195,complements
LLMs / GenAI,SQL,0.045,0.106,complements
JavaScript,MuleSoft,0.045,0.411,complements
Kanban,MongoDB,0.045,0.119,complements
Agile / Scrum,Flask,0.045,0.055,complements
DevOps,Django,0.045,0.248,complements
Linux,Redis,0.045,0.328,complements
C++,Node.js,0.045,0.368,complements
Software Architecture,Spring,0.045,0.292,complements
Cassandra,Data Governance,0.045,0.246,complements
Datadog,Elasticsearch,0.045,0.23,complements
Data Governance,Java,0.045,0.146,complements
Hadoop,LLMs / GenAI,0.045,0.122,complements
C++,Redis,0.045,0.396,complements
Cybersecurity,Unix,0.045,0.251,complements
Bash,Cassandra,0.045,0.116,complements
ClickHouse,Kubernetes,0.045,0.13,complements
Ansible,Microservices,0.045,0.543,complements
DevOps,System Design,0.045,0.551,complements
Dagster,Machine Learning,0.045,0.241,complements
Data Visualization,MySQL,0.045,0.245,complements
Superset,Tableau,0.045,0.798,substitutes
AWS,ArgoCD,0.045,0.282,complements
Jenkins,Machine Learning,0.045,0.103,complements
Data Analysis,Distributed Systems,0.044,0.25,complements
ArgoCD,Prometheus,0.044,0.189,complements
Agile / Scrum,Excel,0.044,0.191,complements
Agile / Scrum,Datadog,0.044,0.09,complements
Kafka,Superset,0.044,0.267,complements
Data Modeling,Salesforce,0.044,0.307,complements
Databricks,Prefect,0.044,0.32,complements
C#,Machine Learning,0.044,0.235,complements
Data Governance,Data Observability,0.044,0.421,complements
Splunk,Spring,0.044,0.262,complements
Docker,Rust,0.044,0.255,complements
Flask,Vue,0.044,0.456,complements
Docker,jQuery,0.044,0.167,complements
GCP,Redis,0.044,0.4,complements
Informatica,Salesforce,0.044,0.385,complements
Datadog,Ruby,0.044,0.157,complements
C#,Kotlin,0.044,0.487,complements
Hive,Power BI,0.044,0.327,complements
Go,GraphQL,0.044,0.44,complements
Kafka,TypeScript,0.044,0.1,complements
GCP,Kotlin,0.044,0.241,complements
Oracle,Redis,0.044,0.371,complements
OWASP,SIEM,0.044,0.466,complements
Django,NumPy,0.044,0.33,complements
Big Data,C++,0.044,0.29,complements
.NET,Docker,0.044,0.24,complements
Flask,TensorFlow,0.044,0.229,complements
.NET,Kubernetes,0.044,0.189,complements
Active Directory,Risk Management,0.044,0.165,complements
Looker,Pandas,0.044,0.377,complements
CI/CD,PyTorch,0.044,0.136,complements
CI/CD,Data Visualization,0.044,0.117,complements
Ansible,Incident Response,0.044,0.188,complements
GCP,Oracle,0.044,0.266,complements
Splunk,Spring Boot,0.044,0.249,complements
Data Pipeline,Statistical Analysis,0.044,0.202,complements
GitHub,Power BI,0.044,0.168,complements
NoSQL,Ruby,0.044,0.231,complements
Alteryx,Data Warehousing,0.044,0.39,complements
Data Governance,Oracle,0.044,0.319,complements
C#,Redis,0.044,0.294,complements
Jupyter,SQL,0.044,0.281,complements
Data Governance,Microsoft Fabric,0.044,0.32,complements
Jupyter,R,0.044,0.323,complements
BigQuery,R,0.044,0.254,complements
C,Ruby,0.044,0.475,complements
REST API,Windows,0.044,0.379,complements
HTML,Next.js,0.044,0.409,complements
Docker,FastAPI,0.044,0.2,complements
JSON,Kanban,0.043,0.27,complements
ETL,JSON,0.043,0.412,complements
Airflow,Terraform,0.043,0.361,complements
CI/CD,Flask,0.043,0.222,complements
Data Pipeline,Informatica,0.043,0.496,complements
Go,NLP,0.043,0.163,complements
Hive,SAS,0.043,0.219,complements
Angular,Figma,0.043,0.288,complements
Penetration Testing,Zero Trust,0.043,0.349,complements
Ansible,MongoDB,0.043,0.17,complements
Data Modeling,MongoDB,0.043,0.463,complements
Databricks,LLMs / GenAI,0.043,0.149,complements
Data Analysis,MongoDB,0.043,0.223,complements
Distributed Systems,HTML,0.043,0.175,complements
Kubernetes,XML,0.043,0.212,complements
R,Redshift,0.043,0.299,complements
Databricks,GitHub,0.043,0.149,complements
Hive,Linux,0.043,0.238,complements
Kanban,TypeScript,0.043,0.113,complements
Python,SIEM,0.043,0.308,complements
DevOps,Incident Response,0.043,0.226,complements
Azure,Salesforce,0.043,0.562,complements
GitHub,Hadoop,0.043,0.177,complements
Linear,NumPy,0.043,0.07,complements
Azure,Flink,0.043,0.318,complements
Active Directory,Python,0.043,0.28,complements
Jira,Prototyping,0.043,0.099,complements
Data Visualization,Oracle,0.043,0.234,complements
ETL,Git,0.043,0.393,complements
Data Pipeline,MLflow,0.043,0.273,complements
Airflow,SSIS,0.043,0.514,complements
ServiceNow,Splunk,0.043,0.352,complements
HTML,Ruby,0.043,0.451,complements
Jira,Looker,0.043,0.401,complements
Ansible,C++,0.043,0.32,complements
SQL,Swift,0.043,0.205,complements
Machine Learning,Unit Testing,0.043,0.276,complements
Datadog,Flask,0.043,0.232,complements
Linux,TypeScript,0.043,0.211,complements
Jenkins,Software Architecture,0.043,0.183,complements
SQL,SageMaker,0.043,0.144,complements
Data Pipeline,DynamoDB,0.043,0.205,complements
GraphQL,Jenkins,0.043,0.259,complements
CISSP,SOC 2,0.043,0.358,complements
Azure,Penetration Testing,0.043,0.106,complements
MongoDB,SSIS,0.043,0.208,complements
Hadoop,NumPy,0.043,0.223,complements
Informatica,Redshift,0.043,0.465,complements
C#,GCP,0.043,0.267,complements
Elasticsearch,Kotlin,0.043,0.218,complements
GraphQL,Spring,0.043,0.346,complements
Linux,PyTorch,0.043,0.303,complements
Confluence,Splunk,0.043,0.249,complements
Data Visualization,SAP,0.043,0.166,complements
ServiceNow,VMware,0.043,0.287,complements
Angular,Scala,0.043,0.236,complements
React,System Design,0.043,0.191,complements
AWS,SIEM,0.043,0.174,complements
Confluence,TypeScript,0.043,0.239,complements
Prototyping,Unit Testing,0.043,0.436,complements
Kanban,Risk Management,0.043,0.242,complements
Figma,Git,0.043,0.271,complements
Unix,VMware,0.043,0.379,complements
LLMs / GenAI,Pandas,0.042,0.062,complements
Django,PHP,0.042,0.709,complements
Hadoop,MLflow,0.042,0.245,complements
Bash,XML,0.042,0.395,complements
C++,PHP,0.042,0.573,complements
Confluence,Figma,0.042,0.528,complements
Linux,TensorFlow,0.042,0.303,complements
Ansible,Cassandra,0.042,0.147,complements
GitHub,PowerShell,0.042,0.173,complements
Grafana,Spark,0.042,0.329,complements
Airflow,DynamoDB,0.042,0.198,complements
Data Visualization,REST API,0.042,0.274,complements
ArgoCD,Go,0.042,0.31,complements
NoSQL,Vue,0.042,0.089,complements
Node.js,Oracle,0.042,0.13,complements
Grafana,Ruby,0.042,0.253,complements
A/B Testing,Figma,0.042,0.233,complements
Machine Learning,Prototyping,0.042,0.29,complements
C,Docker,0.042,0.315,complements
Airflow,GitHub,0.042,0.195,complements
Software Architecture,Swift,0.042,0.384,complements
C++,TypeScript,0.042,0.43,complements
Deep Learning,Statistical Analysis,0.042,0.176,complements
Go,Software Architecture,0.042,0.371,complements
Elasticsearch,Vue,0.042,0.184,complements
Dynamics 365,SSIS,0.042,0.364,complements
Hadoop,Kanban,0.042,0.205,complements
GitLab,JSON,0.042,0.245,complements
JSON,PowerShell,0.042,0.235,complements
Hive,LLMs / GenAI,0.042,0.136,complements
C,Jira,0.042,0.24,complements
C#,Unix,0.042,0.266,complements
Data Modeling,Flink,0.042,0.225,complements
Data Analysis,Incident Response,0.042,0.335,complements
Terraform,Unit Testing,0.042,0.294,complements
Grafana,Pulumi,0.042,0.215,complements
NLP,SAS,0.042,0.108,complements
BigQuery,PostgreSQL,0.042,0.425,complements
C++,Cassandra,0.042,0.131,complements
Bash,Scala,0.042,0.492,complements
Data Warehousing,Distributed Systems,0.042,0.175,complements
Git,PyTorch,0.042,0.138,complements
CSS,GitLab,0.042,0.175,complements
Deep Learning,Git,0.042,0.162,complements
Git,TensorFlow,0.042,0.138,complements
Git,R,0.042,0.245,complements
C++,MongoDB,0.042,0.164,complements
Azure,Microsoft Fabric,0.042,0.424,complements
ClickHouse,Go,0.042,0.228,complements
AWS,dbt,0.042,0.199,complements
Salesforce,jQuery,0.041,0.096,complements
Bash,MongoDB,0.041,0.18,complements
Risk Management,VMware,0.041,0.038,complements
CISSP,ServiceNow,0.041,0.341,complements
Hive,Oracle,0.041,0.466,complements
C++,Scala,0.041,0.626,complements
CI/CD,TensorFlow,0.041,0.136,complements
Oracle,Terraform,0.041,0.204,complements
DevOps,Swift,0.041,0.368,complements
Datadog,PHP,0.041,0.153,complements
Swift,TypeScript,0.041,0.41,complements
REST API,Unix,0.041,0.282,complements
REST API,Ruby,0.041,0.392,complements
Excel,Windows,0.041,0.268,complements
MongoDB,Software Architecture,0.041,0.139,complements
Deep Learning,Scala,0.041,0.131,complements
GraphQL,Terraform,0.041,0.31,complements
Java,MuleSoft,0.041,0.55,complements
Data Modeling,Git,0.041,0.2,complements
Linux,Redshift,0.041,0.252,complements
Metabase,Snowflake,0.041,0.534,complements
Kanban,Oracle,0.041,0.198,complements
ETL,Unix,0.041,0.234,complements
Data Visualization,DevOps,0.041,0.201,complements
Distributed Systems,Elasticsearch,0.041,0.204,complements
Data Analysis,PostgreSQL,0.041,0.298,complements
Distributed Systems,MongoDB,0.041,0.148,complements
Data Pipeline,NLP,0.041,0.131,complements
Django,Jenkins,0.041,0.386,complements
Apache Iceberg,Snowflake,0.041,0.543,complements
AWS,Helm,0.041,0.374,complements
Burp Suite,Cybersecurity,0.041,0.266,complements
Bash,Firewalls,0.041,0.134,complements
Kubernetes,MLflow,0.041,0.234,complements
Oracle,SSIS,0.041,0.369,complements
GCP,Power BI,0.041,0.233,complements
Data Warehousing,Kubernetes,0.041,0.076,complements
Kubernetes,LLMs / GenAI,0.041,0.071,complements
Ansible,NoSQL,0.041,0.129,complements
Data Visualization,Prototyping,0.041,0.154,complements
Scala,scikit-learn,0.041,0.227,complements
Machine Learning,TypeScript,0.041,0.139,complements
Data Pipeline,Django,0.041,0.135,complements
Kubernetes,Vue,0.041,0.11,complements
GitHub,Helm,0.041,0.367,complements
Penetration Testing,Python,0.041,0.096,complements
JavaScript,System Design,0.041,0.321,complements
Agile / Scrum,MuleSoft,0.041,0.064,complements
Grafana,Hadoop,0.041,0.219,complements
Agile / Scrum,Deep Learning,0.041,0.037,complements
Hadoop,Looker,0.041,0.267,complements
Linear,Spark,0.041,0.196,complements
Linear,MATLAB,0.041,0.215,complements
Datadog,JavaScript,0.041,0.266,complements
C#,System Design,0.041,0.303,complements
Angular,Terraform,0.041,0.208,complements
Microservices,System Design,0.041,0.435,complements
Django,NoSQL,0.041,0.125,complements
PowerShell,REST API,0.041,0.11,complements
C++,NumPy,0.041,0.336,complements
Fivetran,SQL,0.041,0.383,complements
FastAPI,PyTorch,0.041,0.204,complements
Kafka,Rust,0.041,0.157,complements
PostgreSQL,Prometheus,0.041,0.227,complements
Kanban,PostgreSQL,0.041,0.143,complements
R,Stakeholder Mgmt,0.041,-0.001,complements
Django,GCP,0.041,0.355,complements
Data Modeling,JavaScript,0.041,0.185,complements
A/B Testing,Big Data,0.041,0.218,complements
Angular,Redshift,0.041,0.113,complements
Airflow,GitLab,0.041,0.335,complements
Pandas,Power BI,0.041,0.36,complements
Java,Power BI,0.041,0.324,complements
Grafana,MongoDB,0.041,0.239,complements
Apache Iceberg,Data Warehousing,0.041,0.418,complements
Elasticsearch,Splunk,0.041,0.625,complements
GitLab,XML,0.041,0.263,complements
Django,TypeScript,0.04,0.321,complements
Airflow,DevOps,0.04,0.354,complements
Git,Salesforce,0.04,0.209,complements
Airflow,Grafana,0.04,0.411,complements
MongoDB,Vue,0.04,0.248,complements
Firewalls,Zero Trust,0.04,0.52,complements
Helm,Java,0.04,0.32,complements
Distributed Systems,PyTorch,0.04,0.201,complements
Statistical Analysis,TensorFlow,0.04,0.039,complements
Go,System Design,0.04,0.368,complements
Data Visualization,Jira,0.04,0.233,complements
GCP,XGBoost,0.04,0.077,complements
CI/CD,Data Governance,0.04,0.224,complements
Ansible,JSON,0.04,0.278,complements
Kafka,Kanban,0.04,0.282,complements
Google Analytics,HTML,0.04,0.318,complements
FastAPI,Redis,0.04,0.305,complements
Kanban,Spark,0.04,0.309,complements
Big Data,Software Architecture,0.04,0.295,complements
Machine Learning,Stakeholder Mgmt,0.04,0.122,complements
DynamoDB,GitHub,0.04,0.212,complements
Pandas,SageMaker,0.04,0.123,complements
Datadog,Git,0.04,0.308,complements
Bash,C#,0.04,0.414,complements
Unit Testing,Windows,0.04,0.155,complements
CSS,Flask,0.04,0.373,complements
Grafana,REST API,0.04,0.221,complements
Confluence,Unix,0.04,0.255,complements
Risk Management,Tableau,0.04,0.205,complements
Incident Response,OWASP,0.04,0.312,complements
GraphQL,Vue,0.04,0.306,complements
Data Governance,SAP,0.04,0.153,complements
Python,Vue,0.04,0.29,complements
Ansible,ServiceNow,0.04,0.438,complements
Data Pipeline,Git,0.04,0.275,complements
ServiceNow,XML,0.04,0.279,complements
Data Visualization,XML,0.04,0.444,complements
Hadoop,JSON,0.04,0.287,complements
CSS,Svelte,0.04,0.531,complements
PHP,TypeScript,0.04,0.573,complements
Google Analytics,User Research,0.04,0.345,complements
GitHub,Splunk,0.04,0.178,complements
CI/CD,Firebase,0.04,0.192,complements
ETL,Kubernetes,0.04,0.191,complements
Excel,Oracle,0.04,0.344,complements
Angular,Distributed Systems,0.04,0.161,complements
Dynamics 365,JavaScript,0.04,0.372,complements
DevOps,NLP,0.04,0.055,complements
Deep Learning,SageMaker,0.04,0.422,complements
Cassandra,Distributed Systems,0.04,0.221,complements
PowerShell,Unix,0.04,0.269,complements
C,Go,0.04,0.766,substitutes
CSS,Elasticsearch,0.04,0.196,complements
Deep Learning,MATLAB,0.04,0.159,complements
Data Visualization,Git,0.04,0.195,complements
Ansible,Redis,0.04,0.263,complements
Flask,PyTorch,0.04,0.229,complements
JavaScript,Swift,0.04,0.566,complements
ETL,Excel,0.039,0.313,complements
GitLab,TypeScript,0.039,0.219,complements
Data Warehousing,GitHub,0.039,0.139,complements
Firebase,GCP,0.039,0.477,complements
Jenkins,Swift,0.039,0.214,complements
Node.js,Swift,0.039,0.272,complements
Prometheus,Ruby,0.039,0.189,complements
Kafka,System Design,0.039,0.218,complements
Data Warehousing,Docker,0.039,0.112,complements
Cassandra,Prometheus,0.039,0.219,complements
Data Governance,Helm,0.039,0.188,complements
Kotlin,Prometheus,0.039,0.159,complements
Data Analysis,Software Architecture,0.039,0.274,complements
NoSQL,Power BI,0.039,0.216,complements
Data Pipeline,SageMaker,0.039,0.234,complements
Ruby,Vue,0.039,0.387,complements
Google Analytics,Statistical Analysis,0.039,0.196,complements
ArgoCD,Git,0.039,0.307,complements
Datadog,MongoDB,0.039,0.143,complements
AWS,Pulumi,0.039,0.571,complements
Redis,Spring Boot,0.039,0.274,complements
Datadog,PowerShell,0.039,0.177,complements
Kafka,XML,0.039,0.372,complements
Spark,XGBoost,0.039,0.188,complements
ClickHouse,PostgreSQL,0.039,0.511,complements
Apache Iceberg,Hadoop,0.039,0.443,complements
Data Analysis,Windows,0.039,0.137,complements
Agile / Scrum,Dynamics 365,0.039,0.214,complements
GCP,Incident Response,0.039,0.115,complements
Ansible,Distributed Systems,0.039,0.515,complements
GraphQL,Jira,0.039,0.225,complements
Azure,Helm,0.039,0.374,complements
Kafka,Software Architecture,0.039,0.167,complements
Python,XGBoost,0.039,0.183,complements
A/B Testing,Agile / Scrum,0.039,0.123,complements
.NET,Jenkins,0.039,0.273,complements
Hive,TensorFlow,0.039,0.183,complements
C,CI/CD,0.039,0.302,complements
Deep Learning,NoSQL,0.039,0.044,complements
Distributed Systems,Jenkins,0.039,0.395,complements
Node.js,Rust,0.039,0.32,complements
DevOps,Vue,0.039,0.229,complements
C,GitLab,0.039,0.265,complements
Azure,OWASP,0.039,0.214,complements
Ruby,Windows,0.039,0.308,complements
Incident Response,Terraform,0.039,0.149,complements
Linear,SQL,0.039,0.138,complements
FastAPI,Machine Learning,0.039,0.094,complements
Cassandra,GitHub,0.039,0.239,complements
Prompt Engineering,PyTorch,0.039,0.279,complements
Ansible,PHP,0.039,0.461,complements
Grafana,Node.js,0.039,0.21,complements
NoSQL,TensorFlow,0.039,0.074,complements
NoSQL,dbt,0.039,0.278,complements
Big Data,SAS,0.039,0.222,complements
Go,Splunk,0.039,0.379,complements
Cassandra,Splunk,0.039,0.245,complements
Apache Iceberg,Kafka,0.039,0.23,complements
C++,Swift,0.039,0.524,complements
NLP,Power BI,0.039,0.15,complements
GitLab,HTML,0.039,0.142,complements
Confluence,Swift,0.039,0.24,complements
Confluence,Power BI,0.039,0.42,complements
JavaScript,Power BI,0.039,0.247,complements
Airflow,Jira,0.039,0.347,complements
Data Visualization,Kanban,0.038,0.36,complements
PostgreSQL,Tableau,0.038,0.311,complements
GraphQL,Rust,0.038,0.208,complements
PyTorch,Vector Databases,0.038,0.161,complements
MySQL,Prometheus,0.038,0.227,complements
Distributed Systems,DynamoDB,0.038,0.139,complements
CI/CD,Redshift,0.038,0.147,complements
CI/CD,Next.js,0.038,0.198,complements
Bash,Kafka,0.038,0.209,complements
AWS Security,Penetration Testing,0.038,0.276,complements
Python,SSIS,0.038,0.449,complements
Angular,Snowflake,0.038,0.109,complements
Cassandra,Data Analysis,0.038,0.08,complements
System Design,Windows,0.038,0.29,complements
Airflow,Flask,0.038,0.228,complements
BigQuery,Databricks,0.038,0.489,complements
Linear,Pandas,0.038,0.137,complements
GCP,PHP,0.038,0.374,complements
Go,MongoDB,0.038,0.295,complements
Go,Pulumi,0.038,0.643,complements
Alteryx,SAP,0.038,0.244,complements
JSON,Terraform,0.038,0.395,complements
Hive,Informatica,0.038,0.366,complements
Airflow,Pandas,0.038,0.19,complements
Datadog,ServiceNow,0.038,0.357,complements
PostgreSQL,Windows,0.038,0.232,complements
Git,NLP,0.038,0.122,complements
Hive,Pandas,0.038,0.289,complements
Google Analytics,Python,0.038,0.241,complements
.NET,MySQL,0.038,0.216,complements
Flask,jQuery,0.038,0.407,complements
Dagster,Kubernetes,0.038,0.509,complements
Hive,Jupyter,0.038,0.252,complements
Data Modeling,Stakeholder Mgmt,0.038,0.245,complements
Cybersecurity,Jira,0.038,0.168,complements
Data Modeling,NLP,0.038,0.193,complements
Grafana,Kotlin,0.038,0.164,complements
DynamoDB,Spark,0.038,0.337,complements
Angular,Hive,0.038,0.134,complements
Kanban,Salesforce,0.038,0.248,complements
Python,Stakeholder Mgmt,0.038,0.05,complements
LLMs / GenAI,R,0.038,0.203,complements
Flask,HTML,0.038,0.393,complements
Data Observability,Snowflake,0.038,0.342,complements
Jira,PowerShell,0.038,0.31,complements
Flask,Jira,0.038,0.188,complements
Docker,MLflow,0.038,0.213,complements
Go,Helm,0.038,0.366,complements
Kotlin,Spring,0.038,0.322,complements
PyTorch,Statistical Analysis,0.038,0.039,complements
Scala,Trino,0.038,0.343,complements
Spring Boot,Terraform,0.038,0.429,complements
DynamoDB,Unit Testing,0.038,0.001,complements
Jenkins,PHP,0.038,0.368,complements
Data Visualization,MongoDB,0.038,0.209,complements
CSS,Ruby,0.038,0.441,complements
Agile / Scrum,SSIS,0.038,0.204,complements
Angular,Hadoop,0.038,0.169,complements
Kanban,Stakeholder Mgmt,0.038,0.292,complements
Data Governance,MongoDB,0.038,0.23,complements
Git,Rust,0.038,0.358,complements
GraphQL,MySQL,0.038,0.514,complements
Django,Linux,0.038,0.313,complements
Grafana,SQL,0.038,0.239,complements
BigQuery,Google Analytics,0.038,0.308,complements
Data Pipeline,GitHub,0.038,0.101,complements
REST API,Splunk,0.038,0.239,complements
Data Analysis,LLMs / GenAI,0.037,0.168,complements
Excel,Machine Learning,0.037,0.288,complements
Next.js,PostgreSQL,0.037,0.154,complements
Databricks,Jenkins,0.037,0.254,complements
Machine Learning,Terraform,0.037,0.173,complements
Git,Tableau,0.037,0.243,complements
Jenkins,Snowflake,0.037,0.334,complements
MongoDB,Tableau,0.037,0.25,complements
Prompt Engineering,TensorFlow,0.037,0.279,complements
C#,GitLab,0.037,0.218,complements
.NET,OWASP,0.037,0.281,complements
Data Visualization,Node.js,0.037,0.161,complements
Bash,DynamoDB,0.037,0.154,complements
Databricks,Flink,0.037,0.498,complements
DevOps,PyTorch,0.037,0.156,complements
Next.js,REST API,0.037,0.537,complements
GitLab,Unit Testing,0.037,0.18,complements
JSON,Swift,0.037,0.334,complements
Jupyter,Kafka,0.037,0.195,complements
Kubernetes,ServiceNow,0.037,0.432,complements
Agile / Scrum,Grafana,0.037,0.204,complements
ArgoCD,PowerShell,0.037,0.205,complements
Spring,Unix,0.037,0.324,complements
Data Visualization,Salesforce,0.037,0.158,complements
Data Governance,Jira,0.037,0.285,complements
Ansible,Zero Trust,0.037,0.235,complements
JavaScript,Scala,0.037,0.673,complements
Git,Scala,0.037,0.369,complements
Docker,System Design,0.037,0.218,complements
Go,LLMs / GenAI,0.037,0.2,complements
Airflow,PyTorch,0.037,0.114,complements
Fivetran,Python,0.037,0.452,complements
Angular,Big Data,0.037,0.082,complements
Oracle,PowerShell,0.037,0.213,complements
Agile / Scrum,Looker,0.037,0.133,complements
Metabase,R,0.037,0.347,complements
Google Analytics,JavaScript,0.037,0.41,complements
Data Visualization,Informatica,0.037,0.235,complements
Distributed Systems,Spring,0.037,0.304,complements
Hive,Jenkins,0.037,0.22,complements
Flink,Prometheus,0.037,0.34,complements
AWS,Looker,0.037,0.369,complements
Kanban,Spring Boot,0.037,0.239,complements
Data Modeling,REST API,0.037,0.246,complements
C++,Cybersecurity,0.037,0.171,complements
PostgreSQL,Rust,0.037,0.239,complements
Datadog,REST API,0.037,0.227,complements
Amplitude,Data Visualization,0.037,0.293,complements
Confluence,Hive,0.037,0.172,complements
Data Modeling,Superset,0.037,0.407,complements
PowerShell,Prometheus,0.037,0.191,complements
ETL,SAS,0.037,0.286,complements
Java,PowerShell,0.037,0.374,complements
NoSQL,PyTorch,0.037,0.074,complements
Data Pipeline,Deep Learning,0.037,0.245,complements
C++,Pandas,0.037,0.212,complements
Java,Risk Management,0.037,0.15,complements
Big Data,PHP,0.037,0.194,complements
Agile / Scrum,Flink,0.037,0.079,complements
Linux,Snowflake,0.037,0.177,complements
Docker,ETL,0.037,0.357,complements
GitLab,Software Architecture,0.037,0.196,complements
CSS,Data Analysis,0.037,0.121,complements
ETL,XML,0.037,0.363,complements
Excel,Looker,0.037,0.445,complements
Incident Response,Kubernetes,0.037,0.009,complements
Elasticsearch,Unix,0.037,0.138,complements
Pandas,dbt,0.037,0.337,complements
Flask,TypeScript,0.037,0.348,complements
GitHub,Software Architecture,0.037,0.21,complements
Jenkins,MuleSoft,0.036,0.543,complements
Databricks,Git,0.036,0.137,complements
Flink,Microservices,0.036,0.27,complements
Data Warehousing,Linux,0.036,0.115,complements
Django,GitHub,0.036,0.301,complements
Ansible,Spark,0.036,0.279,complements
ClickHouse,Spark,0.036,0.443,complements
.NET,Power BI,0.036,0.258,complements
CI/CD,Hive,0.036,0.075,complements
Bash,NoSQL,0.036,0.161,complements
C++,Kotlin,0.036,0.504,complements
CI/CD,NLP,0.036,0.164,complements
Spring,Terraform,0.036,0.334,complements
MuleSoft,ServiceNow,0.036,0.501,complements
LLMs / GenAI,scikit-learn,0.036,0.152,complements
Kubernetes,NumPy,0.036,0.161,complements
CISSP,Zero Trust,0.036,0.361,complements
Django,jQuery,0.036,0.419,complements
ETL,Jenkins,0.036,0.216,complements
Databricks,Fivetran,0.036,0.335,complements
Big Data,Linear,0.036,0.153,complements
MLflow,Scala,0.036,0.25,complements
Ansible,Hadoop,0.036,0.239,complements
Active Directory,DevOps,0.036,0.29,complements
Bash,Microservices,0.036,0.262,complements
NoSQL,Splunk,0.036,0.204,complements
Workday,Zero Trust,0.036,0.212,complements
Penetration Testing,PowerShell,0.036,0.056,complements
JavaScript,Splunk,0.036,0.349,complements
ETL,MySQL,0.036,0.355,complements
HTML,Machine Learning,0.036,0.169,complements
Confluence,GraphQL,0.036,0.29,complements
Kanban,XML,0.036,0.285,complements
Oracle,PHP,0.036,0.258,complements
DevOps,dbt,0.036,0.247,complements
JavaScript,OWASP,0.036,0.461,complements
CI/CD,MuleSoft,0.036,0.26,complements
Cybersecurity,Machine Learning,0.036,0.148,complements
Data Modeling,Unit Testing,0.036,0.236,complements
Windows,jQuery,0.036,0.219,complements
Django,Next.js,0.036,0.654,complements
Kanban,Software Architecture,0.036,0.291,complements
Oracle,Redshift,0.036,0.465,complements
Ansible,REST API,0.036,0.276,complements
Figma,Stakeholder Mgmt,0.036,0.11,complements
Dynamics 365,SQL,0.036,0.269,complements
Linux,Spring Boot,0.036,0.427,complements
HTML,MuleSoft,0.036,0.154,complements
C#,Data Analysis,0.036,0.216,complements
Data Visualization,Jupyter,0.036,0.297,complements
C#,dbt,0.036,0.193,complements
CI/CD,LLMs / GenAI,0.036,0.202,complements
Fivetran,Tableau,0.036,0.445,complements
Datadog,React,0.036,0.204,complements
Excel,Google Analytics,0.036,0.334,complements
Agile / Scrum,MATLAB,0.036,0.133,complements
Microservices,Splunk,0.036,0.181,complements
BigQuery,Hive,0.036,0.521,complements
PHP,Vue,0.036,0.466,complements
C++,LLMs / GenAI,0.036,0.133,complements
REST API,Scala,0.036,0.353,complements
BigQuery,Java,0.036,0.25,complements
Flink,Grafana,0.036,0.286,complements
Azure,Django,0.036,0.355,complements
C#,Rust,0.036,0.492,complements
Rust,Scala,0.036,0.553,complements
.NET,Linux,0.036,0.274,complements
Grafana,JavaScript,0.036,0.284,complements
TypeScript,jQuery,0.036,0.559,complements
MATLAB,Software Architecture,0.036,0.196,complements
Cassandra,Confluence,0.036,0.217,complements
Firewalls,ServiceNow,0.036,0.245,complements
GitLab,Spring Boot,0.036,0.36,complements
Big Data,GitHub,0.036,0.134,complements
Kotlin,MongoDB,0.036,0.265,complements
Django,Terraform,0.036,0.329,complements
Angular,C++,0.035,0.223,complements
Angular,Machine Learning,0.035,0.129,complements
PostgreSQL,PowerShell,0.035,0.168,complements
GitHub,Unix,0.035,0.22,complements
CSS,Unix,0.035,0.257,complements
Hadoop,Linear,0.035,0.036,complements
Flask,GitHub,0.035,0.285,complements
C,Machine Learning,0.035,0.087,complements
Data Analysis,GitHub,0.035,0.097,complements
Agile / Scrum,CISSP,0.035,0.174,complements
.NET,Unix,0.035,0.272,complements
ArgoCD,Azure,0.035,0.282,complements
FastAPI,Terraform,0.035,0.35,complements
Linear,SAS,0.035,0.372,complements
Go,Kotlin,0.035,0.666,complements
Jira,R,0.035,0.223,complements
Ansible,Cybersecurity,0.035,0.236,complements
Confluence,Salesforce,0.035,0.413,complements
Git,Pulumi,0.035,0.305,complements
SSIS,XML,0.035,0.25,complements
PostgreSQL,Superset,0.035,0.487,complements
Kanban,Terraform,0.035,0.24,complements
Agile / Scrum,Next.js,0.035,0.053,complements
Flink,Kanban,0.035,0.268,complements
Confluence,PowerShell,0.035,0.247,complements
Angular,Ruby,0.035,0.446,complements
Prototyping,SQL,0.035,-0.017,complements
Git,Power BI,0.035,0.302,complements
Dagster,Python,0.035,0.515,complements
PHP,Terraform,0.035,0.419,complements
Incident Response,Unix,0.035,0.089,complements
Cassandra,Datadog,0.035,0.156,complements
Hive,NumPy,0.035,0.087,complements
Big Data,DynamoDB,0.035,0.326,complements
Data Pipeline,Redis,0.035,0.323,complements
Data Analysis,React,0.035,0.082,complements
Jenkins,Pulumi,0.035,0.399,complements
Svelte,TypeScript,0.035,0.665,complements
Confluence,R,0.035,0.14,complements
C++,Helm,0.035,0.196,complements
React,Rust,0.035,0.244,complements
React,Spark,0.035,0.097,complements
ETL,Jira,0.035,0.27,complements
Deep Learning,Hive,0.035,0.328,complements
Confluence,ServiceNow,0.035,0.339,complements
AWS,Salesforce,0.035,0.562,complements
Cassandra,Jira,0.035,0.105,complements
.NET,PostgreSQL,0.035,0.216,complements
Oracle,System Design,0.035,0.33,complements
Distributed Systems,GraphQL,0.035,0.181,complements
Data Warehousing,SAP,0.035,0.238,complements
Data Analysis,Jupyter,0.035,0.205,complements
Software Architecture,XML,0.035,0.414,complements
C,Kubernetes,0.035,0.218,complements
Data Analysis,REST API,0.035,0.097,complements
R,Risk Management,0.035,0.013,complements
Machine Learning,dbt,0.035,0.263,complements
Data Modeling,Microservices,0.035,0.217,complements
Data Analysis,Node.js,0.035,0.042,complements
NLP,System Design,0.035,0.133,complements
MATLAB,TensorFlow,0.035,0.177,complements
Kanban,Prototyping,0.035,0.21,complements
Spring Boot,Unix,0.035,0.298,complements
Data Visualization,Superset,0.035,0.511,complements
Cybersecurity,SQL,0.035,0.165,complements
GitHub,PHP,0.035,0.327,complements
Data Warehousing,Jira,0.035,0.286,complements
Data Warehousing,Kanban,0.035,0.165,complements
Azure,Flask,0.035,0.274,complements
C,Distributed Systems,0.035,0.367,complements
Elasticsearch,Unit Testing,0.035,0.082,complements
A/B Testing,NLP,0.035,0.156,complements
Big Data,Terraform,0.035,0.374,complements
Ruby,XGBoost,0.034,0.133,complements
Confluence,Data Modeling,0.034,0.308,complements
React,Scala,0.034,0.28,complements
C++,Hive,0.034,0.214,complements
Django,Microservices,0.034,0.378,complements
Burp Suite,PowerShell,0.034,0.23,complements
Azure,System Design,0.034,0.251,complements
Datadog,Distributed Systems,0.034,0.23,complements
Azure,dbt,0.034,0.199,complements
Spring,Vue,0.034,0.368,complements
Cybersecurity,Kubernetes,0.034,0.067,complements
Data Modeling,Jenkins,0.034,0.122,complements
BigQuery,Scala,0.034,0.299,complements
Git,Hive,0.034,0.158,complements
C++,Data Visualization,0.034,0.169,complements
SageMaker,Scala,0.034,0.348,complements
Hive,Jira,0.034,0.132,complements
MongoDB,Prometheus,0.034,0.309,complements
Grafana,NoSQL,0.034,0.178,complements
MATLAB,Pandas,0.034,0.247,complements
DevOps,Redshift,0.034,0.194,complements
Data Analysis,Workday,0.034,0.12,complements
Kanban,Power BI,0.034,0.318,complements
Flask,GCP,0.034,0.274,complements
Active Directory,Ansible,0.034,0.46,complements
Spark,Spring Boot,0.034,0.331,complements
Data Warehousing,Git,0.034,0.364,complements
Kanban,MySQL,0.034,0.143,complements
Helm,REST API,0.034,0.209,complements
C++,Elasticsearch,0.034,0.211,complements
Excel,Workday,0.034,0.203,complements
SSIS,jQuery,0.034,0.201,complements
Big Data,Jira,0.034,0.194,complements
Firebase,Unit Testing,0.034,0.081,complements
Docker,LLMs / GenAI,0.034,0.148,complements
Data Governance,Kubernetes,0.034,0.064,complements
.NET,Ruby,0.034,0.416,complements
Data Visualization,Docker,0.034,0.104,complements
DynamoDB,Snowflake,0.034,0.474,complements
Django,Go,0.034,0.455,complements
Statistical Analysis,scikit-learn,0.034,0.169,complements
Python,Swift,0.034,0.429,complements
Git,SageMaker,0.034,0.289,complements
Unit Testing,Vue,0.034,0.153,complements
GCP,Helm,0.034,0.374,complements
Pulumi,Python,0.034,0.526,complements
ETL,Pandas,0.034,0.22,complements
GitHub,GraphQL,0.034,0.159,complements
C#,Terraform,0.034,0.365,complements
Big Data,Informatica,0.034,0.309,complements
MySQL,PowerShell,0.034,0.168,complements
Burp Suite,Python,0.034,0.27,complements
Big Data,Oracle,0.034,0.384,complements
Distributed Systems,TensorFlow,0.034,0.201,complements
Firewalls,Unix,0.034,0.227,complements
Pandas,SAS,0.034,0.368,complements
GraphQL,Kanban,0.034,0.146,complements
Data Pipeline,Oracle,0.034,0.296,complements
Data Warehousing,Superset,0.034,0.39,complements
Angular,Ansible,0.034,0.249,complements
MuleSoft,SQL,0.034,0.293,complements
Big Data,JSON,0.034,0.323,complements
Ruby,TypeScript,0.034,0.49,complements
FastAPI,Kubernetes,0.034,0.223,complements
PowerShell,XML,0.034,0.268,complements
Confluence,Flink,0.034,0.106,complements
Flink,Terraform,0.034,0.243,complements
DevOps,TensorFlow,0.034,0.156,complements
AWS,XGBoost,0.034,0.077,complements
DevOps,Tableau,0.034,0.28,complements
Software Architecture,Spring Boot,0.034,0.235,complements
Informatica,Java,0.034,0.505,complements
Python,Vector Databases,0.033,0.208,complements
A/B Testing,Excel,0.033,0.3,complements
Git,Jupyter,0.033,0.365,complements
Big Data,JavaScript,0.033,0.204,complements
.NET,NoSQL,0.033,0.119,complements
Data Governance,Docker,0.033,-0.011,complements
ETL,NLP,0.033,0.196,complements
ArgoCD,Splunk,0.033,0.115,complements
Databricks,Kubernetes,0.033,0.318,complements
Azure,Vue,0.033,0.113,complements
Hadoop,Kotlin,0.033,0.124,complements
Data Analysis,Jenkins,0.033,0.073,complements
Oracle,SAS,0.033,0.403,complements
Data Warehousing,Fivetran,0.033,0.476,complements
Ansible,Kanban,0.033,0.285,complements
C#,MATLAB,0.033,0.364,complements
JavaScript,SSIS,0.033,0.235,complements
Azure,MuleSoft,0.033,0.356,complements
Linux,jQuery,0.033,0.16,complements
Cassandra,Dagster,0.033,0.256,complements
Git,Next.js,0.033,0.203,complements
Microsoft Fabric,SQL,0.033,0.286,complements
Distributed Systems,Snowflake,0.033,0.139,complements
Angular,System Design,0.033,0.197,complements
Data Pipeline,Microservices,0.033,0.233,complements
Big Data,Pandas,0.033,0.181,complements
Data Pipeline,Jenkins,0.033,0.491,complements
Figma,Google Analytics,0.033,0.104,complements
Big Data,Confluence,0.033,0.223,complements
Flask,GraphQL,0.033,0.41,complements
Cybersecurity,Java,0.033,0.193,complements
Hadoop,SageMaker,0.033,0.36,complements
MATLAB,SQL,0.033,0.198,complements
.NET,MongoDB,0.033,0.169,complements
Datadog,Microservices,0.033,0.3,complements
C++,Flask,0.033,0.353,complements
C,JavaScript,0.033,0.59,complements
Bash,OWASP,0.033,0.184,complements
Datadog,Helm,0.033,0.278,complements
Redshift,Terraform,0.033,0.355,complements
Data Pipeline,Flask,0.033,0.146,complements
CI/CD,Flink,0.033,0.184,complements
Windows,Zero Trust,0.033,0.379,complements
Datadog,NoSQL,0.033,0.132,complements
Data Visualization,TypeScript,0.033,0.157,complements
A/B Testing,React,0.033,0.099,complements
Linux,NumPy,0.033,0.155,complements
Hadoop,Splunk,0.033,0.267,complements
Risk Management,Zero Trust,0.033,0.283,complements
Django,Unit Testing,0.033,0.156,complements
Datadog,TypeScript,0.033,0.075,complements
HTML,Power BI,0.033,0.259,complements
A/B Testing,Data Pipeline,0.033,0.086,complements
BigQuery,NoSQL,0.033,0.347,complements
Active Directory,Bash,0.033,0.399,complements
Django,Software Architecture,0.033,0.248,complements
Bash,Redis,0.033,0.233,complements
Flink,MLflow,0.033,0.219,complements
Snowflake,Superset,0.033,0.502,complements
Unit Testing,Unix,0.033,0.174,complements
DynamoDB,FastAPI,0.033,0.275,complements
Kafka,R,0.033,0.206,complements
Dagster,Kafka,0.033,0.411,complements
Jira,Prometheus,0.033,0.285,complements
Go,Jira,0.033,0.343,complements
Airflow,Git,0.033,0.275,complements
C++,Risk Management,0.033,0.1,complements
CI/CD,Cybersecurity,0.033,0.214,complements
CI/CD,Salesforce,0.033,0.135,complements
Airflow,TensorFlow,0.033,0.114,complements
FastAPI,Jenkins,0.033,0.331,complements
GCP,Vue,0.033,0.113,complements
FastAPI,TypeScript,0.033,0.237,complements
Flink,PyTorch,0.033,0.235,complements
Kubernetes,SageMaker,0.033,0.367,complements
ServiceNow,Workday,0.033,0.445,complements
SIEM,Unix,0.033,0.27,complements
DevOps,Flask,0.033,0.222,complements
SSIS,Unit Testing,0.033,0.218,complements
AWS Security,Windows,0.033,0.148,complements
Kubernetes,Pandas,0.033,0.031,complements
AWS,Penetration Testing,0.033,0.106,complements
Confluence,Data Visualization,0.033,0.32,complements
BigQuery,Flink,0.033,0.35,complements
Kafka,Pandas,0.033,0.154,complements
PHP,Windows,0.033,0.489,complements
Spring Boot,Vue,0.033,0.406,complements
ETL,REST API,0.033,0.242,complements
Data Visualization,Flink,0.032,0.153,complements
ArgoCD,Linux,0.032,0.265,complements
OWASP,Python,0.032,0.259,complements
Data Governance,Kanban,0.032,0.213,complements
Big Data,Redis,0.032,0.457,complements
Bash,Distributed Systems,0.032,0.342,complements
JSON,System Design,0.032,0.331,complements
Looker,Statistical Analysis,0.032,0.252,complements
ETL,Salesforce,0.032,0.163,complements
MuleSoft,jQuery,0.032,0.179,complements
PowerShell,Risk Management,0.032,0.154,complements
SageMaker,Snowflake,0.032,0.197,complements
Figma,Kanban,0.032,0.229,complements
LLMs / GenAI,Looker,0.032,0.094,complements
GitLab,Incident Response,0.032,0.049,complements
DevOps,Pulumi,0.032,0.312,complements
Angular,Windows,0.032,0.198,complements
CSS,MuleSoft,0.032,0.157,complements
BigQuery,Datadog,0.032,0.237,complements
JSON,Redis,0.032,0.362,complements
Java,Prototyping,0.032,0.122,complements
FastAPI,REST API,0.032,0.519,complements
Data Visualization,React,0.032,0.247,complements
Confluence,Prototyping,0.032,0.221,complements
SIEM,System Design,0.032,0.165,complements
Active Directory,Burp Suite,0.032,0.187,complements
JavaScript,R,0.032,0.467,complements
Cybersecurity,ServiceNow,0.032,0.197,complements
Flask,Microservices,0.032,0.389,complements
Azure,Stakeholder Mgmt,0.032,0.158,complements
ETL,Unit Testing,0.032,0.265,complements
Kanban,User Research,0.032,0.304,complements
Machine Learning,Redis,0.032,0.128,complements
Data Modeling,Kanban,0.032,0.262,complements
MuleSoft,React,0.032,0.334,complements
NoSQL,System Design,0.032,0.184,complements
Datadog,Jira,0.032,0.323,complements
GCP,JSON,0.032,0.266,complements
Kanban,PyTorch,0.032,0.151,complements
DynamoDB,JSON,0.032,0.357,complements
CI/CD,Power BI,0.032,0.263,complements
Airflow,Elasticsearch,0.032,0.281,complements
Flink,MySQL,0.032,0.244,complements
VMware,Zero Trust,0.032,0.222,complements
Data Analysis,XGBoost,0.032,0.146,complements
A/B Testing,Data Modeling,0.032,0.253,complements
Redis,Vue,0.032,0.114,complements
Informatica,dbt,0.032,0.484,complements
Microservices,PHP,0.032,0.421,complements
Python,Superset,0.032,0.427,complements
Data Visualization,PostgreSQL,0.032,0.245,complements
Git,Snowflake,0.032,0.179,complements
System Design,Terraform,0.032,0.45,complements
BigQuery,Redis,0.032,0.387,complements
Pandas,PostgreSQL,0.032,0.343,complements
Power BI,jQuery,0.032,0.236,complements
Jira,Ruby,0.032,0.282,complements
Confluence,Go,0.032,0.339,complements
Kafka,TensorFlow,0.032,0.153,complements
DevOps,MuleSoft,0.032,0.339,complements
GitLab,VMware,0.032,0.264,complements
Oracle,ServiceNow,0.032,0.301,complements
Data Pipeline,XGBoost,0.032,0.178,complements
Cybersecurity,System Design,0.032,0.187,complements
Java,ServiceNow,0.032,0.379,complements
Confluence,Prometheus,0.032,0.239,complements
GitLab,Redis,0.032,0.245,complements
Python,Salesforce,0.032,0.328,complements
HTML,PowerShell,0.032,0.201,complements
Data Warehousing,Jupyter,0.032,0.316,complements
Elasticsearch,XML,0.032,0.336,complements
Flink,Jenkins,0.032,0.451,complements
Git,Linear,0.032,0.456,complements
BigQuery,MySQL,0.032,0.425,complements
Ansible,Node.js,0.032,0.348,complements
Data Analysis,ServiceNow,0.032,0.157,complements
OWASP,PowerShell,0.031,0.194,complements
Oracle,R,0.031,0.285,complements
CI/CD,Incident Response,0.031,0.263,complements
AWS,Statistical Analysis,0.031,0.04,complements
Data Modeling,Jupyter,0.031,0.243,complements
Databricks,DynamoDB,0.031,0.349,complements
Elasticsearch,Kanban,0.031,0.2,complements
Data Visualization,Microservices,0.031,0.172,complements
Kotlin,Machine Learning,0.031,0.15,complements
Swift,XML,0.031,0.356,complements
CI/CD,Informatica,0.031,0.207,complements
Airflow,Distributed Systems,0.031,0.343,complements
Data Modeling,GitHub,0.031,0.082,complements
Informatica,R,0.031,0.23,complements
Elasticsearch,FastAPI,0.031,0.323,complements
Helm,Spring Boot,0.031,0.397,complements
.NET,System Design,0.031,0.401,complements
Kotlin,XML,0.031,0.362,complements
ETL,GitHub,0.031,0.111,complements
Informatica,Kafka,0.031,0.404,complements
Java,Pandas,0.031,0.207,complements
Data Pipeline,Go,0.031,0.311,complements
Informatica,Jenkins,0.031,0.513,complements
Flink,Go,0.031,0.268,complements
JavaScript,NetSuite,0.031,0.153,complements
Next.js,Vue,0.031,0.58,complements
Distributed Systems,Kotlin,0.031,0.313,complements
C#,Salesforce,0.031,0.213,complements
LLMs / GenAI,Risk Management,0.031,0.084,complements
FastAPI,MongoDB,0.031,0.387,complements
Kanban,NLP,0.031,0.135,complements
DynamoDB,Unix,0.031,0.215,complements
Git,Prototyping,0.031,0.12,complements
Grafana,JSON,0.031,0.349,complements
Data Analysis,Flink,0.031,0.105,complements
BigQuery,NumPy,0.031,0.206,complements
ETL,Statistical Analysis,0.031,0.329,complements
GitLab,Spark,0.031,0.366,complements
Jira,User Research,0.031,0.244,complements
Datadog,dbt,0.031,0.172,complements
Docker,SageMaker,0.031,0.313,complements
Data Visualization,LLMs / GenAI,0.031,0.144,complements
Deep Learning,Prompt Engineering,0.031,0.191,complements
C,SQL,0.031,0.308,complements
C,Jenkins,0.031,0.249,complements
Agile / Scrum,SAP,0.031,0.243,complements
Data Governance,Salesforce,0.031,0.341,complements
Software Architecture,Windows,0.031,0.379,complements
Python,jQuery,0.031,0.208,complements
Kafka,dbt,0.031,0.224,complements
Django,GraphQL,0.031,0.363,complements
Data Pipeline,REST API,0.031,0.14,complements
MySQL,Software Architecture,0.031,0.232,complements
Data Modeling,Microsoft Fabric,0.031,0.344,complements
Azure,BigQuery,0.031,0.404,complements
A/B Testing,HTML,0.031,0.091,complements
Kotlin,MLflow,0.031,0.169,complements
Oracle,Workday,0.031,0.275,complements
MySQL,VMware,0.031,0.129,complements
Big Data,React,0.031,0.053,complements
Data Analysis,Figma,0.031,0.098,complements
Linear,SageMaker,0.031,0.211,complements
Docker,Jupyter,0.031,0.163,complements
FastAPI,GitHub,0.031,0.257,complements
Hadoop,Spring,0.031,0.221,complements
Data Visualization,MATLAB,0.031,0.227,complements
MongoDB,R,0.031,0.119,complements
Kanban,Spring,0.031,0.077,complements
AWS,ServiceNow,0.031,0.449,complements
Cassandra,JSON,0.031,0.304,complements
Databricks,Oracle,0.031,0.295,complements
Data Analysis,TypeScript,0.031,0.08,complements
Kotlin,Spark,0.031,0.184,complements
C++,JSON,0.031,0.424,complements
GCP,Risk Management,0.03,0.072,complements
Ruby,Spark,0.03,0.227,complements
AWS,FastAPI,0.03,0.3,complements
Spark,Trino,0.03,0.624,complements
Bash,HTML,0.03,0.302,complements
DynamoDB,Jira,0.03,0.19,complements
CI/CD,Pulumi,0.03,0.324,complements
Jira,SSIS,0.03,0.329,complements
Hadoop,Ruby,0.03,0.229,complements
GitHub,Informatica,0.03,0.191,complements
GitLab,Machine Learning,0.03,0.089,complements
Distributed Systems,NLP,0.03,0.164,complements
FastAPI,Kafka,0.03,0.349,complements
FastAPI,NLP,0.03,0.118,complements
PostgreSQL,Splunk,0.03,0.336,complements
GCP,SIEM,0.03,0.174,complements
NumPy,SageMaker,0.03,0.216,complements
C++,Flink,0.03,0.279,complements
DevOps,OWASP,0.03,0.193,complements
Kubernetes,Redshift,0.03,0.311,complements
Amplitude,Data Analysis,0.03,0.264,complements
GraphQL,Prometheus,0.03,0.294,complements
Alteryx,Databricks,0.03,0.275,complements
Go,Vue,0.03,0.366,complements
Kafka,NLP,0.03,0.047,complements
Cassandra,R,0.03,0.068,complements
Data Modeling,Data Observability,0.03,0.32,complements
Firebase,JavaScript,0.03,0.401,complements
NumPy,Statistical Analysis,0.03,0.137,complements
DevOps,LLMs / GenAI,0.03,0.143,complements
C#,R,0.03,0.396,complements
Hadoop,Microsoft Fabric,0.03,0.319,complements
JSON,Software Architecture,0.03,0.408,complements
Ansible,CISSP,0.03,0.241,complements
Elasticsearch,Oracle,0.03,0.321,complements
Flask,GitLab,0.03,0.317,complements
SQL,Superset,0.03,0.335,complements
Scala,Software Architecture,0.03,0.308,complements
Python,ServiceNow,0.03,0.461,complements
Looker,NumPy,0.03,0.213,complements
Flink,R,0.03,0.253,complements
Databricks,Jira,0.03,0.07,complements
Flink,Git,0.03,0.25,complements
Data Modeling,HTML,0.03,0.339,complements
Confluence,Scala,0.03,0.239,complements
Agile / Scrum,OWASP,0.03,0.161,complements
C#,Elasticsearch,0.03,0.16,complements
Prompt Engineering,Python,0.03,0.306,complements
MATLAB,NLP,0.03,0.186,complements
Data Warehousing,Pandas,0.03,0.273,complements
Prefect,Spark,0.03,0.512,complements
TensorFlow,Vector Databases,0.03,0.161,complements
Data Visualization,Elasticsearch,0.03,0.224,complements
GitHub,SageMaker,0.03,0.289,complements
Looker,SAS,0.03,0.407,complements
Ansible,Oracle,0.03,0.231,complements
Elasticsearch,Redshift,0.03,0.455,complements
Distributed Systems,Spring Boot,0.03,0.304,complements
Agile / Scrum,Prometheus,0.03,0.074,complements
Microservices,MuleSoft,0.03,0.517,complements
Data Visualization,Linux,0.03,0.202,complements
Agile / Scrum,Rust,0.03,0.118,complements
FastAPI,TensorFlow,0.03,0.204,complements
GitLab,OWASP,0.03,0.12,complements
Flask,Linux,0.03,0.281,complements
GitHub,Next.js,0.03,0.231,complements
Distributed Systems,Pulumi,0.03,0.42,complements
Azure,Looker,0.03,0.369,complements
C,DevOps,0.03,0.385,complements
Git,SSIS,0.03,0.286,complements
Redis,Rust,0.03,0.391,complements
Terraform,Zero Trust,0.03,0.29,complements
Airflow,Informatica,0.03,0.53,complements
A/B Testing,CSS,0.03,0.079,complements
Jira,Scala,0.03,0.265,complements
GraphQL,Machine Learning,0.03,0.184,complements
Ansible,Unit Testing,0.03,0.286,complements
PowerShell,jQuery,0.03,0.162,complements
Active Directory,Unix,0.03,0.306,complements
Docker,Redshift,0.03,0.162,complements
C,Data Analysis,0.03,0.049,complements
Docker,Swift,0.03,0.328,complements
Airflow,NLP,0.03,0.072,complements
Data Analysis,Elasticsearch,0.03,0.256,complements
ETL,Flink,0.03,0.29,complements
C#,OWASP,0.03,0.337,complements
Databricks,Docker,0.03,0.131,complements
Bash,REST API,0.03,0.206,complements
Kotlin,TensorFlow,0.03,0.185,complements
Firebase,REST API,0.03,0.338,complements
DevOps,Firewalls,0.03,0.131,complements
Kotlin,Redis,0.03,0.334,complements
Deep Learning,Vector Databases,0.03,0.194,complements
Java,SageMaker,0.03,0.286,complements
JSON,Splunk,0.03,0.429,complements
Linux,Pandas,0.03,0.129,complements
JavaScript,Tableau,0.03,0.302,complements
Kafka,Power BI,0.03,0.255,complements
OWASP,REST API,0.029,0.418,complements
Confluence,Datadog,0.029,0.131,complements
Hadoop,Spring Boot,0.029,0.281,complements
Flink,Jira,0.029,0.139,complements
Confluence,Data Warehousing,0.029,0.257,complements
Risk Management,ServiceNow,0.029,0.101,complements
SQL,Workday,0.029,0.136,complements
Cybersecurity,Docker,0.029,0.05,complements
GitHub,Redshift,0.029,0.15,complements
PostgreSQL,Power BI,0.029,0.36,complements
Flink,TensorFlow,0.029,0.235,complements
Power BI,REST API,0.029,0.179,complements
Flask,NLP,0.029,0.134,complements
GitHub,Salesforce,0.029,0.211,complements
SageMaker,Statistical Analysis,0.029,0.058,complements
Machine Learning,Windows,0.029,0.053,complements
Azure,Kotlin,0.029,0.241,complements
Node.js,Svelte,0.029,0.657,complements
Ansible,System Design,0.029,0.395,complements
Node.js,Prometheus,0.029,0.179,complements
System Design,TypeScript,0.029,0.154,complements
Node.js,System Design,0.029,0.199,complements
Firewalls,GCP,0.029,0.132,complements
Amplitude,R,0.029,0.277,complements
Bash,CISSP,0.029,0.238,complements
AWS,C,0.029,0.221,complements
R,dbt,0.029,0.159,complements
Jenkins,ServiceNow,0.029,0.509,complements
GitHub,LLMs / GenAI,0.029,0.074,complements
Git,dbt,0.029,0.386,complements
DevOps,Hive,0.029,0.076,complements
Hive,JSON,0.029,0.321,complements
NumPy,Power BI,0.029,0.134,complements
DynamoDB,Scala,0.029,0.281,complements
Linux,R,0.029,0.296,complements
OWASP,Risk Management,0.029,0.427,complements
Flask,Kanban,0.029,0.155,complements
Go,Snowflake,0.029,0.247,complements
Data Governance,Elasticsearch,0.029,0.155,complements
Google Analytics,MySQL,0.029,0.241,complements
Ansible,XML,0.029,0.281,complements
DevOps,Stakeholder Mgmt,0.029,0.236,complements
Bash,Machine Learning,0.029,0.158,complements
Apache Iceberg,SQL,0.029,0.353,complements
NLP,Software Architecture,0.029,0.116,complements
Kanban,TensorFlow,0.029,0.151,complements
Grafana,TypeScript,0.029,0.161,complements
Git,OWASP,0.029,0.227,complements
Cybersecurity,Git,0.029,0.208,complements
Data Analysis,SageMaker,0.029,0.253,complements
Data Visualization,HTML,0.029,0.252,complements
ArgoCD,Microservices,0.029,0.44,complements
A/B Testing,Data Warehousing,0.029,0.165,complements
MATLAB,Prototyping,0.029,0.044,complements
CSS,Data Visualization,0.029,0.351,complements
Microservices,Ruby,0.029,0.399,complements
AWS,OWASP,0.029,0.214,complements
Salesforce,Snowflake,0.029,0.384,complements
PyTorch,Snowflake,0.029,0.061,complements
NoSQL,Swift,0.029,0.169,complements
C,XML,0.029,0.455,complements
Django,TensorFlow,0.029,0.192,complements
Data Modeling,JSON,0.029,0.499,complements
Data Warehousing,Stakeholder Mgmt,0.029,0.125,complements
Spark,Splunk,0.029,0.283,complements
CSS,Cassandra,0.029,0.095,complements
Oracle,VMware,0.029,0.192,complements
Django,Elasticsearch,0.029,0.263,complements
LangChain,R,0.029,0.343,complements
Active Directory,Oracle,0.029,0.271,complements
LLMs / GenAI,Snowflake,0.029,0.096,complements
Metabase,SQL,0.029,0.439,complements
GCP,Linear,0.029,0.122,complements
Data Modeling,XML,0.029,0.549,complements
A/B Testing,JavaScript,0.029,0.184,complements
Kafka,NumPy,0.029,0.081,complements
Datadog,Unit Testing,0.029,0.102,complements
CSS,Google Analytics,0.029,0.326,complements
Data Governance,Fivetran,0.029,0.427,complements
Data Modeling,Terraform,0.029,0.262,complements
C++,PowerShell,0.029,0.287,complements
Data Visualization,Kubernetes,0.029,0.104,complements
Dagster,TensorFlow,0.029,0.132,complements
Kanban,Unix,0.029,0.191,complements
NoSQL,Prometheus,0.029,0.216,complements
Salesforce,Stakeholder Mgmt,0.029,0.251,complements
GCP,Pulumi,0.029,0.571,complements
Java,OWASP,0.029,0.328,complements
Data Modeling,SAP,0.029,0.339,complements
Tableau,TensorFlow,0.029,0.153,complements
Docker,OWASP,0.029,0.111,complements
Jira,VMware,0.029,0.138,complements
Confluence,DynamoDB,0.028,0.284,complements
Docker,R,0.028,0.249,complements
Dagster,SQL,0.028,0.263,complements
Hive,Splunk,0.028,0.366,complements
Jupyter,PostgreSQL,0.028,0.252,complements
Datadog,SQL,0.028,0.085,complements
Angular,Unix,0.028,0.165,complements
Scala,Terraform,0.028,0.391,complements
Kubernetes,Next.js,0.028,0.232,complements
Data Analysis,Splunk,0.028,0.246,complements
Risk Management,Software Architecture,0.028,0.241,complements
Grafana,Hive,0.028,0.263,complements
Ruby,Scala,0.028,0.417,complements
Node.js,Splunk,0.028,0.261,complements
ArgoCD,GCP,0.028,0.282,complements
Jupyter,Snowflake,0.028,0.232,complements
BigQuery,Power BI,0.028,0.461,complements
Spring,System Design,0.028,0.247,complements
Redis,Snowflake,0.028,0.406,complements
DynamoDB,ETL,0.028,0.221,complements
Big Data,Penetration Testing,0.028,0.205,complements
Data Governance,Risk Management,0.028,0.293,complements
BigQuery,Pandas,0.028,0.341,complements
GCP,SageMaker,0.028,0.43,complements
CSS,PowerShell,0.028,0.234,complements
Kubernetes,Swift,0.028,0.2,complements
Prefect,Python,0.028,0.51,complements
NoSQL,PHP,0.028,0.237,complements
Node.js,Snowflake,0.028,0.105,complements
Databricks,MongoDB,0.028,0.351,complements
GitLab,Kanban,0.028,0.23,complements
REST API,System Design,0.028,0.167,complements
HTML,Swift,0.028,0.362,complements
Data Governance,Workday,0.028,0.292,complements
C,Confluence,0.028,0.23,complements
Kafka,PyTorch,0.028,0.153,complements
LLMs / GenAI,Tableau,0.028,0.176,complements
.NET,GCP,0.028,0.214,complements
Hive,dbt,0.028,0.372,complements
AWS,Linear,0.028,0.122,complements
Prompt Engineering,React,0.028,0.258,complements
ClickHouse,Python,0.028,0.252,complements
Salesforce,ServiceNow,0.028,0.509,complements
Cassandra,HTML,0.028,0.149,complements
Hadoop,JavaScript,0.028,0.236,complements
Confluence,MuleSoft,0.028,0.355,complements
Next.js,Unit Testing,0.028,0.064,complements
Flink,NLP,0.028,0.126,complements
JavaScript,SAS,0.028,0.209,complements
CISSP,DevOps,0.028,0.26,complements
CSS,Power BI,0.028,0.251,complements
Angular,Data Analysis,0.028,0.114,complements
Ruby,Rust,0.028,0.402,complements
Prometheus,REST API,0.028,0.207,complements
Distributed Systems,Hive,0.028,0.183,complements
Data Analysis,Microsoft Fabric,0.028,0.193,complements
CSS,DynamoDB,0.028,0.111,complements
Prometheus,TypeScript,0.028,0.133,complements
Airflow,Power BI,0.028,0.448,complements
MongoDB,Windows,0.028,0.253,complements
Power BI,Scala,0.028,0.218,complements
GCP,Swift,0.028,0.218,complements
.NET,Kotlin,0.028,0.496,complements
Cassandra,XML,0.028,0.316,complements
JSON,Power BI,0.028,0.316,complements
JavaScript,Snowflake,0.028,0.152,complements
Elasticsearch,Next.js,0.028,0.159,complements
Grafana,Spring,0.028,0.167,complements
Elasticsearch,Flask,0.028,0.259,complements
BigQuery,GitHub,0.028,0.133,complements
Jira,PHP,0.028,0.295,complements
GitHub,Pulumi,0.028,0.368,complements
Data Pipeline,Node.js,0.028,0.157,complements
Confluence,Cybersecurity,0.028,0.113,complements
Git,System Design,0.028,0.341,complements
Big Data,Node.js,0.028,0.156,complements
CI/CD,OWASP,0.028,0.262,complements
Metabase,Spark,0.028,0.374,complements
Linear,Linux,0.028,0.218,complements
Big Data,NumPy,0.028,0.171,complements
MongoDB,Pandas,0.027,0.22,complements
React,Windows,0.027,0.288,complements
Ansible,React,0.027,0.225,complements
Helm,Node.js,0.027,0.205,complements
MySQL,Pandas,0.027,0.343,complements
ETL,Fivetran,0.027,0.466,complements
CSS,Data Modeling,0.027,0.195,complements
Dagster,MongoDB,0.027,0.274,complements
Flink,Jupyter,0.027,0.187,complements
Kanban,Vue,0.027,0.129,complements
Flink,Unit Testing,0.027,0.093,complements
Helm,Microservices,0.027,0.508,complements
Airflow,REST API,0.027,0.179,complements
Elasticsearch,Snowflake,0.027,0.455,complements
Jira,NLP,0.027,0.088,complements
Ruby,VMware,0.027,0.212,complements
Bash,Penetration Testing,0.027,0.18,complements
.NET,GitLab,0.027,0.279,complements
Hive,PyTorch,0.027,0.183,complements
Kubernetes,XGBoost,0.027,0.045,complements
Databricks,PostgreSQL,0.027,0.248,complements
Excel,MATLAB,0.027,0.413,complements
Data Modeling,Unix,0.027,0.135,complements
Grafana,Machine Learning,0.027,0.24,complements
CI/CD,Risk Management,0.027,0.234,complements
C++,Statistical Analysis,0.027,0.096,complements
HTML,Kotlin,0.027,0.443,complements
Flink,Power BI,0.027,0.234,complements
Datadog,Spark,0.027,0.238,complements
Kanban,Redis,0.027,0.265,complements
Risk Management,SAP,0.027,0.193,complements
Hugging Face,Python,0.027,0.231,complements
Node.js,Spark,0.027,0.236,complements
Jupyter,Tableau,0.027,0.403,complements
Machine Learning,Oracle,0.027,0.201,complements
Data Pipeline,Unit Testing,0.027,0.2,complements
DevOps,SIEM,0.027,0.273,complements
Confluence,NLP,0.027,0.204,complements
Grafana,Scala,0.027,0.243,complements
Metabase,Python,0.027,0.444,complements
Data Modeling,Redis,0.027,0.371,complements
Dynamics 365,HTML,0.027,0.201,complements
PowerShell,SSIS,0.027,0.306,complements
GitLab,Snowflake,0.027,0.245,complements
Angular,Salesforce,0.027,0.088,complements
DevOps,Informatica,0.027,0.306,complements
Docker,Incident Response,0.027,-0.019,complements
Git,Looker,0.027,0.306,complements
Ruby,Unit Testing,0.027,0.224,complements
Bash,Data Analysis,0.027,0.174,complements
Data Visualization,Risk Management,0.027,0.205,complements
C,Cybersecurity,0.027,0.16,complements
Bash,SOC 2,0.027,0.166,complements
.NET,Kafka,0.027,0.209,complements
Jira,SAP,0.027,0.341,complements
Workday,XML,0.027,0.204,complements
C,HTML,0.027,0.381,complements
Power BI,XML,0.027,0.308,complements
Jenkins,Salesforce,0.027,0.288,complements
MySQL,Splunk,0.027,0.336,complements
Flask,LLMs / GenAI,0.027,0.073,complements
C,PHP,0.027,0.633,complements
Ansible,Django,0.027,0.424,complements
Rust,Swift,0.027,0.526,complements
Airflow,Unit Testing,0.027,0.152,complements
Cassandra,Power BI,0.027,0.175,complements
Data Warehousing,NumPy,0.027,0.054,complements
Azure,Excel,0.027,0.167,complements
Git,VMware,0.027,0.222,complements
Azure,LangChain,0.027,0.167,complements
Data Governance,Distributed Systems,0.027,0.222,complements
C#,Data Modeling,0.027,0.275,complements
Ruby,XML,0.027,0.451,complements
Jupyter,Kubernetes,0.027,0.181,complements
Data Pipeline,Kanban,0.027,0.316,complements
Firewalls,Kubernetes,0.027,0.116,complements
Deep Learning,Kanban,0.027,0.158,complements
Prototyping,System Design,0.027,0.177,complements
Databricks,Distributed Systems,0.027,0.229,complements
SIEM,VMware,0.027,0.128,complements
Jupyter,Rust,0.027,0.34,complements
Bash,Node.js,0.027,0.355,complements
BigQuery,Kubernetes,0.027,0.352,complements
Snowflake,Terraform,0.027,0.312,complements
Apache Iceberg,DevOps,0.027,0.069,complements
System Design,Unix,0.027,0.34,complements
C++,Grafana,0.027,0.237,complements
Data Analysis,Fivetran,0.027,0.222,complements
Firebase,TypeScript,0.027,0.218,complements
Data Analysis,Metabase,0.027,0.267,complements
Grafana,React,0.027,0.267,complements
Elasticsearch,Firebase,0.027,0.272,complements
Kotlin,Terraform,0.027,0.304,complements
Pandas,Statistical Analysis,0.027,0.248,complements
Data Modeling,Elasticsearch,0.027,0.279,complements
Power BI,Workday,0.027,0.243,complements
DynamoDB,Software Architecture,0.027,0.16,complements
Node.js,Windows,0.027,0.492,complements
GitHub,Scala,0.027,0.236,complements
Django,Java,0.027,0.385,complements
Jenkins,OWASP,0.027,0.168,complements
Data Modeling,Linux,0.027,0.125,complements
REST API,Snowflake,0.027,0.136,complements
Data Visualization,User Research,0.027,0.328,complements
SQL,scikit-learn,0.027,0.16,complements
Microservices,NLP,0.026,0.049,complements
Power BI,Risk Management,0.026,0.269,complements
GCP,VMware,0.026,0.546,complements
MongoDB,Power BI,0.026,0.311,complements
DynamoDB,Flink,0.026,0.327,complements
BigQuery,Grafana,0.026,0.384,complements
SAS,TensorFlow,0.026,0.139,complements
Risk Management,Unix,0.026,0.059,complements
Looker,Stakeholder Mgmt,0.026,0.112,complements
FastAPI,GraphQL,0.026,0.466,complements
NoSQL,Pandas,0.026,0.051,complements
Databricks,Flask,0.026,0.248,complements
CI/CD,VMware,0.026,0.274,complements
NoSQL,jQuery,0.026,0.068,complements
Redis,Scala,0.026,0.46,complements
.NET,C,0.026,0.53,complements
Kubernetes,jQuery,0.026,0.089,complements
Dagster,Docker,0.026,0.294,complements
MongoDB,SageMaker,0.026,0.237,complements
Looker,NoSQL,0.026,0.245,complements
Ruby,Swift,0.026,0.398,complements
Segment,System Design,0.026,0.23,complements
Docker,Next.js,0.026,0.313,complements
Deep Learning,Unix,0.026,0.008,complements
Incident Response,VMware,0.026,-0.005,complements
AWS,BigQuery,0.026,0.404,complements
Jenkins,Redshift,0.026,0.366,complements
Kotlin,Linux,0.026,0.433,complements
Salesforce,Unit Testing,0.026,0.053,complements
Kubernetes,OWASP,0.026,0.105,complements
Airflow,LLMs / GenAI,0.026,0.118,complements
Data Analysis,Superset,0.026,0.288,complements
ETL,Elasticsearch,0.026,0.252,complements
Python,SAP,0.026,0.368,complements
Data Modeling,Distributed Systems,0.026,0.314,complements
Jupyter,Looker,0.026,0.318,complements
GraphQL,Software Architecture,0.026,0.234,complements
BigQuery,CI/CD,0.026,0.131,complements
Big Data,Spring,0.026,0.217,complements
Flink,Rust,0.026,0.155,complements
Ansible,Spring Boot,0.026,0.449,complements
CSS,Machine Learning,0.026,0.112,complements
Databricks,FastAPI,0.026,0.323,complements
DynamoDB,Flask,0.026,0.258,complements
MySQL,R,0.026,0.344,complements
Oracle,Software Architecture,0.026,0.335,complements
Cybersecurity,LLMs / GenAI,0.026,0.038,complements
.NET,ETL,0.026,0.177,complements
Prometheus,Spark,0.026,0.29,complements
Grafana,Spring Boot,0.026,0.219,complements
Rust,Terraform,0.026,0.356,complements
NetSuite,SAP,0.026,0.728,complements
Informatica,Jira,0.026,0.274,complements
DevOps,SOC 2,0.026,0.196,complements
Dagster,GCP,0.026,0.288,complements
CISSP,Kubernetes,0.026,0.025,complements
Deep Learning,Distributed Systems,0.026,0.289,complements
Cassandra,ETL,0.026,0.101,complements
GitHub,Hive,0.026,0.152,complements
Rust,Unit Testing,0.026,0.322,complements
CSS,Kotlin,0.026,0.427,complements
Distributed Systems,Unix,0.026,0.446,complements
Data Modeling,Software Architecture,0.026,0.5,complements
MongoDB,NLP,0.026,0.122,complements
Data Analysis,Terraform,0.026,0.186,complements
Hadoop,dbt,0.026,0.277,complements
PHP,Unix,0.026,0.291,complements
Django,Jira,0.026,0.205,complements
Linux,NLP,0.026,0.003,complements
Dagster,Scala,0.026,0.377,complements
Jenkins,Tableau,0.026,0.371,complements
Data Warehousing,REST API,0.026,0.18,complements
Databricks,SAP,0.026,0.162,complements
CI/CD,dbt,0.026,0.279,complements
Data Governance,Git,0.026,0.271,complements
Informatica,Machine Learning,0.026,0.18,complements
DynamoDB,Linux,0.026,0.306,complements
Datadog,JSON,0.026,0.257,complements
Django,Kanban,0.026,0.188,complements
Airflow,Angular,0.026,0.092,complements
Grafana,Incident Response,0.026,0.209,complements
LLMs / GenAI,MLflow,0.026,0.251,complements
CI/CD,SageMaker,0.026,0.402,complements
Unit Testing,dbt,0.026,0.111,complements
CISSP,Jira,0.026,0.257,complements
Snowflake,Statistical Analysis,0.026,0.184,complements
Data Pipeline,GitLab,0.026,0.332,complements
Rust,Software Architecture,0.026,0.391,complements
Angular,Power BI,0.026,0.206,complements
PostgreSQL,Svelte,0.026,0.257,complements
Data Pipeline,FastAPI,0.025,0.193,complements
Airflow,Prometheus,0.025,0.32,complements
DevOps,FastAPI,0.025,0.165,complements
Data Warehousing,Elasticsearch,0.025,0.41,complements
Hadoop,Prometheus,0.025,0.261,complements
AWS Security,Risk Management,0.025,0.336,complements
Apache Iceberg,Machine Learning,0.025,0.297,complements
Airflow,Node.js,0.025,0.185,complements
Flask,Ruby,0.025,0.512,complements
Data Pipeline,Jupyter,0.025,0.193,complements
DevOps,Prototyping,0.025,0.237,complements
Jupyter,dbt,0.025,0.273,complements
Penetration Testing,Unix,0.025,0.272,complements
Cassandra,Looker,0.025,0.223,complements
GitHub,OWASP,0.025,0.118,complements
Jira,Vue,0.025,0.145,complements
HTML,Spark,0.025,0.113,complements
Data Pipeline,Jira,0.025,0.21,complements
Machine Learning,Rust,0.025,0.084,complements
MATLAB,PyTorch,0.025,0.177,complements
ServiceNow,jQuery,0.025,0.098,complements
Data Visualization,System Design,0.025,0.203,complements
Azure,SAP,0.025,0.258,complements
Cybersecurity,Stakeholder Mgmt,0.025,0.121,complements
.NET,MuleSoft,0.025,0.35,complements
Flink,Tableau,0.025,0.212,complements
Splunk,Swift,0.025,0.244,complements
Flink,GitHub,0.025,0.139,complements
CSS,Swift,0.025,0.35,complements
Snowflake,TensorFlow,0.025,0.061,complements
CI/CD,Prototyping,0.025,0.421,complements
Linux,OWASP,0.025,0.275,complements
CI/CD,FastAPI,0.025,0.165,complements
Jenkins,Vue,0.025,0.231,complements
Grafana,Unix,0.025,0.218,complements
Confluence,Looker,0.025,0.369,complements
Ansible,Risk Management,0.025,0.156,complements
Helm,PHP,0.025,0.245,complements
Fine-tuning,R,0.025,0.065,complements
MATLAB,Risk Management,0.025,0.023,complements
Big Data,Risk Management,0.025,0.064,complements
Docker,Pulumi,0.025,0.324,complements
HTML,SSIS,0.025,0.127,complements
Data Pipeline,Grafana,0.025,0.306,complements
Data Modeling,Spring,0.025,0.172,complements
GCP,System Design,0.025,0.251,complements
.NET,Terraform,0.025,0.372,complements
SAP,Windows,0.025,0.262,complements
CI/CD,MLflow,0.025,0.365,complements
A/B Testing,GraphQL,0.025,0.188,complements
DynamoDB,Hadoop,0.025,0.364,complements
FastAPI,Microservices,0.025,0.355,complements
Bash,CSS,0.025,0.286,complements
Big Data,System Design,0.025,0.474,complements
Microsoft Fabric,Python,0.025,0.464,complements
C++,Django,0.025,0.322,complements
Agile / Scrum,Workday,0.025,0.108,complements
BigQuery,Jupyter,0.025,0.241,complements
Big Data,Kotlin,0.025,0.134,complements
FastAPI,SQL,0.025,0.231,complements
SAS,Unix,0.025,0.18,complements
Django,Kafka,0.025,0.273,complements
Big Data,Grafana,0.025,0.247,complements
ETL,JavaScript,0.025,0.289,complements
BigQuery,Cassandra,0.025,0.393,complements
LLMs / GenAI,TypeScript,0.025,0.271,complements
ETL,Linux,0.025,0.361,complements
Machine Learning,Superset,0.025,0.257,complements
REST API,Rust,0.025,0.212,complements
Elasticsearch,Tableau,0.025,0.361,complements
Scala,Splunk,0.025,0.439,complements
Helm,Redis,0.025,0.268,complements
Bash,Unit Testing,0.025,0.394,complements
Node.js,Prototyping,0.025,0.107,complements
Dagster,NoSQL,0.025,0.229,complements
CISSP,Data Analysis,0.025,0.14,complements
React,User Research,0.025,0.335,complements
Data Warehousing,PyTorch,0.025,0.067,complements
Data Visualization,Fivetran,0.025,0.294,complements
Redis,XML,0.025,0.377,complements
AWS Security,Unix,0.025,0.072,complements
AWS,SOC 2,0.025,0.318,complements
A/B Testing,Salesforce,0.025,0.105,complements
Airflow,Oracle,0.025,0.221,complements
C++,SageMaker,0.025,0.301,complements
Prometheus,Spring Boot,0.025,0.297,complements
CSS,Terraform,0.025,0.299,complements
Fivetran,Power BI,0.025,0.456,complements
Hive,Statistical Analysis,0.025,0.096,complements
Jupyter,Power BI,0.025,0.346,complements
HTML,System Design,0.025,0.259,complements
Airflow,Microservices,0.025,0.272,complements
NLP,Node.js,0.025,0.08,complements
Data Governance,PostgreSQL,0.025,0.197,complements
C,Oracle,0.025,0.239,complements
HTML,OWASP,0.025,0.404,complements
Kanban,MuleSoft,0.025,0.174,complements
Kanban,R,0.025,0.188,complements
Power BI,Superset,0.025,0.859,substitutes
Airflow,Deep Learning,0.025,0.135,complements
GitLab,Hadoop,0.025,0.317,complements
JSON,Ruby,0.025,0.369,complements
Datadog,Unix,0.025,0.273,complements
Splunk,Tableau,0.025,0.298,complements
Firebase,MySQL,0.025,0.293,complements
Power BI,PowerShell,0.025,0.28,complements
Snowflake,Splunk,0.025,0.302,complements
Incident Response,SOC 2,0.025,0.466,complements
Big Data,MLflow,0.025,0.345,complements
GitHub,NLP,0.025,-0.025,complements
MLflow,R,0.025,0.252,complements
Confluence,Databricks,0.025,0.14,complements
Flink,NumPy,0.025,0.204,complements
Prototyping,Software Architecture,0.024,0.272,complements
Elasticsearch,Pandas,0.024,0.235,complements
Firebase,Redis,0.024,0.328,complements
Informatica,SageMaker,0.024,0.242,complements
Confluence,ETL,0.024,0.277,complements
Datadog,Flink,0.024,0.241,complements
ArgoCD,JSON,0.024,0.124,complements
Oracle,Vue,0.024,0.122,complements
Data Modeling,DynamoDB,0.024,0.409,complements
.NET,Swift,0.024,0.513,complements
Figma,jQuery,0.024,0.367,complements
PostgreSQL,System Design,0.024,0.154,complements
BigQuery,Docker,0.024,0.141,complements
Dagster,Data Analysis,0.024,0.224,complements
C#,Scala,0.024,0.568,complements
Prometheus,Windows,0.024,0.285,complements
MySQL,SageMaker,0.024,0.255,complements
Google Analytics,PHP,0.024,0.295,complements
Jupyter,Scala,0.024,0.432,complements
Cassandra,Kanban,0.024,0.231,complements
C,React,0.024,0.344,complements
Informatica,JSON,0.024,0.441,complements
Azure,Statistical Analysis,0.024,0.04,complements
NoSQL,NumPy,0.024,0.006,complements
GitLab,Tableau,0.024,0.196,complements
Data Analysis,XML,0.024,0.224,complements
Data Analysis,JSON,0.024,0.197,complements
Prefect,SQL,0.024,0.182,complements
Data Modeling,SageMaker,0.024,0.177,complements
Pandas,Redis,0.024,0.202,complements
BigQuery,Jenkins,0.024,0.353,complements
Snowflake,Vue,0.024,0.06,complements
MATLAB,NumPy,0.024,0.572,complements
Datadog,Rust,0.024,0.199,complements
Amplitude,SQL,0.024,0.292,complements
Databricks,Django,0.024,0.243,complements
MuleSoft,Power BI,0.024,0.354,complements
Jira,System Design,0.024,0.354,complements
Jenkins,Power BI,0.024,0.341,complements
Azure,Prototyping,0.024,-0.006,complements
GCP,SOC 2,0.024,0.318,complements
Confluence,Django,0.024,0.251,complements
Hive,Kanban,0.024,0.21,complements
Alteryx,JavaScript,0.024,0.338,complements
CI/CD,Tableau,0.024,0.194,complements
DynamoDB,Vue,0.024,0.166,complements
Active Directory,JSON,0.024,0.281,complements
Dagster,Terraform,0.024,0.472,complements
BigQuery,DevOps,0.024,0.167,complements
MuleSoft,Unit Testing,0.024,0.131,complements
Prometheus,SQL,0.024,0.19,complements
OWASP,jQuery,0.024,0.238,complements
GitLab,SageMaker,0.024,0.364,complements
JSON,Spark,0.024,0.277,complements
Distributed Systems,Incident Response,0.024,0.171,complements
Elasticsearch,NLP,0.024,0.204,complements
AWS,LangChain,0.024,0.167,complements
Azure,Linear,0.024,0.122,complements
CISSP,Unix,0.024,0.156,complements
REST API,Redshift,0.024,0.152,complements
C#,GraphQL,0.024,0.369,complements
Data Warehousing,JSON,0.024,0.386,complements
R,Unix,0.024,0.209,complements
Incident Response,Jenkins,0.024,0.063,complements
Unix,jQuery,0.024,0.19,complements
Big Data,C#,0.024,0.197,complements
Data Warehousing,Jenkins,0.024,0.233,complements
Cassandra,Helm,0.024,0.144,complements
Confluence,Data Governance,0.024,0.276,complements
Kanban,Splunk,0.024,0.244,complements
Cassandra,GraphQL,0.024,0.235,complements
ETL,Terraform,0.024,0.379,complements
A/B Testing,Pandas,0.024,0.157,complements
CI/CD,NumPy,0.024,0.064,complements
Java,SAP,0.024,0.454,complements
Risk Management,Statistical Analysis,0.024,0.305,complements
Incident Response,System Design,0.024,0.208,complements
Data Pipeline,React,0.024,0.017,complements
NumPy,Unix,0.024,0.174,complements
FastAPI,GCP,0.024,0.3,complements
DevOps,R,0.024,0.176,complements
MySQL,Power BI,0.024,0.36,complements
Linux,Prototyping,0.024,0.031,complements
C++,Data Pipeline,0.024,0.283,complements
Linear,Scala,0.024,0.211,complements
Data Pipeline,Unix,0.024,0.175,complements
Firebase,Jira,0.024,0.162,complements
Cybersecurity,Oracle,0.024,0.203,complements
Kanban,Snowflake,0.024,0.158,complements
Ansible,Pulumi,0.024,0.393,complements
NLP,React,0.024,0.201,complements
C++,Prometheus,0.024,0.208,complements
Azure,Swift,0.024,0.218,complements
System Design,VMware,0.024,0.263,complements
Active Directory,GCP,0.024,0.442,complements
GitHub,R,0.024,0.2,complements
Machine Learning,Ruby,0.024,0.199,complements
Flask,Unit Testing,0.024,0.187,complements
Bash,Burp Suite,0.024,0.241,complements
C#,Flask,0.023,0.408,complements
GCP,dbt,0.023,0.199,complements
Confluence,SSIS,0.023,0.243,complements
GitLab,GraphQL,0.023,0.211,complements
Cassandra,SageMaker,0.023,0.142,complements
Airflow,Linux,0.023,0.257,complements
BigQuery,Elasticsearch,0.023,0.447,complements
Software Architecture,Spark,0.023,0.129,complements
GitLab,PHP,0.023,0.334,complements
Docker,Trino,0.023,0.172,complements
Kotlin,Ruby,0.023,0.443,complements
Kubernetes,R,0.023,0.099,complements
CISSP,Docker,0.023,0.066,complements
Grafana,Kanban,0.023,0.395,complements
Microservices,Windows,0.023,0.457,complements
Java,Trino,0.023,0.289,complements
ClickHouse,Hadoop,0.023,0.485,complements
Big Data,SSIS,0.023,0.249,complements
NumPy,PostgreSQL,0.023,0.122,complements
Docker,Firewalls,0.023,0.132,complements
Data Governance,SageMaker,0.023,0.11,complements
Active Directory,XML,0.023,0.316,complements
Confluence,User Research,0.023,0.338,complements
Azure,SOC 2,0.023,0.318,complements
CSS,SSIS,0.023,0.162,complements
Angular,SSIS,0.023,0.231,complements
Azure,SAS,0.023,0.059,complements
DevOps,MLflow,0.023,0.246,complements
LangChain,SQL,0.023,0.447,complements
Kotlin,PyTorch,0.023,0.185,complements
Active Directory,Kubernetes,0.023,0.32,complements
PyTorch,Tableau,0.023,0.153,complements
SSIS,Windows,0.023,0.185,complements
Data Visualization,GitHub,0.023,0.059,complements
Data Observability,DevOps,0.023,0.264,complements
Prototyping,TypeScript,0.023,0.103,complements
BigQuery,Statistical Analysis,0.023,0.149,complements
Data Analysis,Redis,0.023,0.226,complements
Agile / Scrum,Helm,0.023,0.258,complements
BigQuery,Git,0.023,0.165,complements
Airflow,C#,0.023,0.23,complements
Active Directory,Jira,0.023,0.296,complements
Kotlin,LLMs / GenAI,0.023,0.29,complements
ETL,Kanban,0.023,0.193,complements
Data Analysis,LangChain,0.023,0.256,complements
DevOps,Flink,0.023,0.312,complements
Go,Kanban,0.023,0.246,complements
Excel,NetSuite,0.023,0.278,complements
Data Warehousing,TensorFlow,0.023,0.067,complements
Google Analytics,jQuery,0.023,0.355,complements
Data Modeling,PyTorch,0.023,0.159,complements
Java,Penetration Testing,0.023,0.107,complements
Active Directory,JavaScript,0.023,0.396,complements
Flask,Tableau,0.023,0.267,complements
GraphQL,PHP,0.023,0.461,complements
Apache Iceberg,Data Visualization,0.023,0.401,complements
Java,VMware,0.023,0.218,complements
Confluence,Deep Learning,0.023,0.054,complements
Looker,Scala,0.023,0.263,complements
Microservices,Rust,0.023,0.198,complements
GitHub,Vue,0.023,0.153,complements
Data Modeling,Pandas,0.023,0.306,complements
Angular,MuleSoft,0.023,0.262,complements
Firebase,Jenkins,0.023,0.275,complements
Data Analysis,Flask,0.023,0.057,complements
Jupyter,Kanban,0.023,0.334,complements
AWS,SSIS,0.023,0.129,complements
Alteryx,SSIS,0.023,0.383,complements
Deep Learning,GitHub,0.023,-0.026,complements
MLflow,SQL,0.023,0.122,complements
Kanban,jQuery,0.023,0.188,complements
Kafka,jQuery,0.023,0.152,complements
C#,Prototyping,0.023,0.13,complements
Spring Boot,System Design,0.023,0.28,complements
AWS,Prototyping,0.023,-0.006,complements
GitHub,Tableau,0.023,0.127,complements
Machine Learning,PHP,0.023,0.155,complements
Google Analytics,Stakeholder Mgmt,0.023,0.026,complements
Datadog,Spring Boot,0.023,0.264,complements
Helm,Software Architecture,0.023,0.249,complements
Cybersecurity,JavaScript,0.023,0.223,complements
Data Visualization,Distributed Systems,0.023,0.227,complements
C#,Data Warehousing,0.023,0.139,complements
.NET,Salesforce,0.023,0.143,complements
Apache Iceberg,Python,0.023,0.29,complements
Redis,System Design,0.023,0.202,complements
NetSuite,SQL,0.023,0.147,complements
JavaScript,LLMs / GenAI,0.023,0.288,complements
C#,DynamoDB,0.023,0.193,complements
Grafana,GraphQL,0.023,0.261,complements
Azure,Workday,0.023,0.61,complements
A/B Testing,Data Governance,0.023,0.23,complements
Excel,SSIS,0.023,0.341,complements
GCP,XML,0.023,0.293,complements
Agile / Scrum,Firebase,0.023,0.055,complements
PostgreSQL,Pulumi,0.023,0.196,complements
Data Warehousing,Terraform,0.023,0.194,complements
Informatica,MongoDB,0.023,0.351,complements
Data Pipeline,SSIS,0.023,0.487,complements
SAP,Workday,0.023,0.383,complements
GitHub,Rust,0.023,0.227,complements
Git,MuleSoft,0.023,0.251,complements
Jira,MuleSoft,0.023,0.291,complements
Data Visualization,SageMaker,0.023,0.111,complements
Software Architecture,jQuery,0.023,0.149,complements
Kafka,LLMs / GenAI,0.023,0.057,complements
Elasticsearch,jQuery,0.023,0.221,complements
Kanban,PHP,0.022,0.231,complements
NoSQL,SageMaker,0.022,0.108,complements
Distributed Systems,Redshift,0.022,0.201,complements
Flink,JavaScript,0.022,0.328,complements
Angular,Helm,0.022,0.212,complements
Kanban,SSIS,0.022,0.391,complements
Informatica,REST API,0.022,0.311,complements
Data Pipeline,Linux,0.022,0.238,complements
Databricks,JSON,0.022,0.234,complements
Elasticsearch,R,0.022,0.243,complements
Microservices,OWASP,0.022,0.316,complements
ClickHouse,Terraform,0.022,0.21,complements
Active Directory,System Design,0.022,0.206,complements
Data Modeling,System Design,0.022,0.384,complements
Data Analysis,PowerShell,0.022,0.127,complements
Bash,TypeScript,0.022,0.344,complements
REST API,Workday,0.022,0.231,complements
Firebase,Ruby,0.022,0.294,complements
A/B Testing,Java,0.022,0.07,complements
SAS,ServiceNow,0.022,0.182,complements
A/B Testing,Angular,0.022,0.051,complements
Penetration Testing,System Design,0.022,0.263,complements
PostgreSQL,Swift,0.022,0.212,complements
Microservices,Tableau,0.022,0.253,complements
A/B Testing,Hive,0.022,0.031,complements
Firebase,HTML,0.022,0.269,complements
Machine Learning,Prometheus,0.022,0.211,complements
Jira,Pandas,0.022,0.156,complements
Firebase,Git,0.022,0.227,complements
Flink,Pandas,0.022,0.159,complements
Informatica,XML,0.022,0.427,complements
.NET,Flask,0.022,0.472,complements
Confluence,Flask,0.022,0.243,complements
Databricks,Elasticsearch,0.022,0.36,complements
Figma,Java,0.022,0.307,complements
Flink,Node.js,0.022,0.235,complements
Informatica,NoSQL,0.022,0.277,complements
Agile / Scrum,SageMaker,0.022,0.179,complements
Grafana,Jupyter,0.022,0.325,complements
Docker,dbt,0.022,0.18,complements
Burp Suite,Windows,0.022,0.176,complements
Java,Jupyter,0.022,0.357,complements
MuleSoft,Oracle,0.022,0.35,complements
BigQuery,Informatica,0.022,0.457,complements
Kafka,SageMaker,0.022,0.278,complements
Datadog,Kanban,0.022,0.22,complements
ArgoCD,Jira,0.022,0.335,complements
Flink,System Design,0.022,0.207,complements
AWS,Svelte,0.022,0.182,complements
REST API,SAP,0.022,0.137,complements
Snowflake,Stakeholder Mgmt,0.022,0.022,complements
Angular,Next.js,0.022,0.623,complements
Cassandra,Pandas,0.022,0.068,complements
Google Analytics,Swift,0.022,0.081,complements
C,GitHub,0.022,0.262,complements
Firewalls,OWASP,0.022,0.284,complements
Grafana,Windows,0.022,0.294,complements
Dynamics 365,JSON,0.022,0.262,complements
Active Directory,C#,0.022,0.331,complements
Flink,REST API,0.022,0.248,complements
C++,Vue,0.022,0.233,complements
Data Governance,MySQL,0.022,0.197,complements
Dagster,MySQL,0.022,0.254,complements
Excel,ServiceNow,0.022,0.172,complements
Docker,Prototyping,0.022,0.125,complements
Redis,Software Architecture,0.022,0.203,complements
HTML,Terraform,0.022,0.302,complements
Excel,Snowflake,0.022,0.393,complements
BigQuery,GraphQL,0.022,0.313,complements
Elasticsearch,Jupyter,0.022,0.332,complements
NetSuite,PHP,0.022,0.188,complements
Cybersecurity,Terraform,0.022,0.262,complements
FastAPI,Kanban,0.022,0.152,complements
SAP,XML,0.022,0.2,complements
Firebase,Java,0.022,0.251,complements
DynamoDB,Kanban,0.022,0.16,complements
DynamoDB,Splunk,0.022,0.297,complements
MongoDB,Splunk,0.022,0.319,complements
Firebase,PostgreSQL,0.022,0.293,complements
CSS,Distributed Systems,0.022,0.258,complements
Go,Incident Response,0.022,0.078,complements
Google Analytics,Machine Learning,0.022,0.166,complements
MongoDB,PowerShell,0.022,0.059,complements
Data Modeling,TensorFlow,0.022,0.159,complements
Kanban,Tableau,0.022,0.399,complements
Data Analysis,NetSuite,0.022,0.148,complements
ServiceNow,Unit Testing,0.022,0.283,complements
.NET,Redis,0.022,0.114,complements
Oracle,TypeScript,0.022,0.183,complements
Databricks,Linear,0.022,0.058,complements
Datadog,Firewalls,0.022,0.327,complements
C,Deep Learning,0.022,0.021,complements
Flink,Splunk,0.022,0.249,complements
Next.js,Swift,0.022,0.287,complements
MongoDB,SOC 2,0.022,0.292,complements
C#,Snowflake,0.022,0.142,complements
Data Visualization,Figma,0.022,0.255,complements
FastAPI,GitLab,0.022,0.347,complements
CI/CD,Pandas,0.022,0.081,complements
C#,Spring,0.022,0.465,complements
Azure,FastAPI,0.022,0.3,complements
AWS,Zero Trust,0.022,0.294,complements
Data Warehousing,Helm,0.022,0.154,complements
Pandas,REST API,0.022,0.068,complements
Kotlin,Splunk,0.022,0.292,complements
Cassandra,Jupyter,0.022,0.229,complements
DynamoDB,Machine Learning,0.022,0.144,complements
Angular,ServiceNow,0.022,0.134,complements
Deep Learning,Kafka,0.022,0.135,complements
Flask,PHP,0.022,0.593,complements
Prototyping,REST API,0.022,0.19,complements
NoSQL,PowerShell,0.022,0.005,complements
Rust,Windows,0.022,0.416,complements
ServiceNow,Tableau,0.022,0.295,complements
PostgreSQL,SageMaker,0.022,0.255,complements
C,TensorFlow,0.022,0.203,complements
Agile / Scrum,VMware,0.022,0.132,complements
Go,JSON,0.022,0.491,complements
Django,Flink,0.022,0.254,complements
CISSP,Git,0.022,0.188,complements
Angular,Data Pipeline,0.022,0.069,complements
JSON,SageMaker,0.022,0.199,complements
Big Data,ClickHouse,0.022,0.426,complements
C++,Tableau,0.022,0.246,complements
Software Architecture,Terraform,0.022,0.374,complements
Databricks,MySQL,0.022,0.248,complements
Deep Learning,Tableau,0.022,0.111,complements
DynamoDB,Hive,0.022,0.47,complements
Penetration Testing,VMware,0.022,0.181,complements
Cybersecurity,Jenkins,0.022,0.101,complements
Scala,XGBoost,0.021,0.181,complements
Data Analysis,Penetration Testing,0.021,0.208,complements
ServiceNow,Terraform,0.021,0.341,complements
Data Visualization,Redis,0.021,0.129,complements
NoSQL,SSIS,0.021,0.088,complements
Bash,Rust,0.021,0.38,complements
Microservices,Swift,0.021,0.325,complements
Data Modeling,MuleSoft,0.021,0.212,complements
Deep Learning,Flask,0.021,0.04,complements
DynamoDB,Next.js,0.021,0.159,complements
AWS Security,Linux,0.021,0.202,complements
Django,NLP,0.021,0.122,complements
Databricks,Statistical Analysis,0.021,0.075,complements
Flask,Power BI,0.021,0.291,complements
Software Architecture,Unix,0.021,0.389,complements
Kafka,Windows,0.021,0.261,complements
Figma,Jenkins,0.021,0.238,complements
Data Governance,GitHub,0.021,0.16,complements
Big Data,Splunk,0.021,0.345,complements
Azure,Pulumi,0.021,0.571,complements
AWS,Fivetran,0.021,0.427,complements
Kubernetes,Risk Management,0.021,0.074,complements
Azure,Fivetran,0.021,0.427,complements
Agile / Scrum,Penetration Testing,0.021,0.182,complements
Jenkins,Pandas,0.021,0.091,complements
JavaScript,SAP,0.021,0.198,complements
Oracle,Risk Management,0.021,0.161,complements
Django,JSON,0.021,0.258,complements
BigQuery,Terraform,0.021,0.352,complements
BigQuery,JavaScript,0.021,0.173,complements
GCP,Next.js,0.021,0.268,complements
Cybersecurity,Kanban,0.021,0.148,complements
Flink,SAS,0.021,0.186,complements
SQL,XGBoost,0.021,0.131,complements
Django,PowerShell,0.021,0.261,complements
AWS,SAS,0.021,0.059,complements
Django,Spring Boot,0.021,0.447,complements
GitHub,MuleSoft,0.021,0.287,complements
CSS,Spark,0.021,0.094,complements
Big Data,C,0.021,0.197,complements
Redshift,SSIS,0.021,0.465,complements
Big Data,Jupyter,0.021,0.279,complements
Big Data,dbt,0.021,0.28,complements
Git,Informatica,0.021,0.25,complements
Kanban,Prometheus,0.021,0.206,complements
Flask,Java,0.021,0.374,complements
ClickHouse,Machine Learning,0.021,0.188,complements
LLMs / GenAI,NoSQL,0.021,0.098,complements
Helm,PowerShell,0.021,0.262,complements
Agile / Scrum,Google Analytics,0.021,0.02,complements
MLflow,Statistical Analysis,0.021,0.169,complements
LLMs / GenAI,Node.js,0.021,0.158,complements
GitHub,Looker,0.021,0.167,complements
Data Analysis,Django,0.021,0.092,complements
Ansible,C,0.021,0.287,complements
Pulumi,TypeScript,0.021,0.323,complements
Confluence,Excel,0.021,0.273,complements
CI/CD,Deep Learning,0.021,0.131,complements
Airflow,Splunk,0.021,0.275,complements
Machine Learning,Spring,0.021,0.095,complements
GitHub,System Design,0.021,0.256,complements
Helm,Splunk,0.021,0.176,complements
Elasticsearch,Windows,0.021,0.249,complements
GCP,Statistical Analysis,0.021,0.04,complements
Deep Learning,Flink,0.021,0.263,complements
GitHub,PyTorch,0.021,0.115,complements
Flask,Terraform,0.021,0.344,complements
Docker,Prompt Engineering,0.021,0.038,complements
Hive,Linear,0.021,0.09,complements
HTML,SAP,0.021,0.168,complements
Microservices,PowerShell,0.021,0.218,complements
C++,VMware,0.021,0.348,complements
Rust,System Design,0.021,0.347,complements
Data Warehousing,Redis,0.021,0.369,complements
Firewalls,GitHub,0.021,-0.025,complements
Data Pipeline,Splunk,0.021,0.308,complements
PostgreSQL,dbt,0.021,0.407,complements
JSON,ServiceNow,0.021,0.285,complements
Ansible,C#,0.021,0.322,complements
Rust,SQL,0.021,0.289,complements
Node.js,Salesforce,0.021,0.123,complements
DynamoDB,Prometheus,0.021,0.328,complements
Airflow,C++,0.021,0.345,complements
Scala,System Design,0.021,0.277,complements
Angular,PowerShell,0.021,0.187,complements
Jupyter,Redshift,0.021,0.272,complements
Data Warehousing,Go,0.021,0.215,complements
GCP,LangChain,0.021,0.167,complements
C++,Data Modeling,0.021,0.184,complements
Cybersecurity,HTML,0.021,0.091,complements
GCP,Rust,0.021,0.2,complements
A/B Testing,Scala,0.021,0.13,complements
Bash,ServiceNow,0.021,0.421,complements
Deep Learning,FastAPI,0.021,0.121,complements
Angular,Prototyping,0.021,0.159,complements
NoSQL,Statistical Analysis,0.021,0.116,complements
Big Data,HTML,0.021,0.062,complements
Flask,Kafka,0.021,0.257,complements
Data Analysis,GitLab,0.021,0.067,complements
Jupyter,NoSQL,0.021,0.142,complements
NetSuite,Oracle,0.021,0.371,complements
ETL,GitLab,0.021,0.199,complements
Redis,jQuery,0.021,0.167,complements
Distributed Systems,Django,0.021,0.263,complements
CI/CD,ServiceNow,0.021,0.363,complements
Data Pipeline,Ruby,0.021,0.235,complements
BigQuery,Kotlin,0.021,0.141,complements
ArgoCD,Distributed Systems,0.021,0.265,complements
Firewalls,Jenkins,0.021,0.101,complements
Confluence,VMware,0.021,0.173,complements
Kotlin,System Design,0.021,0.301,complements
.NET,SAP,0.021,0.189,complements
MCP,VMware,0.021,0.164,complements
Deep Learning,Software Architecture,0.02,0.131,complements
Figma,PHP,0.02,0.356,complements
ClickHouse,Snowflake,0.02,0.568,complements
Django,Spark,0.02,0.224,complements
Bash,Hive,0.02,0.19,complements
Linux,Tableau,0.02,0.266,complements
Bash,SIEM,0.02,0.293,complements
Cybersecurity,Dynamics 365,0.02,0.191,complements
SAS,Snowflake,0.02,0.29,complements
Active Directory,Agile / Scrum,0.02,0.171,complements
Data Warehousing,JavaScript,0.02,0.14,complements
C#,Spark,0.02,0.174,complements
Dagster,Data Modeling,0.02,0.355,complements
Dagster,Spark,0.02,0.534,complements
Next.js,Python,0.02,0.196,complements
Bash,Django,0.02,0.28,complements
Alteryx,Big Data,0.02,0.272,complements
Angular,OWASP,0.02,0.295,complements
C,R,0.02,0.463,complements
Git,LLMs / GenAI,0.02,0.228,complements
GCP,Penetration Testing,0.02,0.106,complements
Distributed Systems,Helm,0.02,0.336,complements
ETL,Jupyter,0.02,0.187,complements
Informatica,Scala,0.02,0.338,complements
DynamoDB,dbt,0.02,0.354,complements
Hive,SageMaker,0.02,0.296,complements
MATLAB,Windows,0.02,0.35,complements
Kubernetes,Prototyping,0.02,0.087,complements
Cybersecurity,GitHub,0.02,0.055,complements
CI/CD,Prefect,0.02,0.274,complements
Grafana,Oracle,0.02,0.22,complements
Docker,Tableau,0.02,0.21,complements
Cybersecurity,Excel,0.02,0.148,complements
Kubernetes,Tableau,0.02,0.205,complements
Kubernetes,LangChain,0.02,0.192,complements
ETL,SAP,0.02,0.238,complements
Firebase,NoSQL,0.02,0.361,complements
Datadog,Salesforce,0.02,0.205,complements
C++,SAS,0.02,0.316,complements
Firebase,Go,0.02,0.311,complements
C#,Databricks,0.02,0.153,complements
C#,SAP,0.02,0.321,complements
Kanban,System Design,0.02,0.354,complements
Data Governance,Pandas,0.02,0.144,complements
Kubernetes,Zero Trust,0.02,0.184,complements
Flink,Linux,0.02,0.283,complements
Tableau,scikit-learn,0.02,0.197,complements
Data Pipeline,JavaScript,0.02,0.274,complements
C#,Tableau,0.02,0.247,complements
Java,Pulumi,0.02,0.468,complements
Hadoop,XML,0.02,0.297,complements
MySQL,Salesforce,0.02,0.201,complements
Hadoop,MATLAB,0.02,0.169,complements
Hive,REST API,0.02,0.121,complements
JavaScript,Prometheus,0.02,0.237,complements
Confluence,System Design,0.02,0.275,complements
Bash,Risk Management,0.02,0.083,complements
Data Governance,Google Analytics,0.02,0.155,complements
OWASP,Windows,0.02,0.319,complements
Machine Learning,Splunk,0.02,0.157,complements
Distributed Systems,Jira,0.02,0.379,complements
Data Warehousing,Node.js,0.02,0.08,complements
REST API,Svelte,0.02,0.456,complements
JavaScript,NLP,0.02,0.182,complements
ETL,HTML,0.02,0.222,complements
Jira,Rust,0.02,0.307,complements
Agile / Scrum,dbt,0.02,0.145,complements
Flink,Spring,0.02,0.18,complements
Elasticsearch,Swift,0.02,0.131,complements
Helm,MATLAB,0.02,0.199,complements
Power BI,TensorFlow,0.02,0.219,complements
C#,Cassandra,0.02,0.059,complements
Data Analysis,SIEM,0.02,0.222,complements
Big Data,CSS,0.02,0.061,complements
Angular,Data Warehousing,0.02,0.146,complements
Bash,ETL,0.02,0.299,complements
Data Pipeline,Software Architecture,0.02,0.21,complements
C,Prototyping,0.02,0.104,complements
Prototyping,Rust,0.02,0.085,complements
NumPy,Snowflake,0.02,0.179,complements
Data Modeling,Node.js,0.02,0.011,complements
Jenkins,SSIS,0.02,0.425,complements
NLP,Snowflake,0.02,0.023,complements
Airflow,Bash,0.02,0.311,complements
PowerShell,System Design,0.02,0.268,complements
Angular,Bash,0.02,0.247,complements
CSS,Firebase,0.02,0.239,complements
Java,NumPy,0.02,0.139,complements
Cassandra,Software Architecture,0.02,0.13,complements
Salesforce,Statistical Analysis,0.02,0.061,complements
C#,Datadog,0.02,0.234,complements
Informatica,PostgreSQL,0.02,0.347,complements
Data Pipeline,GraphQL,0.02,0.278,complements
Data Visualization,Software Architecture,0.02,0.262,complements
Data Analysis,DynamoDB,0.02,0.187,complements
Cybersecurity,Data Governance,0.02,0.295,complements
React,Unix,0.02,0.279,complements
Flink,Ruby,0.02,0.256,complements
Pandas,Snowflake,0.02,0.341,complements
LLMs / GenAI,Linear,0.02,0.11,complements
Azure,SageMaker,0.02,0.43,complements
Angular,Kotlin,0.02,0.261,complements
GraphQL,Spark,0.02,0.201,complements
Cassandra,Kotlin,0.02,0.161,complements
Scala,Spring Boot,0.02,0.444,complements
AWS Security,Jira,0.02,0.134,complements
Kubernetes,Penetration Testing,0.02,0.034,complements
React,Salesforce,0.02,0.096,complements
JSON,SSIS,0.02,0.344,complements
Go,Swift,0.02,0.563,complements
DevOps,Workday,0.02,0.161,complements
Redis,Unix,0.02,0.253,complements
Tableau,Unix,0.02,0.184,complements
Confluence,TensorFlow,0.02,0.191,complements
Prometheus,Unix,0.02,0.232,complements
Data Pipeline,System Design,0.02,0.277,complements
Splunk,Zero Trust,0.02,0.259,complements
Looker,Redis,0.02,0.27,complements
Alteryx,Redshift,0.02,0.396,complements
PostgreSQL,VMware,0.02,0.129,complements
C,TypeScript,0.02,0.516,complements
Data Analysis,Grafana,0.02,0.272,complements
CI/CD,Dynamics 365,0.02,0.294,complements
Python,SOC 2,0.02,0.272,complements
Dynamics 365,Jira,0.02,0.289,complements
Cassandra,NLP,0.02,0.005,complements
Linear,Tableau,0.02,0.324,complements
DynamoDB,System Design,0.02,0.176,complements
NLP,Prototyping,0.02,0.093,complements
CI/CD,Firewalls,0.02,0.083,complements
Hadoop,Windows,0.02,0.262,complements
Data Visualization,Workday,0.02,0.136,complements
Cassandra,Databricks,0.02,0.421,complements
Confluence,Ruby,0.02,0.285,complements
Google Analytics,Jira,0.02,0.265,complements
Incident Response,ServiceNow,0.02,0.154,complements
Big Data,GraphQL,0.02,0.223,complements
Bash,Data Pipeline,0.02,0.382,complements
DevOps,Zero Trust,0.02,0.168,complements
C#,Cybersecurity,0.019,0.237,complements
Distributed Systems,Kanban,0.019,0.384,complements
Redis,Splunk,0.019,0.378,complements
Helm,Jira,0.019,0.421,complements
Dynamics 365,REST API,0.019,0.22,complements
BigQuery,React,0.019,0.096,complements
Machine Learning,Trino,0.019,0.139,complements
Data Warehousing,Workday,0.019,0.183,complements
Data Warehousing,XML,0.019,0.377,complements
Kanban,NumPy,0.019,0.133,complements
BigQuery,Oracle,0.019,0.447,complements
Data Warehousing,Google Analytics,0.019,0.264,complements
Ansible,HTML,0.019,0.234,complements
Power BI,React,0.019,0.268,complements
Java,MLflow,0.019,0.244,complements
Flink,React,0.019,0.133,complements
Angular,Datadog,0.019,0.125,complements
Ruby,jQuery,0.019,0.385,complements
Docker,Power BI,0.019,0.138,complements
Data Analysis,Dynamics 365,0.019,0.222,complements
Deep Learning,Jira,0.019,0.087,complements
Ansible,Big Data,0.019,0.224,complements
Figma,GitHub,0.019,0.277,complements
CISSP,Terraform,0.019,0.166,complements
AWS Security,Bash,0.019,0.028,complements
Databricks,Datadog,0.019,0.223,complements
CSS,System Design,0.019,0.212,complements
NoSQL,Prototyping,0.019,0.014,complements
FastAPI,NoSQL,0.019,0.121,complements
LLMs / GenAI,React,0.019,0.178,complements
Databricks,PowerShell,0.019,0.063,complements
MLflow,MongoDB,0.019,0.189,complements
OWASP,Spring,0.019,0.349,complements
CSS,NetSuite,0.019,0.13,complements
Dynamics 365,Kanban,0.019,0.245,complements
Go,PyTorch,0.019,0.2,complements
Kanban,SAP,0.019,0.31,complements
Bash,React,0.019,0.225,complements
Jenkins,System Design,0.019,0.271,complements
Kotlin,NLP,0.019,0.13,complements
Ansible,Flask,0.019,0.306,complements
System Design,XML,0.019,0.374,complements
Firewalls,SQL,0.019,0.159,complements
SOC 2,Terraform,0.019,0.264,complements
AWS,Apache Iceberg,0.019,0.23,complements
Grafana,NumPy,0.019,0.208,complements
Cybersecurity,Software Architecture,0.019,0.272,complements
Go,Spring,0.019,0.452,complements
Bash,Kanban,0.019,0.239,complements
Docker,Penetration Testing,0.019,0.103,complements
FastAPI,Git,0.019,0.181,complements
Dynamics 365,XML,0.019,0.281,complements
GCP,Salesforce,0.019,0.562,complements
Prototyping,Risk Management,0.019,0.169,complements
Jupyter,LLMs / GenAI,0.019,0.257,complements
Incident Response,SQL,0.019,0.188,complements
BigQuery,SAS,0.019,0.273,complements
Big Data,GitLab,0.019,0.221,complements
Rust,Unix,0.019,0.385,complements
Docker,Vector Databases,0.019,0.234,complements
CISSP,SQL,0.019,0.143,complements
OWASP,SQL,0.019,0.162,complements
Ansible,Flink,0.019,0.221,complements
Flask,Spark,0.019,0.22,complements
NoSQL,SAS,0.019,0.039,complements
Docker,Linear,0.019,0.173,complements
Jupyter,MATLAB,0.019,0.29,complements
NetSuite,REST API,0.019,0.143,complements
Airflow,NumPy,0.019,0.16,complements
Azure,Vector Databases,0.019,0.197,complements
Splunk,XML,0.019,0.352,complements
Confluence,PyTorch,0.019,0.191,complements
LLMs / GenAI,Microservices,0.019,0.07,complements
AWS Security,Agile / Scrum,0.019,0.049,complements
Ansible,CSS,0.019,0.287,complements
Elasticsearch,Looker,0.019,0.448,complements
Angular,FastAPI,0.019,0.377,complements
HTML,Stakeholder Mgmt,0.019,0.154,complements
Elasticsearch,dbt,0.019,0.341,complements
OWASP,PHP,0.019,0.406,complements
.NET,Elasticsearch,0.019,0.133,complements
Data Warehousing,System Design,0.019,0.231,complements
.NET,Confluence,0.019,0.295,complements
Flask,Spring,0.019,0.35,complements
Java,Linear,0.019,0.353,complements
OWASP,TypeScript,0.019,0.233,complements
Flink,Kotlin,0.019,0.161,complements
Jupyter,SAS,0.019,0.216,complements
Azure,Figma,0.019,0.091,complements
Big Data,Cybersecurity,0.019,0.222,complements
Ansible,TypeScript,0.019,0.206,complements
GitLab,MATLAB,0.019,0.208,complements
Pandas,Unix,0.019,0.122,complements
GCP,Workday,0.019,0.61,complements
C#,Flink,0.019,0.188,complements
Data Modeling,ServiceNow,0.019,0.202,complements
Prometheus,Scala,0.019,0.222,complements
LLMs / GenAI,Terraform,0.019,0.126,complements
Microservices,Next.js,0.019,0.361,complements
DevOps,Pandas,0.019,0.041,complements
Big Data,Helm,0.019,0.199,complements
Jira,Redshift,0.019,0.242,complements
Cassandra,System Design,0.019,0.227,complements
C++,Data Warehousing,0.019,0.182,complements
Kanban,Ruby,0.019,0.212,complements
AWS,Data Observability,0.019,0.156,complements
C#,Excel,0.019,0.3,complements
Dynamics 365,SAP,0.019,0.399,complements
Jenkins,Risk Management,0.019,0.056,complements
DevOps,SAS,0.019,0.279,complements
Data Pipeline,Excel,0.019,0.244,complements
Figma,REST API,0.019,0.318,complements
Helm,MySQL,0.019,0.119,complements
Cassandra,TypeScript,0.019,0.137,complements
CI/CD,SSIS,0.019,0.286,complements
GitLab,Informatica,0.019,0.367,complements
Data Warehousing,DynamoDB,0.019,0.386,complements
Linux,SAS,0.019,0.248,complements
Python,Zero Trust,0.019,0.177,complements
Data Modeling,React,0.019,0.138,complements
ArgoCD,PyTorch,0.019,0.12,complements
C#,Risk Management,0.019,0.167,complements
Ansible,DynamoDB,0.019,0.26,complements
.NET,Machine Learning,0.019,0.242,complements
Java,Statistical Analysis,0.019,0.108,complements
OWASP,Ruby,0.019,0.278,complements
Azure,C,0.019,0.221,complements
Figma,Unit Testing,0.019,0.265,complements
Java,Stakeholder Mgmt,0.019,0.199,complements
Power BI,Windows,0.019,0.241,complements
CSS,Cybersecurity,0.019,0.111,complements
NumPy,dbt,0.019,0.089,complements
Big Data,XGBoost,0.019,0.133,complements
Agile / Scrum,Statistical Analysis,0.019,0.119,complements
C#,Data Visualization,0.019,0.149,complements
Cybersecurity,Power BI,0.019,0.089,complements
GitLab,Kotlin,0.019,0.216,complements
JSON,Snowflake,0.019,0.248,complements
Ansible,Machine Learning,0.019,0.13,complements
Data Governance,XML,0.019,0.246,complements
Cybersecurity,NoSQL,0.018,0.214,complements
Excel,JavaScript,0.018,0.342,complements
FastAPI,Snowflake,0.018,0.244,complements
NetSuite,XML,0.018,0.193,complements
Airflow,R,0.018,0.245,complements
Data Modeling,NumPy,0.018,0.06,complements
Firewalls,GitLab,0.018,0.012,complements
R,Salesforce,0.018,0.121,complements
SAP,Stakeholder Mgmt,0.018,0.269,complements
Node.js,OWASP,0.018,0.342,complements
Elasticsearch,PHP,0.018,0.259,complements
MongoDB,VMware,0.018,0.19,complements
Data Governance,NumPy,0.018,-0.091,complements
Confluence,Distributed Systems,0.018,0.366,complements
Informatica,Kanban,0.018,0.362,complements
Risk Management,Salesforce,0.018,0.179,complements
Agile / Scrum,Svelte,0.018,0.068,complements
Helm,PostgreSQL,0.018,0.119,complements
Distributed Systems,Flask,0.018,0.21,complements
Prototyping,Tableau,0.018,0.13,complements
CSS,OWASP,0.018,0.365,complements
MATLAB,Tableau,0.018,0.242,complements
Terraform,XML,0.018,0.385,complements
Informatica,Terraform,0.018,0.357,complements
Docker,MuleSoft,0.018,0.311,complements
CISSP,Confluence,0.018,0.192,complements
Terraform,dbt,0.018,0.263,complements
MATLAB,Spark,0.018,0.294,complements
NLP,REST API,0.018,0.069,complements
Agile / Scrum,BigQuery,0.018,0.097,complements
PowerShell,Rust,0.018,0.255,complements
OWASP,Terraform,0.018,0.288,complements
PHP,Swift,0.018,0.567,complements
Cassandra,Informatica,0.018,0.288,complements
R,SAP,0.018,0.151,complements
Agile / Scrum,ArgoCD,0.018,0.254,complements
Go,Spring Boot,0.018,0.585,complements
PostgreSQL,R,0.018,0.344,complements
Jenkins,SageMaker,0.018,0.398,complements
Confluence,SAP,0.018,0.223,complements
REST API,SSIS,0.018,0.133,complements
Next.js,Terraform,0.018,0.238,complements
Data Governance,DynamoDB,0.018,0.322,complements
Data Pipeline,PowerShell,0.018,0.243,complements
Tableau,Workday,0.018,0.217,complements
SAP,Snowflake,0.018,0.268,complements
Confluence,jQuery,0.018,0.263,complements
Git,Redshift,0.018,0.198,complements
FastAPI,Linux,0.018,0.216,complements
Alteryx,Data Pipeline,0.018,0.398,complements
Machine Learning,Penetration Testing,0.018,0.202,complements
Data Pipeline,Linear,0.018,0.189,complements
Jupyter,MongoDB,0.018,0.347,complements
Figma,Node.js,0.018,0.232,complements
MongoDB,Swift,0.018,0.246,complements
Data Modeling,Spring Boot,0.018,0.154,complements
Bash,Spring,0.018,0.237,complements
Distributed Systems,Splunk,0.018,0.268,complements
Looker,PostgreSQL,0.018,0.34,complements
Helm,JSON,0.018,0.172,complements
MLflow,Snowflake,0.018,0.189,complements
Cybersecurity,GitLab,0.018,0.096,complements
Big Data,Excel,0.018,0.194,complements
Cassandra,Django,0.018,0.201,complements
Docker,Figma,0.018,0.262,complements
Excel,Pandas,0.018,0.431,complements
Data Visualization,Unix,0.018,0.179,complements
HTML,Splunk,0.018,0.194,complements
Data Governance,Dynamics 365,0.018,0.176,complements
Data Pipeline,Google Analytics,0.018,0.194,complements
Confluence,SageMaker,0.018,0.296,complements
Informatica,SAS,0.018,0.27,complements
Flask,Spring Boot,0.018,0.418,complements
AWS,SAP,0.018,0.258,complements
Linux,SOC 2,0.018,0.223,complements
Machine Learning,Spring Boot,0.018,0.098,complements
Django,Oracle,0.018,0.167,complements
Data Modeling,Linear,0.018,0.192,complements
Firewalls,Grafana,0.018,0.091,complements
Flink,Spring Boot,0.018,0.312,complements
ArgoCD,Kafka,0.018,0.257,complements
AWS,Hugging Face,0.018,0.305,complements
Active Directory,Excel,0.018,0.157,complements
GitHub,Prototyping,0.018,0.136,complements
Confluence,Data Pipeline,0.018,0.189,complements
Kanban,Scala,0.018,0.268,complements
PostgreSQL,TensorFlow,0.018,0.321,complements
AWS,MuleSoft,0.018,0.356,complements
Alteryx,Azure,0.018,0.194,complements
Active Directory,CSS,0.018,0.246,complements
Data Modeling,Risk Management,0.018,0.276,complements
Risk Management,Terraform,0.018,0.145,complements
AWS,Prefect,0.018,0.246,complements
ETL,SageMaker,0.018,0.271,complements
JSON,Machine Learning,0.018,0.167,complements
CI/CD,MATLAB,0.018,0.168,complements
MuleSoft,Spring Boot,0.018,0.431,complements
AWS,Figma,0.018,0.091,complements
Jenkins,SOC 2,0.018,0.14,complements
Spark,TypeScript,0.018,0.137,complements
FastAPI,Node.js,0.018,0.365,complements
Deep Learning,DevOps,0.018,0.125,complements
Cassandra,MLflow,0.018,0.073,complements
Incident Response,Ruby,0.018,0.039,complements
Risk Management,Unit Testing,0.018,0.245,complements
GCP,SAP,0.018,0.258,complements
Informatica,System Design,0.018,0.263,complements
LLMs / GenAI,Prototyping,0.018,0.176,complements
Data Warehousing,Salesforce,0.018,0.171,complements
Distributed Systems,JSON,0.018,0.326,complements
FastAPI,Spark,0.018,0.312,complements
Data Visualization,Jenkins,0.018,0.152,complements
Microservices,Pulumi,0.018,0.473,complements
MongoDB,PyTorch,0.018,0.22,complements
Data Visualization,Unit Testing,0.018,0.081,complements
JavaScript,Risk Management,0.018,0.086,complements
A/B Testing,dbt,0.018,0.192,complements
Big Data,Windows,0.018,0.35,complements
Spark,Windows,0.018,0.286,complements
R,XGBoost,0.018,0.295,complements
HTML,Tableau,0.018,0.269,complements
AWS,Stakeholder Mgmt,0.018,0.158,complements
Power BI,Workflow Automation,0.018,0.373,complements
Linux,Zero Trust,0.018,0.298,complements
NoSQL,Rust,0.018,0.135,complements
Hive,Spring Boot,0.018,0.22,complements
Agile / Scrum,FastAPI,0.018,-0.005,complements
Grafana,Unit Testing,0.018,0.102,complements
Cybersecurity,Data Visualization,0.018,0.202,complements
Active Directory,Jenkins,0.017,0.352,complements
Data Modeling,Prototyping,0.017,0.176,complements
Spark,System Design,0.017,0.384,complements
Jenkins,SAS,0.017,0.183,complements
Jira,NumPy,0.017,0.084,complements
Dagster,Data Visualization,0.017,0.238,complements
CSS,Stakeholder Mgmt,0.017,0.066,complements
AWS,Workday,0.017,0.61,complements
Databricks,SAS,0.017,0.179,complements
Azure,Rust,0.017,0.2,complements
Ruby,System Design,0.017,0.295,complements
A/B Testing,Kotlin,0.017,0.064,complements
Google Analytics,Prototyping,0.017,-0.024,complements
PowerShell,React,0.017,0.226,complements
Stakeholder Mgmt,System Design,0.017,0.282,complements
Flask,Go,0.017,0.486,complements
Docker,XGBoost,0.017,0.12,complements
Linux,Swift,0.017,0.419,complements
Vue,jQuery,0.017,0.617,complements
ETL,jQuery,0.017,0.145,complements
PowerShell,Unit Testing,0.017,0.324,complements
SOC 2,Windows,0.017,0.229,complements
C,PyTorch,0.017,0.203,complements
MongoDB,TensorFlow,0.017,0.22,complements
CI/CD,Looker,0.017,0.243,complements
Kotlin,MySQL,0.017,0.254,complements
Scala,Statistical Analysis,0.017,0.141,complements
React,Redshift,0.017,0.119,complements
Helm,TypeScript,0.017,0.149,complements
Rust,Vue,0.017,0.217,complements
Data Warehousing,Risk Management,0.017,0.182,complements
Datadog,Incident Response,0.017,0.283,complements
GitHub,VMware,0.017,0.202,complements
Active Directory,HTML,0.017,0.251,complements
Active Directory,Git,0.017,0.367,complements
SAS,XML,0.017,0.177,complements
MySQL,NetSuite,0.017,0.132,complements
Grafana,PyTorch,0.017,0.178,complements
CSS,ETL,0.017,0.154,complements
C,Penetration Testing,0.017,0.222,complements
TensorFlow,Unix,0.017,0.146,complements
PyTorch,SAS,0.017,0.139,complements
Datadog,Scala,0.017,0.219,complements
Elasticsearch,Helm,0.017,0.19,complements
Spark,XML,0.017,0.324,complements
Confluence,Next.js,0.017,0.119,complements
JavaScript,Redshift,0.017,0.218,complements
Pandas,Scala,0.017,0.262,complements
Power BI,ServiceNow,0.017,0.301,complements
Data Governance,Microservices,0.017,0.098,complements
Ansible,Data Analysis,0.017,0.162,complements
SSIS,Salesforce,0.017,0.171,complements
Alteryx,C#,0.017,0.352,complements
Data Governance,Jupyter,0.017,0.066,complements
DynamoDB,Informatica,0.017,0.333,complements
Distributed Systems,SageMaker,0.017,0.416,complements
Stakeholder Mgmt,Workday,0.017,0.174,complements
Confluence,Pandas,0.017,0.223,complements
PyTorch,Unix,0.017,0.146,complements
Jira,dbt,0.017,0.304,complements
Next.js,SQL,0.017,0.125,complements
Databricks,REST API,0.017,0.067,complements
Data Analysis,Mixpanel,0.017,0.19,complements
HTML,NetSuite,0.017,0.115,complements
Burp Suite,Java,0.017,0.28,complements
Data Analysis,Workflow Automation,0.017,0.253,complements
A/B Testing,Databricks,0.017,0.015,complements
BigQuery,Distributed Systems,0.017,0.188,complements
Linear,Software Architecture,0.017,0.382,complements
Flink,GitLab,0.017,0.362,complements
Angular,Grafana,0.017,0.139,complements
Prometheus,Unit Testing,0.017,0.105,complements
Flask,PowerShell,0.017,0.251,complements
Jira,SageMaker,0.017,0.242,complements
LLMs / GenAI,Statistical Analysis,0.017,0.154,complements
MATLAB,SAP,0.017,0.157,complements
Angular,Data Visualization,0.017,0.203,complements
Amplitude,Python,0.017,0.271,complements
Kubernetes,Power BI,0.017,0.185,complements
.NET,Data Analysis,0.017,0.121,complements
.NET,Data Modeling,0.017,0.19,complements
Databricks,Unix,0.017,0.215,complements
Excel,Informatica,0.017,0.299,complements
CSS,Redshift,0.017,0.115,complements
Informatica,Risk Management,0.017,0.042,complements
NoSQL,Risk Management,0.017,0.055,complements
Django,SSIS,0.017,0.252,complements
PHP,PowerShell,0.017,0.318,complements
Prototyping,R,0.017,-0.013,complements
Docker,LangChain,0.017,0.202,complements
Flink,GraphQL,0.017,0.252,complements
REST API,Tableau,0.017,0.251,complements
Alteryx,ETL,0.017,0.302,complements
Data Governance,Redis,0.017,0.223,complements
Incident Response,Microservices,0.017,0.112,complements
Django,PyTorch,0.017,0.192,complements
SageMaker,Tableau,0.017,0.197,complements
HTML,R,0.017,0.254,complements
Flink,Oracle,0.017,0.249,complements
Data Modeling,Google Analytics,0.017,0.155,complements
GitLab,R,0.017,0.233,complements
DevOps,Jupyter,0.017,0.359,complements
Data Visualization,Terraform,0.017,0.155,complements
Data Modeling,PowerShell,0.017,0.122,complements
Snowflake,TypeScript,0.017,0.083,complements
Jenkins,NLP,0.017,0.093,complements
Data Pipeline,Kotlin,0.017,0.197,complements
C#,Django,0.017,0.4,complements
HTML,Svelte,0.017,0.471,complements
DevOps,Firebase,0.017,0.18,complements
Kanban,Pandas,0.017,0.183,complements
GCP,SAS,0.017,0.059,complements
Elasticsearch,NumPy,0.017,0.125,complements
Pandas,Prototyping,0.017,0.012,complements
Microservices,Svelte,0.017,0.337,complements
Angular,Data Modeling,0.017,0.148,complements
Kafka,SOC 2,0.017,0.169,complements
Confluence,dbt,0.017,0.267,complements
GraphQL,Linux,0.017,0.299,complements
Data Modeling,Windows,0.017,0.195,complements
GitHub,dbt,0.017,0.158,complements
R,SSIS,0.017,0.23,complements
Hadoop,System Design,0.017,0.318,complements
Scala,Spring,0.017,0.47,complements
MLflow,NoSQL,0.017,0.072,complements
MuleSoft,Node.js,0.017,0.29,complements
Angular,Splunk,0.017,0.09,complements
Jira,SAS,0.017,0.363,complements
TypeScript,Windows,0.017,0.284,complements
ClickHouse,Scala,0.017,0.311,complements
C++,scikit-learn,0.016,0.215,complements
.NET,Spring,0.016,0.408,complements
LangChain,Spark,0.016,0.285,complements
Linear,Power BI,0.016,0.443,complements
Confluence,NumPy,0.016,0.045,complements
NLP,Risk Management,0.016,0.149,complements
Git,User Research,0.016,0.17,complements
OWASP,Unit Testing,0.016,0.182,complements
Data Governance,Terraform,0.016,0.248,complements
GitHub,Linear,0.016,0.374,complements
Scala,dbt,0.016,0.206,complements
.NET,Datadog,0.016,0.206,complements
Excel,XML,0.016,0.313,complements
Stakeholder Mgmt,Statistical Analysis,0.016,0.148,complements
Polars,SQL,0.016,0.312,complements
Redshift,Software Architecture,0.016,0.117,complements
Bash,System Design,0.016,0.318,complements
Big Data,Spring Boot,0.016,0.251,complements
Angular,ETL,0.016,0.147,complements
Elasticsearch,System Design,0.016,0.19,complements
JSON,VMware,0.016,0.251,complements
Deep Learning,Django,0.016,0.033,complements
Distributed Systems,Windows,0.016,0.482,complements
MySQL,NLP,0.016,0.183,complements
.NET,Prototyping,0.016,0.223,complements
ETL,NumPy,0.016,0.078,complements
SAP,Statistical Analysis,0.016,0.129,complements
OWASP,React,0.016,0.198,complements
JSON,Pandas,0.016,0.352,complements
Excel,PowerShell,0.016,0.168,complements
Cassandra,PyTorch,0.016,0.12,complements
ETL,React,0.016,0.104,complements
Data Visualization,Grafana,0.016,0.725,complements
GitHub,Jupyter,0.016,0.288,complements
Ansible,OWASP,0.016,0.287,complements
Grafana,VMware,0.016,0.185,complements
JavaScript,Penetration Testing,0.016,0.203,complements
Microservices,Risk Management,0.016,0.151,complements
Cassandra,Swift,0.016,0.151,complements
Bash,TensorFlow,0.016,0.033,complements
Salesforce,Windows,0.016,0.257,complements
BigQuery,MongoDB,0.016,0.41,complements
Big Data,XML,0.016,0.299,complements
Data Governance,PowerShell,0.016,0.101,complements
SAS,Scala,0.016,0.246,complements
JSON,Prototyping,0.016,0.095,complements
MySQL,Next.js,0.016,0.154,complements
DevOps,NumPy,0.016,0.091,complements
DevOps,LangChain,0.016,0.34,complements
Redis,Swift,0.016,0.268,complements
PowerShell,Tableau,0.016,0.317,complements
Big Data,TypeScript,0.016,0.094,complements
Ansible,SIEM,0.016,0.282,complements
A/B Testing,Node.js,0.016,0.164,complements
Distributed Systems,Oracle,0.016,0.269,complements
.NET,Rust,0.016,0.441,complements
Google Analytics,React,0.016,0.243,complements
Hive,System Design,0.016,0.252,complements
.NET,Active Directory,0.016,0.193,complements
Airflow,Ruby,0.016,0.227,complements
Oracle,Scala,0.016,0.341,complements
C,Swift,0.016,0.63,complements
ArgoCD,Java,0.016,0.235,complements
Pandas,Redshift,0.016,0.369,complements
Figma,Swift,0.016,0.404,complements
Datadog,Spring,0.016,0.301,complements
Java,SSIS,0.016,0.335,complements
SAP,Unit Testing,0.016,0.116,complements
Next.js,PHP,0.016,0.576,complements
Airflow,TypeScript,0.016,0.077,complements
C,PostgreSQL,0.016,0.296,complements
Git,Google Analytics,0.016,0.273,complements
PHP,Rust,0.016,0.53,complements
Java,Superset,0.016,0.34,complements
C,Terraform,0.016,0.36,complements
Bash,Data Modeling,0.016,0.176,complements
Data Modeling,Flask,0.016,0.109,complements
C++,Penetration Testing,0.016,0.263,complements
SSIS,Spark,0.016,0.284,complements
Elasticsearch,PowerShell,0.016,0.147,complements
Cassandra,Deep Learning,0.016,0.134,complements
Excel,Kanban,0.016,0.264,complements
JavaScript,Stakeholder Mgmt,0.016,0.11,complements
MuleSoft,PostgreSQL,0.016,0.296,complements
Cybersecurity,Data Modeling,0.016,0.209,complements
Hadoop,Risk Management,0.016,-0.069,complements
Jenkins,Rust,0.016,0.142,complements
CISSP,Stakeholder Mgmt,0.016,0.176,complements
Django,Tableau,0.016,0.307,complements
Flink,JSON,0.016,0.275,complements
Flink,XML,0.016,0.317,complements
Vue,XML,0.016,0.347,complements
Big Data,Ruby,0.016,0.155,complements
GitLab,jQuery,0.016,0.17,complements
Cassandra,TensorFlow,0.016,0.12,complements
Node.js,PowerShell,0.016,0.206,complements
React,Snowflake,0.016,0.084,complements
MATLAB,Ruby,0.016,0.302,complements
Grafana,Tableau,0.016,0.686,complements
MySQL,NumPy,0.016,0.122,complements
Kafka,Prototyping,0.016,0.024,complements
Excel,dbt,0.016,0.351,complements
Active Directory,Docker,0.016,0.251,complements
Alteryx,Spark,0.016,0.369,complements
Firebase,SQL,0.016,0.262,complements
Distributed Systems,ETL,0.016,0.353,complements
C,Hadoop,0.016,0.168,complements
Django,ETL,0.016,0.136,complements
CI/CD,Figma,0.016,0.268,complements
BigQuery,PyTorch,0.016,0.078,complements
Flask,JSON,0.016,0.322,complements
ClickHouse,SQL,0.016,0.497,complements
Elasticsearch,Software Architecture,0.016,0.111,complements
DevOps,SAP,0.016,0.351,complements
Dynamics 365,TypeScript,0.016,0.16,complements
JavaScript,Jupyter,0.016,0.462,complements
A/B Testing,Spark,0.016,0.086,complements
Jenkins,R,0.016,0.183,complements
Firebase,Kubernetes,0.016,0.235,complements
C++,MLflow,0.016,0.26,complements
Firewalls,Oracle,0.016,0.109,complements
Cybersecurity,REST API,0.016,0.231,complements
PostgreSQL,Salesforce,0.016,0.201,complements
Docker,Risk Management,0.016,0.009,complements
Excel,Java,0.016,0.335,complements
Kubernetes,dbt,0.016,0.279,complements
Firewalls,Ruby,0.016,0.077,complements
Google Analytics,REST API,0.016,0.37,complements
Python,Workday,0.016,0.281,complements
MySQL,System Design,0.016,0.154,complements
Flask,SSIS,0.016,0.268,complements
LLMs / GenAI,REST API,0.016,0.125,complements
Data Observability,Python,0.016,0.302,complements
DevOps,Prompt Engineering,0.016,0.232,complements
Fivetran,Machine Learning,0.016,0.251,complements
Kubernetes,Prompt Engineering,0.016,0.019,complements
ClickHouse,Java,0.016,0.245,complements
ServiceNow,Unix,0.016,0.275,complements
ETL,PowerShell,0.016,0.176,complements
Java,Looker,0.016,0.34,complements
C,Spark,0.016,0.273,complements
Deep Learning,MongoDB,0.016,0.149,complements
Django,Spring,0.016,0.338,complements
Datadog,System Design,0.016,0.187,complements
Angular,Pulumi,0.016,0.214,complements
Data Analysis,Ruby,0.016,0.132,complements
Agile / Scrum,Linear,0.016,0.486,complements
ETL,System Design,0.016,0.351,complements
Jupyter,Linux,0.016,0.32,complements
PHP,Software Architecture,0.016,0.379,complements
Bash,Software Architecture,0.016,0.302,complements
C++,Spring,0.016,0.349,complements
.NET,Go,0.016,0.546,complements
GitLab,Vue,0.016,0.165,complements
AWS Security,Firewalls,0.016,0.302,complements
Datadog,Figma,0.016,0.107,complements
Datadog,Redshift,0.016,0.264,complements
C++,ClickHouse,0.015,0.265,complements
Helm,MongoDB,0.015,0.196,complements
JSON,Vue,0.015,0.258,complements
DevOps,Fivetran,0.015,0.242,complements
Active Directory,Salesforce,0.015,0.378,complements
Hive,Spring,0.015,0.181,complements
Databricks,Linux,0.015,0.303,complements
MATLAB,Unit Testing,0.015,0.203,complements
Polars,Python,0.015,0.376,complements
AWS,AWS Security,0.015,0.37,complements
REST API,TensorFlow,0.015,0.043,complements
Active Directory,Java,0.015,0.304,complements
Figma,Kotlin,0.015,0.344,complements
Figma,Kubernetes,0.015,0.154,complements
Big Data,Stakeholder Mgmt,0.015,0.072,complements
Snowflake,Spring Boot,0.015,0.232,complements
Hive,Kotlin,0.015,0.172,complements
BigQuery,Excel,0.015,0.361,complements
GitLab,Rust,0.015,0.18,complements
Linear,NoSQL,0.015,0.069,complements
Kotlin,PHP,0.015,0.63,complements
Google Analytics,Kanban,0.015,0.205,complements
AWS,Google Analytics,0.015,0.195,complements
CI/CD,SAP,0.015,0.187,complements
Redshift,Splunk,0.015,0.348,complements
C#,Linear,0.015,0.294,complements
Excel,Prototyping,0.015,0.095,complements
Data Analysis,MLflow,0.015,0.258,complements
Grafana,XML,0.015,0.377,complements
MongoDB,NumPy,0.015,0.125,complements
Helm,Machine Learning,0.015,0.081,complements
Angular,Google Analytics,0.015,0.231,complements
CSS,Workday,0.015,0.188,complements
GitHub,MATLAB,0.015,0.125,complements
Snowflake,XML,0.015,0.253,complements
Pandas,React,0.015,0.22,complements
CISSP,JavaScript,0.015,0.219,complements
DevOps,Svelte,0.015,0.278,complements
Jenkins,MATLAB,0.015,0.201,complements
Deep Learning,Power BI,0.015,0.127,complements
Redshift,SAS,0.015,0.329,complements
FastAPI,JavaScript,0.015,0.472,complements
Agile / Scrum,Mixpanel,0.015,0.119,complements
Git,Risk Management,0.015,0.15,complements
Figma,Vue,0.015,0.571,complements
ETL,Microservices,0.015,0.301,complements
Redshift,Ruby,0.015,0.211,complements
Data Warehousing,PowerShell,0.015,0.13,complements
GCP,Prototyping,0.015,-0.006,complements
DynamoDB,XML,0.015,0.352,complements
Django,Power BI,0.015,0.291,complements
Big Data,Rust,0.015,0.31,complements
GCP,Informatica,0.015,0.304,complements
LLMs / GenAI,Power BI,0.015,0.137,complements
Cybersecurity,MATLAB,0.015,0.101,complements
MySQL,SSIS,0.015,0.411,complements
Looker,MongoDB,0.015,0.316,complements
Azure,MATLAB,0.015,0.171,complements
Confluence,Jupyter,0.015,0.402,complements
Active Directory,CI/CD,0.015,0.217,complements
Figma,SQL,0.015,0.138,complements
Azure,XGBoost,0.015,0.077,complements
Cassandra,SSIS,0.015,0.075,complements
C,Kafka,0.015,0.221,complements
Data Modeling,GraphQL,0.015,0.398,complements
BigQuery,TypeScript,0.015,0.07,complements
Incident Response,Java,0.015,0.118,complements
PHP,Salesforce,0.015,0.204,complements
C#,Spring Boot,0.015,0.279,complements
Datadog,Snowflake,0.015,0.235,complements
Machine Learning,Swift,0.015,0.156,complements
Data Governance,Linux,0.015,0.106,complements
HTML,Rust,0.015,0.343,complements
Django,LLMs / GenAI,0.015,0.082,complements
Big Data,Flask,0.015,0.159,complements
Active Directory,Zero Trust,0.015,0.431,complements
GitLab,NumPy,0.015,0.133,complements
Flask,Oracle,0.015,0.139,complements
Docker,Firebase,0.015,0.209,complements
Data Governance,Jenkins,0.015,0.127,complements
GCP,ServiceNow,0.015,0.449,complements
ArgoCD,JavaScript,0.015,0.171,complements
Microservices,Prototyping,0.015,0.11,complements
C#,Data Pipeline,0.015,0.283,complements
Dynamics 365,jQuery,0.015,0.153,complements
A/B Testing,Rust,0.015,0.116,complements
Splunk,System Design,0.015,0.165,complements
Data Pipeline,Stakeholder Mgmt,0.015,0.134,complements
.NET,Spring Boot,0.015,0.329,complements
Excel,HTML,0.015,0.194,complements
Cybersecurity,Tableau,0.015,0.08,complements
C#,Hadoop,0.015,0.198,complements
Cybersecurity,Microservices,0.015,0.198,complements
Data Observability,SQL,0.015,0.212,complements
CSS,Dynamics 365,0.015,0.184,complements
Elasticsearch,TensorFlow,0.015,0.145,complements
Jira,TensorFlow,0.015,0.12,complements
MongoDB,Rust,0.015,0.169,complements
C#,MuleSoft,0.015,0.388,complements
ServiceNow,Stakeholder Mgmt,0.015,0.196,complements
A/B Testing,CI/CD,0.015,0.346,complements
MySQL,TensorFlow,0.015,0.321,complements
Risk Management,Spark,0.015,0.034,complements
Salesforce,Zero Trust,0.015,0.263,complements
Flask,Software Architecture,0.015,0.231,complements
Hive,MLflow,0.015,0.163,complements
GitHub,TensorFlow,0.015,0.115,complements
Figma,GCP,0.015,0.091,complements
Active Directory,OWASP,0.015,0.286,complements
CI/CD,Jupyter,0.015,0.333,complements
Prometheus,React,0.015,0.198,complements
React,Splunk,0.015,0.194,complements
JavaScript,Looker,0.015,0.318,complements
Data Analysis,Rust,0.015,0.076,complements
JavaScript,Pandas,0.015,0.212,complements
Risk Management,XGBoost,0.015,0.024,complements
Azure,Prompt Engineering,0.015,0.024,complements
R,Windows,0.015,0.254,complements
NumPy,Redis,0.015,0.17,complements
CI/CD,R,0.015,0.172,complements
Confluence,Helm,0.015,0.262,complements
Hive,Prometheus,0.015,0.215,complements
PHP,Prometheus,0.015,0.172,complements
NLP,Unix,0.015,0.069,complements
CSS,Grafana,0.015,0.251,complements
Salesforce,System Design,0.015,0.211,complements
Data Warehousing,SageMaker,0.015,0.137,complements
AWS,Vector Databases,0.015,0.197,complements
Angular,Swift,0.015,0.227,complements
GitHub,Incident Response,0.015,0.099,complements
Helm,React,0.015,0.193,complements
Distributed Systems,GitLab,0.015,0.247,complements
Confluence,Firebase,0.015,0.199,complements
Machine Learning,Next.js,0.015,0.109,complements
Looker,Risk Management,0.015,0.212,complements
ETL,Windows,0.015,0.351,complements
C#,VMware,0.015,0.251,complements
ETL,MuleSoft,0.015,0.286,complements
Data Modeling,Go,0.015,0.224,complements
HTML,Scala,0.015,0.368,complements
.NET,Helm,0.015,0.215,complements
Data Analysis,Datadog,0.015,0.1,complements
Tableau,Windows,0.015,0.297,complements
JSON,R,0.015,0.367,complements
TypeScript,Unix,0.015,0.19,complements
DevOps,SageMaker,0.015,0.352,complements
CISSP,Java,0.015,0.226,complements
DevOps,Excel,0.015,0.329,complements
Data Warehousing,React,0.015,0.088,complements
Informatica,NLP,0.015,0.084,complements
Firebase,Microservices,0.015,0.383,complements
MuleSoft,Spring,0.015,0.507,complements
Data Analysis,Fine-tuning,0.015,0.389,complements
Dynamics 365,Stakeholder Mgmt,0.015,0.092,complements
Go,Oracle,0.015,0.307,complements
Agile / Scrum,SAS,0.015,0.085,complements
Cybersecurity,R,0.015,0.104,complements
Azure,Google Analytics,0.015,0.195,complements
JavaScript,TensorFlow,0.015,0.156,complements
Spring,Windows,0.015,0.316,complements
Data Analysis,Data Observability,0.015,0.27,complements
Node.js,SOC 2,0.015,0.159,complements
.NET,Data Warehousing,0.015,0.07,complements
Jira,PyTorch,0.015,0.12,complements
Ruby,Spring Boot,0.015,0.331,complements
BigQuery,Jira,0.015,0.205,complements
MySQL,Swift,0.015,0.212,complements
REST API,dbt,0.015,0.126,complements
Ruby,Software Architecture,0.015,0.275,complements
.NET,Distributed Systems,0.015,0.38,complements
Google Analytics,Kotlin,0.015,0.141,complements
Agile / Scrum,Firewalls,0.015,-0.009,complements
Data Visualization,Django,0.014,0.215,complements
Kafka,Vue,0.014,0.109,complements
Airflow,Jupyter,0.014,0.238,complements
LLMs / GenAI,User Research,0.014,0.143,complements
HTML,VMware,0.014,0.197,complements
MySQL,OWASP,0.014,0.204,complements
Bash,Data Governance,0.014,0.043,complements
Kubernetes,Linear,0.014,0.217,complements
JavaScript,Prefect,0.014,0.239,complements
Data Warehousing,HTML,0.014,0.105,complements
Apache Iceberg,Data Analysis,0.014,0.36,complements
Data Governance,TensorFlow,0.014,-0.004,complements
Excel,Hive,0.014,0.222,complements
AWS Security,Azure,0.014,0.37,complements
Java,Svelte,0.014,0.336,complements
Dynamics 365,ETL,0.014,0.276,complements
Helm,JavaScript,0.014,0.269,complements
NumPy,Prototyping,0.014,-0.045,complements
ArgoCD,Confluence,0.014,0.214,complements
Data Visualization,scikit-learn,0.014,0.151,complements
Data Modeling,Splunk,0.014,0.251,complements
Data Governance,PyTorch,0.014,-0.004,complements
Grafana,Power BI,0.014,0.653,complements
C,REST API,0.014,0.285,complements
REST API,SOC 2,0.014,0.202,complements
Excel,Hadoop,0.014,0.177,complements
Grafana,HTML,0.014,0.184,complements
GitHub,Pandas,0.014,0.152,complements
Git,Incident Response,0.014,0.295,complements
Python,Workflow Automation,0.014,0.36,complements
C++,Dagster,0.014,0.35,complements
Redis,Windows,0.014,0.453,complements
JSON,Prometheus,0.014,0.297,complements
NLP,PostgreSQL,0.014,0.183,complements
Looker,MySQL,0.014,0.34,complements
Data Pipeline,Prometheus,0.014,0.238,complements
Big Data,MATLAB,0.014,0.171,complements
AWS Security,Python,0.014,0.087,complements
C++,Excel,0.014,0.366,complements
.NET,Splunk,0.014,0.198,complements
PowerShell,Snowflake,0.014,0.13,complements
Tableau,XML,0.014,0.388,complements
Ansible,Hive,0.014,0.161,complements
Snowflake,Spring,0.014,0.147,complements
Informatica,Splunk,0.014,0.325,complements
Hadoop,Software Architecture,0.014,0.16,complements
A/B Testing,Azure,0.014,0.109,complements
Prototyping,Swift,0.014,0.217,complements
Airflow,Software Architecture,0.014,0.182,complements
Incident Response,Kafka,0.014,0.08,complements
Ansible,Workday,0.014,0.211,complements
Linux,Pulumi,0.014,0.446,complements
A/B Testing,SAS,0.014,0.272,complements
C#,SAS,0.014,0.215,complements
MATLAB,Power BI,0.014,0.196,complements
Git,SOC 2,0.014,0.308,complements
Data Modeling,jQuery,0.014,0.139,complements
LLMs / GenAI,System Design,0.014,0.138,complements
Git,SAS,0.014,0.284,complements
AWS,Dagster,0.014,0.288,complements
CISSP,Jenkins,0.014,0.21,complements
Looker,Unit Testing,0.014,0.118,complements
Confluence,Rust,0.014,0.201,complements
Elasticsearch,Power BI,0.014,0.441,complements
FastAPI,Power BI,0.014,0.209,complements
MATLAB,Oracle,0.014,0.183,complements
Jenkins,Penetration Testing,0.014,-0.025,complements
Cassandra,SAS,0.014,-0.006,complements
Pandas,Terraform,0.014,0.169,complements
A/B Testing,Kubernetes,0.014,0.119,complements
MongoDB,System Design,0.014,0.18,complements
GitLab,Hive,0.014,0.255,complements
Confluence,Redshift,0.014,0.167,complements
Big Data,SageMaker,0.014,0.396,complements
NetSuite,Power BI,0.014,0.336,complements
Data Visualization,Go,0.014,0.216,complements
Machine Learning,User Research,0.014,0.329,complements
Angular,Flink,0.014,0.159,complements
CI/CD,Prompt Engineering,0.014,0.17,complements
SQL,Workflow Automation,0.014,0.148,complements
GitHub,SSIS,0.014,0.148,complements
Excel,VMware,0.014,0.123,complements
Oracle,Statistical Analysis,0.014,0.199,complements
MATLAB,Unix,0.014,0.215,complements
Dynamics 365,Salesforce,0.014,0.479,complements
Angular,Firebase,0.014,0.256,complements
Big Data,Prometheus,0.014,0.251,complements
Redshift,Statistical Analysis,0.014,0.164,complements
Azure,Next.js,0.014,0.268,complements
Go,Prototyping,0.014,0.104,complements
BigQuery,REST API,0.014,0.12,complements
Active Directory,Prometheus,0.014,0.36,complements
Jenkins,NumPy,0.014,0.107,complements
Ruby,Splunk,0.014,0.205,complements
C++,jQuery,0.014,0.179,complements
Data Analysis,Vector Databases,0.014,0.259,complements
Azure,Workflow Automation,0.014,0.13,complements
Machine Learning,PowerShell,0.014,0.13,complements
Data Governance,Deep Learning,0.014,0.05,complements
Cassandra,Flask,0.014,0.193,complements
DevOps,Looker,0.014,0.296,complements
VMware,XML,0.014,0.272,complements
C,Pandas,0.014,0.159,complements
Distributed Systems,Linear,0.014,0.41,complements
Hadoop,SSIS,0.014,0.256,complements
Ruby,Salesforce,0.014,0.215,complements
Prototyping,Salesforce,0.014,0.022,complements
Linear,Snowflake,0.014,0.175,complements
CISSP,CSS,0.014,0.153,complements
Power BI,PyTorch,0.014,0.219,complements
Airflow,Statistical Analysis,0.014,0.064,complements
HTML,Redshift,0.014,0.107,complements
ETL,Risk Management,0.014,0.258,complements
DevOps,MATLAB,0.014,0.24,complements
Linux,SAP,0.014,0.278,complements
C,Scala,0.014,0.64,complements
AWS Security,PowerShell,0.014,0.061,complements
Airflow,Ansible,0.014,0.357,complements
Data Warehousing,GraphQL,0.014,0.266,complements
Data Visualization,Windows,0.014,0.3,complements
Spring,Swift,0.014,0.311,complements
Snowflake,System Design,0.014,0.16,complements
Flask,Hadoop,0.014,0.213,complements
C#,Data Governance,0.014,0.103,complements
Data Visualization,Splunk,0.014,0.273,complements
Jira,NetSuite,0.014,0.24,complements
Azure,Dagster,0.014,0.288,complements
GraphQL,Scala,0.014,0.393,complements
CSS,Scala,0.014,0.375,complements
GCP,Zero Trust,0.014,0.294,complements
Ansible,Rust,0.014,0.28,complements
Prototyping,jQuery,0.014,0.15,complements
Git,ServiceNow,0.014,0.335,complements
Java,scikit-learn,0.014,0.123,complements
Jenkins,Jupyter,0.014,0.294,complements
HTML,Informatica,0.014,0.139,complements
Angular,Rust,0.014,0.164,complements
Oracle,Prometheus,0.014,0.282,complements
CSS,SAP,0.014,0.17,complements
Machine Learning,Pulumi,0.014,0.089,complements
Google Analytics,NoSQL,0.014,0.13,complements
Oracle,Penetration Testing,0.014,0.094,complements
OWASP,Oracle,0.014,0.242,complements
ArgoCD,MySQL,0.014,0.075,complements
OWASP,Spring Boot,0.014,0.214,complements
NumPy,SAS,0.014,0.178,complements
Machine Learning,XML,0.014,0.251,complements
CISSP,Excel,0.014,0.124,complements
Informatica,MySQL,0.014,0.347,complements
Prometheus,VMware,0.014,0.165,complements
CI/CD,CISSP,0.014,0.206,complements
System Design,Workday,0.014,0.141,complements
Grafana,TensorFlow,0.014,0.178,complements
BigQuery,GitLab,0.014,0.262,complements
Databricks,Microservices,0.014,0.213,complements
NumPy,Redshift,0.014,0.22,complements
C,Linear,0.014,0.24,complements
Prometheus,Spring,0.014,0.217,complements
Active Directory,REST API,0.013,0.309,complements
R,Splunk,0.013,0.328,complements
Google Analytics,Hadoop,0.013,0.141,complements
Kubernetes,Salesforce,0.013,0.301,complements
Firewalls,Jira,0.013,0.199,complements
Flink,Unix,0.013,0.174,complements
Fine-tuning,Java,0.013,0.126,complements
CSS,Tableau,0.013,0.352,complements
Big Data,Django,0.013,0.186,complements
CSS,Flink,0.013,0.126,complements
React,ServiceNow,0.013,0.123,complements
Flask,Snowflake,0.013,0.193,complements
Docker,Svelte,0.013,0.253,complements
LangChain,Microservices,0.013,0.312,complements
OWASP,XML,0.013,0.24,complements
React,Tableau,0.013,0.325,complements
Active Directory,MySQL,0.013,0.175,complements
DevOps,Figma,0.013,0.303,complements
PowerShell,Spark,0.013,0.141,complements
Kubernetes,Looker,0.013,0.273,complements
C++,GraphQL,0.013,0.276,complements
JavaScript,VMware,0.013,0.406,complements
PHP,Spring Boot,0.013,0.455,complements
Distributed Systems,Prototyping,0.013,0.189,complements
C,JSON,0.013,0.481,complements
Deep Learning,Prototyping,0.013,-0.063,complements
C++,Data Governance,0.013,0.008,complements
Jira,Jupyter,0.013,0.298,complements
Agile / Scrum,Incident Response,0.013,0.151,complements
Go,Pandas,0.013,0.226,complements
Active Directory,PHP,0.013,0.316,complements
Pandas,Unit Testing,0.013,0.184,complements
Cybersecurity,SAP,0.013,0.094,complements
Databricks,Salesforce,0.013,0.485,complements
Firewalls,Segment,0.013,0.297,complements
ETL,Spring,0.013,0.302,complements
Data Warehousing,LLMs / GenAI,0.013,0.027,complements
Data Visualization,DynamoDB,0.013,0.187,complements
C#,Grafana,0.013,0.17,complements
Data Analysis,GraphQL,0.013,0.227,complements
C++,Salesforce,0.013,0.114,complements
C,Kanban,0.013,0.155,complements
.NET,Grafana,0.013,0.188,complements
Alteryx,Stakeholder Mgmt,0.013,0.099,complements
LLMs / GenAI,PostgreSQL,0.013,0.181,complements
Active Directory,Dynamics 365,0.013,0.398,complements
Jira,LLMs / GenAI,0.013,0.13,complements
Bash,SAP,0.013,0.312,complements
MATLAB,NoSQL,0.013,0.104,complements
CI/CD,Linear,0.013,0.436,complements
CISSP,GitHub,0.013,0.071,complements
CISSP,Data Governance,0.013,0.331,complements
Firewalls,Go,0.013,0.206,complements
Agile / Scrum,Workflow Automation,0.013,0.21,complements
Microservices,Salesforce,0.013,0.281,complements
Ansible,jQuery,0.013,0.245,complements
GitLab,Scala,0.013,0.281,complements
Informatica,Linux,0.013,0.305,complements
REST API,Risk Management,0.013,0.065,complements
AWS Security,Terraform,0.013,0.447,complements
SSIS,TypeScript,0.013,0.102,complements
Figma,Machine Learning,0.013,0.214,complements
Jenkins,Looker,0.013,0.343,complements
GitLab,Redshift,0.013,0.272,complements
AWS,Microsoft Fabric,0.013,0.424,complements
Kubernetes,Svelte,0.013,0.143,complements
Figma,Python,0.013,0.294,complements
Cybersecurity,Ruby,0.013,0.14,complements
ETL,Flask,0.013,0.153,complements
Data Modeling,Django,0.013,0.135,complements
C#,Redshift,0.013,0.175,complements
Agile / Scrum,NetSuite,0.013,0.231,complements
Bash,Spring Boot,0.013,0.326,complements
.NET,Informatica,0.013,0.29,complements
Risk Management,TensorFlow,0.013,0.049,complements
Google Analytics,Java,0.013,0.238,complements
Agile / Scrum,Pulumi,0.013,0.161,complements
JavaScript,Workflow Automation,0.013,0.256,complements
Python,Trino,0.013,0.356,complements
Firewalls,Prometheus,0.013,0.186,complements
.NET,ServiceNow,0.013,0.309,complements
Data Governance,Prototyping,0.013,0.061,complements
Software Architecture,Stakeholder Mgmt,0.013,0.321,complements
Cybersecurity,Data Warehousing,0.013,0.2,complements
React,Stakeholder Mgmt,0.013,-0.002,complements
C,NoSQL,0.013,0.208,complements
C++,Spring Boot,0.013,0.331,complements
Databricks,JavaScript,0.013,0.202,complements
Data Warehousing,Software Architecture,0.013,0.23,complements
A/B Testing,Jira,0.013,0.24,complements
Data Pipeline,Risk Management,0.013,0.095,complements
Splunk,TypeScript,0.013,0.209,complements
Ansible,Software Architecture,0.013,0.36,complements
Fine-tuning,Python,0.013,0.273,complements
JavaScript,MATLAB,0.013,0.41,complements
Google Analytics,Spark,0.013,0.263,complements
Linux,Segment,0.013,0.336,complements
NLP,Terraform,0.013,0.109,complements
Data Governance,System Design,0.013,0.216,complements
MySQL,Statistical Analysis,0.013,0.169,complements
Prototyping,Windows,0.013,0.081,complements
C++,ETL,0.013,0.281,complements
REST API,VMware,0.013,0.271,complements
HTML,Risk Management,0.013,0.122,complements
Django,VMware,0.013,0.349,complements
Data Modeling,Deep Learning,0.013,0.189,complements
GitLab,dbt,0.013,0.276,complements
CI/CD,Fivetran,0.013,0.183,complements
Go,Next.js,0.013,0.343,complements
Redis,Redshift,0.013,0.409,complements
Data Governance,JSON,0.013,0.23,complements
GraphQL,Hadoop,0.013,0.206,complements
.NET,GraphQL,0.013,0.277,complements
Linux,Vue,0.013,0.226,complements
C#,NLP,0.013,0.148,complements
Incident Response,Redis,0.013,0.138,complements
Datadog,Windows,0.013,0.314,complements
Bash,Databricks,0.013,0.18,complements
GitLab,Swift,0.013,0.232,complements
Dynamics 365,PowerShell,0.013,0.31,complements
Data Warehousing,MLflow,0.013,0.283,complements
CI/CD,Svelte,0.013,0.294,complements
Hive,XML,0.013,0.281,complements
Jenkins,SAP,0.013,0.291,complements
Big Data,PowerShell,0.013,0.09,complements
Docker,MATLAB,0.013,0.254,complements
Hive,JavaScript,0.013,0.205,complements
NLP,Redshift,0.013,0.044,complements
LLMs / GenAI,Rust,0.013,0.151,complements
CI/CD,SOC 2,0.013,0.167,complements
C,MySQL,0.013,0.296,complements
Terraform,Workday,0.013,0.359,complements
Cybersecurity,MySQL,0.013,0.138,complements
Kanban,Linear,0.013,0.388,complements
Databricks,Kanban,0.013,0.225,complements
Looker,Oracle,0.013,0.404,complements
Ruby,Spring,0.013,0.331,complements
PHP,Spring,0.013,0.378,complements
Kubernetes,Workday,0.013,0.304,complements
Go,TensorFlow,0.013,0.2,complements
DevOps,Next.js,0.013,0.182,complements
C,Redis,0.013,0.309,complements
MongoDB,SAS,0.013,0.055,complements
NoSQL,Salesforce,0.013,0.306,complements
Prototyping,TensorFlow,0.013,0.108,complements
Agile / Scrum,Fivetran,0.013,0.148,complements
ArgoCD,TypeScript,0.013,0.123,complements
Salesforce,User Research,0.013,0.193,complements
Jira,OWASP,0.013,0.311,complements
HTML,Snowflake,0.013,0.091,complements
Data Governance,Node.js,0.013,-0.02,complements
ClickHouse,JavaScript,0.013,0.161,complements
Ruby,SIEM,0.013,0.282,complements
Hadoop,SAP,0.013,0.151,complements
Data Analysis,Firebase,0.013,0.081,complements
AWS,Firebase,0.013,0.477,complements
Cassandra,PHP,0.013,0.176,complements
Alteryx,Salesforce,0.013,0.227,complements
Informatica,Windows,0.013,0.198,complements
Salesforce,Terraform,0.013,0.32,complements
.NET,Big Data,0.013,0.105,complements
Tableau,Terraform,0.013,0.241,complements
C#,Helm,0.013,0.208,complements
Data Warehousing,Deep Learning,0.013,0.137,complements
JSON,Scala,0.013,0.443,complements
Jira,Next.js,0.013,0.095,complements
TypeScript,Zero Trust,0.013,0.207,complements
A/B Testing,Hadoop,0.013,0.062,complements
Alteryx,C++,0.013,0.32,complements
Datadog,HTML,0.013,0.105,complements
HTML,Looker,0.013,0.268,complements
Informatica,Unit Testing,0.013,0.155,complements
Active Directory,Confluence,0.013,0.378,complements
Data Analysis,PHP,0.013,0.125,complements
GitHub,SAP,0.013,0.085,complements
Statistical Analysis,Workday,0.013,0.036,complements
Databricks,Excel,0.013,0.161,complements
Confluence,Google Analytics,0.013,0.183,complements
Active Directory,jQuery,0.013,0.209,complements
ETL,Stakeholder Mgmt,0.013,0.172,complements
Google Analytics,Hive,0.013,0.203,complements
Data Analysis,Hugging Face,0.013,0.243,complements
Excel,MySQL,0.013,0.28,complements
C++,Power BI,0.013,0.261,complements
SAS,Salesforce,0.013,0.19,complements
GCP,OWASP,0.013,0.214,complements
GitLab,Power BI,0.013,0.217,complements
C,GCP,0.013,0.221,complements
ETL,Workday,0.013,0.155,complements
Data Visualization,MLflow,0.013,0.201,complements
Bash,MATLAB,0.013,0.335,complements
Data Pipeline,Datadog,0.013,0.228,complements
Tableau,Unit Testing,0.013,0.108,complements
Data Governance,JavaScript,0.013,0.074,complements
Go,OWASP,0.013,0.295,complements
AWS,Superset,0.013,0.233,complements
Data Warehousing,Windows,0.013,0.14,complements
Azure,Prefect,0.013,0.246,complements
Confluence,SAS,0.013,0.182,complements
Ansible,SAS,0.013,0.18,complements
PHP,System Design,0.013,0.322,complements
ClickHouse,React,0.013,0.132,complements
Cassandra,dbt,0.012,0.234,complements
Confluence,Vue,0.012,0.267,complements
Elasticsearch,Penetration Testing,0.012,0.022,complements
C++,Jupyter,0.012,0.378,complements
A/B Testing,jQuery,0.012,0.164,complements
Data Analysis,scikit-learn,0.012,0.202,complements
Data Warehousing,MuleSoft,0.012,0.303,complements
Jenkins,Next.js,0.012,0.275,complements
BigQuery,Confluence,0.012,0.129,complements
Flask,R,0.012,0.315,complements
Linux,Power BI,0.012,0.248,complements
A/B Testing,Kanban,0.012,0.234,complements
Informatica,Spring Boot,0.012,0.349,complements
Python,User Research,0.012,0.212,complements
C,Node.js,0.012,0.376,complements
HTML,SAS,0.012,0.091,complements
MuleSoft,NoSQL,0.012,0.204,complements
Deep Learning,SAS,0.012,0.136,complements
Pandas,TypeScript,0.012,0.152,complements
SIEM,Terraform,0.012,0.221,complements
A/B Testing,TypeScript,0.012,0.096,complements
Cybersecurity,Spark,0.012,0.082,complements
Dynamics 365,Unit Testing,0.012,0.167,complements
ArgoCD,REST API,0.012,0.147,complements
Software Architecture,Vue,0.012,0.324,complements
Java,Next.js,0.012,0.257,complements
Data Modeling,LLMs / GenAI,0.012,0.201,complements
Jupyter,Statistical Analysis,0.012,0.192,complements
HTML,Workday,0.012,0.171,complements
R,Software Architecture,0.012,0.199,complements
HTML,Hadoop,0.012,0.099,complements
Go,Jupyter,0.012,0.427,complements
Azure,Svelte,0.012,0.182,complements
Active Directory,Data Analysis,0.012,0.118,complements
Data Governance,Flask,0.012,0.008,complements
BigQuery,Go,0.012,0.264,complements
CISSP,HTML,0.012,0.119,complements
.NET,Cybersecurity,0.012,0.08,complements
Hadoop,Swift,0.012,0.115,complements
Kanban,Workday,0.012,0.225,complements
GCP,Google Analytics,0.012,0.195,complements
Excel,Firewalls,0.012,0.137,complements
Django,Hadoop,0.012,0.249,complements
Databricks,React,0.012,0.121,complements
NumPy,Risk Management,0.012,-0.018,complements
Data Modeling,TypeScript,0.012,0.1,complements
PyTorch,Risk Management,0.012,0.049,complements
Spark,Stakeholder Mgmt,0.012,0.059,complements
Machine Learning,SSIS,0.012,0.207,complements
Penetration Testing,ServiceNow,0.012,0.059,complements
Angular,User Research,0.012,0.193,complements
ETL,Splunk,0.012,0.334,complements
GitLab,Prototyping,0.012,0.054,complements
GraphQL,Oracle,0.012,0.367,complements
Kotlin,Prototyping,0.012,0.17,complements
Active Directory,Power BI,0.012,0.256,complements
JSON,Tableau,0.012,0.352,complements
Kanban,SAS,0.012,0.184,complements
Go,SageMaker,0.012,0.369,complements
JavaScript,NumPy,0.012,0.229,complements
Informatica,JavaScript,0.012,0.275,complements
Fivetran,JavaScript,0.012,0.182,complements
JavaScript,Pulumi,0.012,0.511,complements
Data Pipeline,Rust,0.012,0.188,complements
Google Analytics,PostgreSQL,0.012,0.241,complements
Kubernetes,MATLAB,0.012,0.203,complements
Cybersecurity,Hadoop,0.012,0.138,complements
SAP,Unix,0.012,0.115,complements
GitHub,NumPy,0.012,0.097,complements
Penetration Testing,REST API,0.012,0.193,complements
Bash,Flask,0.012,0.279,complements
ETL,Google Analytics,0.012,0.195,complements
Penetration Testing,Terraform,0.012,0.247,complements
React,SSIS,0.012,0.149,complements
.NET,Bash,0.012,0.324,complements
Kanban,VMware,0.012,0.226,complements
Data Warehousing,Linear,0.012,0.233,complements
Elasticsearch,PyTorch,0.012,0.145,complements
Oracle,Prototyping,0.012,-0.044,complements
Linear,Prototyping,0.012,0.153,complements
Cybersecurity,React,0.012,0.04,complements
PyTorch,Software Architecture,0.012,0.17,complements
Databricks,Stakeholder Mgmt,0.012,0.039,complements
CISSP,Kanban,0.012,0.202,complements
Microservices,Pandas,0.012,-0.004,complements
Incident Response,JavaScript,0.012,0.096,complements
Ansible,Vue,0.012,0.234,complements
ETL,PyTorch,0.012,0.171,complements
Excel,System Design,0.012,0.243,complements
Data Governance,Linear,0.012,0.224,complements
SageMaker,Terraform,0.012,0.394,complements
.NET,Excel,0.012,0.292,complements
Oracle,Stakeholder Mgmt,0.012,0.149,complements
MuleSoft,Python,0.012,0.462,complements
Firebase,Tableau,0.012,0.095,complements
Data Warehousing,Flask,0.012,0.116,complements
Microservices,SageMaker,0.012,0.373,complements
Kafka,Linear,0.012,0.189,complements
GitLab,System Design,0.012,0.307,complements
Machine Learning,SAP,0.012,0.163,complements
Git,SAP,0.012,0.191,complements
Stakeholder Mgmt,Windows,0.012,0.138,complements
.NET,Prometheus,0.012,0.143,complements
Dynamics 365,React,0.012,0.162,complements
Agile / Scrum,Prefect,0.012,0.223,complements
Flask,VMware,0.012,0.259,complements
C++,Splunk,0.012,0.327,complements
JavaScript,Statistical Analysis,0.012,0.096,complements
Data Modeling,MLflow,0.012,0.169,complements
CI/CD,Penetration Testing,0.012,0.314,complements
Bash,Swift,0.012,0.397,complements
Deep Learning,Jenkins,0.012,0.121,complements
Deep Learning,Windows,0.012,0.09,complements
Data Analysis,FastAPI,0.012,0.066,complements
.NET,Penetration Testing,0.012,0.094,complements
Bash,Zero Trust,0.012,0.208,complements
Pandas,Stakeholder Mgmt,0.012,-0.068,complements
Jenkins,Prototyping,0.012,0.026,complements
Firewalls,Git,0.012,0.203,complements
Prototyping,PyTorch,0.012,0.108,complements
Bash,Data Warehousing,0.012,0.144,complements
C++,SAP,0.012,0.223,complements
CISSP,System Design,0.012,0.132,complements
Burp Suite,JavaScript,0.012,0.478,complements
AWS,Excel,0.012,0.167,complements
ETL,Ruby,0.012,0.242,complements
Risk Management,Workday,0.012,0.111,complements
Confluence,Firewalls,0.012,0.1,complements
Ansible,Data Pipeline,0.012,0.259,complements
Helm,Windows,0.012,0.264,complements
Kafka,PowerShell,0.012,0.118,complements
A/B Testing,NoSQL,0.012,0.064,complements
BigQuery,Node.js,0.012,0.178,complements
Kanban,PowerShell,0.012,0.206,complements
C++,CISSP,0.012,0.196,complements
Power BI,Unit Testing,0.012,0.155,complements
Flink,HTML,0.012,0.138,complements
Figma,Spring,0.012,0.302,complements
Microservices,Stakeholder Mgmt,0.012,0.182,complements
Flask,Redshift,0.012,0.232,complements
MuleSoft,Tableau,0.012,0.356,complements
C,Cassandra,0.012,0.189,complements
MySQL,ServiceNow,0.012,0.172,complements
Bash,PyTorch,0.012,0.033,complements
Kanban,MATLAB,0.012,0.209,complements
Django,XML,0.012,0.323,complements
Data Modeling,GitLab,0.012,0.102,complements
Excel,Spark,0.012,0.24,complements
Software Architecture,Statistical Analysis,0.012,0.258,complements
Data Governance,Go,0.012,0.084,complements
Redis,Tableau,0.012,0.22,complements
Stakeholder Mgmt,dbt,0.012,0.123,complements
A/B Testing,Go,0.012,0.066,complements
Stakeholder Mgmt,XML,0.012,0.2,complements
SQL,Vector Databases,0.012,0.368,complements
NLP,Stakeholder Mgmt,0.012,0.074,complements
Data Governance,GitLab,0.012,0.182,complements
Grafana,Pandas,0.012,0.394,complements
NetSuite,Tableau,0.012,0.3,complements
MLflow,Tableau,0.012,0.274,complements
Spring Boot,Swift,0.012,0.265,complements
Node.js,SageMaker,0.012,0.343,complements
CSS,Data Warehousing,0.012,0.085,complements
MongoDB,Next.js,0.012,0.239,complements
Data Analysis,Prefect,0.012,0.179,complements
Data Governance,Software Architecture,0.012,0.315,complements
Software Architecture,TensorFlow,0.012,0.17,complements
C++,DynamoDB,0.012,0.124,complements
MLflow,MySQL,0.012,0.153,complements
Dagster,Java,0.012,0.358,complements
Confluence,Dynamics 365,0.012,0.23,complements
Mixpanel,SQL,0.012,0.238,complements
FastAPI,Jira,0.012,0.124,complements
C,Microservices,0.011,0.296,complements
Cybersecurity,Go,0.011,0.211,complements
CISSP,Looker,0.011,0.195,complements
Looker,Ruby,0.011,0.313,complements
Penetration Testing,SQL,0.011,0.096,complements
Helm,Spring,0.011,0.379,complements
CISSP,NoSQL,0.011,0.118,complements
Excel,Linear,0.011,0.377,complements
Power BI,Unix,0.011,0.141,complements
Data Visualization,Flask,0.011,0.14,complements
Datadog,XML,0.011,0.264,complements
Hadoop,Helm,0.011,0.204,complements
Ruby,ServiceNow,0.011,0.271,complements
Jupyter,Windows,0.011,0.346,complements
Windows,dbt,0.011,0.141,complements
Distributed Systems,jQuery,0.011,0.157,complements
Power BI,Terraform,0.011,0.271,complements
ArgoCD,Node.js,0.011,0.145,complements
ArgoCD,CSS,0.011,0.108,complements
Datadog,Oracle,0.011,0.152,complements
System Design,jQuery,0.011,0.123,complements
Confluence,LLMs / GenAI,0.011,0.186,complements
JavaScript,SageMaker,0.011,0.383,complements
Microservices,Penetration Testing,0.011,0.173,complements
CSS,R,0.011,0.286,complements
CISSP,GitLab,0.011,0.129,complements
R,Swift,0.011,0.286,complements
CSS,Datadog,0.011,0.084,complements
Scala,Stakeholder Mgmt,0.011,0.069,complements
A/B Testing,Snowflake,0.011,0.097,complements
Agile / Scrum,SOC 2,0.011,0.125,complements
REST API,Stakeholder Mgmt,0.011,0.053,complements
PostgreSQL,PyTorch,0.011,0.321,complements
Data Modeling,Workday,0.011,0.165,complements
Machine Learning,Vue,0.011,0.18,complements
CI/CD,Stakeholder Mgmt,0.011,0.197,complements
Angular,Tableau,0.011,0.212,complements
Kafka,MLflow,0.011,0.24,complements
Docker,Informatica,0.011,0.2,complements
C#,Jupyter,0.011,0.309,complements
Elasticsearch,Incident Response,0.011,0.183,complements
LLMs / GenAI,MongoDB,0.011,0.171,complements
PyTorch,Redshift,0.011,0.073,complements
Dynamics 365,GitHub,0.011,0.134,complements
Confluence,Workday,0.011,0.272,complements
C#,Informatica,0.011,0.308,complements
CSS,Pandas,0.011,0.212,complements
Scala,TypeScript,0.011,0.483,complements
Hive,Ruby,0.011,0.215,complements
GitLab,Pandas,0.011,0.153,complements
MySQL,Prototyping,0.011,0.053,complements
Machine Learning,jQuery,0.011,0.147,complements
C#,Splunk,0.011,0.274,complements
Docker,scikit-learn,0.011,0.192,complements
Java,dbt,0.011,0.34,complements
Prototyping,Snowflake,0.011,-0.054,complements
A/B Testing,Ruby,0.011,0.114,complements
JSON,SAP,0.011,0.183,complements
LLMs / GenAI,Unix,0.011,0.075,complements
Power BI,SageMaker,0.011,0.212,complements
Linux,SageMaker,0.011,0.357,complements
GraphQL,Redshift,0.011,0.341,complements
Cybersecurity,NLP,0.011,0.048,complements
ETL,GraphQL,0.011,0.314,complements
Power BI,Splunk,0.011,0.321,complements
Excel,Unix,0.011,0.15,complements
.NET,Hadoop,0.011,0.16,complements
Deep Learning,System Design,0.011,0.257,complements
Airflow,Unix,0.011,0.164,complements
GitLab,ServiceNow,0.011,0.348,complements
Cybersecurity,Kafka,0.011,0.173,complements
Prometheus,XML,0.011,0.299,complements
LLMs / GenAI,Linux,0.011,0.116,complements
Microservices,Power BI,0.011,0.242,complements
Cybersecurity,PostgreSQL,0.011,0.138,complements
ETL,TensorFlow,0.011,0.171,complements
NetSuite,Python,0.011,0.302,complements
GraphQL,Snowflake,0.011,0.334,complements
Kafka,SSIS,0.011,0.266,complements
Firewalls,Kanban,0.011,0.201,complements
Risk Management,Spring,0.011,0.124,complements
R,XML,0.011,0.386,complements
Cassandra,Windows,0.011,0.238,complements
Confluence,PHP,0.011,0.31,complements
Azure,NetSuite,0.011,0.514,complements
Firewalls,JavaScript,0.011,0.24,complements
Swift,Windows,0.011,0.422,complements
CISSP,Microservices,0.011,0.108,complements
MongoDB,Prototyping,0.011,0.049,complements
Deep Learning,Redshift,0.011,0.122,complements
GraphQL,Pandas,0.011,0.192,complements
Angular,Cybersecurity,0.011,0.044,complements
PowerShell,Zero Trust,0.011,0.104,complements
Kanban,Redshift,0.011,0.211,complements
C++,Stakeholder Mgmt,0.011,0.043,complements
Cybersecurity,Salesforce,0.011,0.193,complements
GCP,MATLAB,0.011,0.171,complements
Databricks,System Design,0.011,0.264,complements
Datadog,VMware,0.011,0.277,complements
C#,ServiceNow,0.011,0.362,complements
SAS,Windows,0.011,0.15,complements
Pandas,Risk Management,0.011,0.104,complements
HTML,NumPy,0.011,0.1,complements
CSS,Splunk,0.011,0.192,complements
Data Governance,Grafana,0.011,0.183,complements
Cassandra,LLMs / GenAI,0.011,0.083,complements
Google Analytics,MongoDB,0.011,0.192,complements
Kafka,Swift,0.011,0.19,complements
Node.js,User Research,0.011,0.172,complements
Risk Management,Scala,0.011,0.033,complements
.NET,Data Visualization,0.011,0.14,complements
CSS,Hadoop,0.011,0.065,complements
Deep Learning,Elasticsearch,0.011,0.222,complements
C#,PyTorch,0.011,0.176,complements
SAP,Spark,0.011,0.206,complements
Kubernetes,SIEM,0.011,0.116,complements
NumPy,Unit Testing,0.011,0.119,complements
Active Directory,PostgreSQL,0.011,0.175,complements
Microservices,TensorFlow,0.011,0.1,complements
Docker,Salesforce,0.011,0.068,complements
C,Helm,0.011,0.22,complements
Excel,NumPy,0.011,0.316,complements
C,LLMs / GenAI,0.011,0.205,complements
Grafana,R,0.011,0.398,complements
Data Analysis,Swift,0.011,0.109,complements
BigQuery,TensorFlow,0.011,0.078,complements
C#,Stakeholder Mgmt,0.011,0.183,complements
.NET,Ansible,0.011,0.336,complements
Dynamics 365,Oracle,0.011,0.494,complements
Bash,jQuery,0.011,0.208,complements
Excel,Linux,0.011,0.251,complements
SQL,User Research,0.011,0.136,complements
Bash,Deep Learning,0.011,0.021,complements
.NET,R,0.011,0.34,complements
Data Modeling,Datadog,0.011,0.135,complements
Jupyter,PowerShell,0.011,0.327,complements
Linear,React,0.011,0.122,complements
Splunk,Unit Testing,0.011,0.224,complements
.NET,Spark,0.011,0.145,complements
Data Governance,REST API,0.011,0.112,complements
Grafana,jQuery,0.011,0.231,complements
R,REST API,0.011,0.184,complements
C++,Snowflake,0.011,0.193,complements
System Design,TensorFlow,0.011,0.15,complements
Google Analytics,XML,0.011,0.201,complements
NumPy,REST API,0.011,0.07,complements
Bash,Tableau,0.011,0.297,complements
Machine Learning,Salesforce,0.011,0.141,complements
Bash,Redshift,0.011,0.172,complements
Dynamics 365,Git,0.011,0.204,complements
Ansible,Penetration Testing,0.011,0.187,complements
A/B Testing,AWS,0.011,0.109,complements
Jira,Penetration Testing,0.011,0.187,complements
Data Visualization,Datadog,0.011,0.18,complements
Deep Learning,Grafana,0.011,0.111,complements
MLflow,Microservices,0.011,0.173,complements
AWS Security,GCP,0.011,0.37,complements
Statistical Analysis,User Research,0.011,0.323,complements
Firewalls,Java,0.011,0.162,complements
Ansible,Data Modeling,0.011,0.207,complements
Java,User Research,0.011,0.22,complements
Spring Boot,Windows,0.011,0.316,complements
Distributed Systems,Vue,0.011,0.223,complements
.NET,Tableau,0.011,0.225,complements
Excel,Redshift,0.011,0.399,complements
MySQL,SAS,0.011,0.302,complements
NLP,Unit Testing,0.011,0.219,complements
Bash,Data Visualization,0.011,0.179,complements
HTML,Pandas,0.011,0.14,complements
CI/CD,ClickHouse,0.011,0.068,complements
JSON,Workday,0.011,0.194,complements
Databricks,Grafana,0.01,0.254,complements
Confluence,OWASP,0.01,0.223,complements
MATLAB,Swift,0.01,0.322,complements
NoSQL,OWASP,0.01,0.247,complements
.NET,Scala,0.01,0.382,complements
CI/CD,SAS,0.01,0.247,complements
MongoDB,Salesforce,0.01,0.327,complements
Linux,Statistical Analysis,0.01,0.045,complements
PyTorch,Terraform,0.01,0.118,complements
Docker,ServiceNow,0.01,0.223,complements
Jenkins,PyTorch,0.01,0.112,complements
NLP,User Research,0.01,0.14,complements
Helm,VMware,0.01,0.333,complements
MLflow,Power BI,0.01,0.299,complements
Firewalls,Microservices,0.01,0.141,complements
Software Architecture,Splunk,0.01,0.205,complements
Confluence,Linear,0.01,0.522,complements
Data Analysis,MuleSoft,0.01,0.086,complements
Agile / Scrum,Amplitude,0.01,0.131,complements
Active Directory,GitHub,0.01,0.272,complements
C++,Redshift,0.01,0.266,complements
Active Directory,Kanban,0.01,0.265,complements
Node.js,Redshift,0.01,0.207,complements
Prometheus,Redshift,0.01,0.381,complements
GraphQL,Unix,0.01,0.199,complements
Data Analysis,Spring,0.01,0.158,complements
.NET,Flink,0.01,0.152,complements
Cybersecurity,jQuery,0.01,0.023,complements
C#,TensorFlow,0.01,0.176,complements
Swift,Unix,0.01,0.555,complements
.NET,LLMs / GenAI,0.01,0.174,complements
Distributed Systems,XML,0.01,0.364,complements
Salesforce,Software Architecture,0.01,0.25,complements
C#,Prometheus,0.01,0.172,complements
Datadog,Machine Learning,0.01,0.107,complements
SQL,Svelte,0.01,0.21,complements
A/B Testing,Airflow,0.01,0.044,complements
Elasticsearch,VMware,0.01,0.214,complements
Distributed Systems,Risk Management,0.01,0.18,complements
CSS,Snowflake,0.01,0.071,complements
Data Pipeline,TypeScript,0.01,0.086,complements
AWS,MATLAB,0.01,0.171,complements
Incident Response,Jupyter,0.01,0.068,complements
Oracle,Pandas,0.01,0.261,complements
Git,Penetration Testing,0.01,0.185,complements
CISSP,Kafka,0.01,0.058,complements
A/B Testing,REST API,0.01,0.114,complements
CSS,Rust,0.01,0.33,complements
C,Splunk,0.01,0.326,complements
DevOps,Linear,0.01,0.456,complements
C++,Datadog,0.01,0.189,complements
PowerShell,R,0.01,0.294,complements
GCP,Stakeholder Mgmt,0.01,0.158,complements
Databricks,Unit Testing,0.01,0.015,complements
Hugging Face,SQL,0.01,0.124,complements
DynamoDB,Tableau,0.01,0.245,complements
Deep Learning,PostgreSQL,0.01,0.145,complements
Data Governance,Windows,0.01,0.137,complements
Firebase,Python,0.01,0.255,complements
Power BI,System Design,0.01,0.278,complements
TypeScript,Workday,0.01,0.152,complements
Data Governance,Datadog,0.01,0.178,complements
Data Analysis,VMware,0.01,0.014,complements
Angular,Risk Management,0.01,-0.011,complements
Linear,TypeScript,0.01,0.153,complements
BigQuery,Microservices,0.01,0.222,complements
LLMs / GenAI,Software Architecture,0.01,0.175,complements
Angular,R,0.01,0.186,complements
Data Pipeline,JSON,0.01,0.397,complements
DevOps,Statistical Analysis,0.01,0.22,complements
PostgreSQL,SSIS,0.01,0.411,complements
Flask,XML,0.01,0.293,complements
Data Governance,Unix,0.01,0.12,complements
NumPy,Terraform,0.01,0.138,complements
Databricks,Splunk,0.01,0.271,complements
Cybersecurity,Unit Testing,0.01,0.133,complements
Alteryx,Hadoop,0.01,0.245,complements
PyTorch,Windows,0.01,0.09,complements
Ansible,Snowflake,0.01,0.224,complements
Burp Suite,Data Analysis,0.01,0.202,complements
PHP,ServiceNow,0.01,0.286,complements
SIEM,Stakeholder Mgmt,0.01,0.066,complements
Data Modeling,PHP,0.01,0.24,complements
Java,SOC 2,0.01,0.25,complements
MATLAB,PostgreSQL,0.01,0.137,complements
C#,Penetration Testing,0.01,0.143,complements
Excel,REST API,0.01,0.198,complements
Agile / Scrum,Alteryx,0.01,0.134,complements
Statistical Analysis,System Design,0.01,0.236,complements
CSS,Helm,0.01,0.177,complements
Incident Response,Oracle,0.01,0.154,complements
Bash,Snowflake,0.01,0.117,complements
Kafka,MuleSoft,0.01,0.401,complements
Kafka,Statistical Analysis,0.01,0.077,complements
System Design,Tableau,0.01,0.224,complements
Angular,Prometheus,0.01,0.105,complements
GraphQL,System Design,0.01,0.211,complements
Data Modeling,Grafana,0.01,0.294,complements
CSS,Informatica,0.01,0.129,complements
Looker,React,0.01,0.295,complements
ETL,Redis,0.01,0.285,complements
GitLab,PyTorch,0.01,0.131,complements
Prototyping,Statistical Analysis,0.01,0.233,complements
Data Pipeline,Salesforce,0.01,0.299,complements
.NET,MATLAB,0.01,0.324,complements
Firewalls,MySQL,0.01,0.153,complements
Figma,NoSQL,0.01,0.063,complements
TensorFlow,Windows,0.01,0.09,complements
Jupyter,MySQL,0.01,0.252,complements
C++,FastAPI,0.01,0.31,complements
CSS,VMware,0.01,0.226,complements
Hadoop,Rust,0.01,0.18,complements
Data Analysis,Firewalls,0.01,0.121,complements
A/B Testing,PyTorch,0.01,0.009,complements
A/B Testing,Kafka,0.01,0.041,complements
Linux,Workday,0.01,0.296,complements
Ansible,ETL,0.01,0.249,complements
Salesforce,Spark,0.01,0.365,complements
NLP,TypeScript,0.01,0.222,complements
Excel,Splunk,0.01,0.293,complements
Excel,Jupyter,0.01,0.393,complements
JSON,Risk Management,0.01,0.105,complements
Angular,C,0.01,0.295,complements
Cybersecurity,XML,0.01,0.195,complements
Django,Windows,0.01,0.289,complements
Active Directory,Datadog,0.01,0.263,complements
NumPy,Oracle,0.01,0.122,complements
PostgreSQL,Prototyping,0.01,0.053,complements
CSS,Excel,0.01,0.278,complements
.NET,A/B Testing,0.01,0.074,complements
A/B Testing,Confluence,0.01,0.19,complements
BigQuery,CSS,0.01,0.083,complements
Cassandra,jQuery,0.01,0.114,complements
Docker,SAP,0.01,0.186,complements
Jenkins,LLMs / GenAI,0.01,0.174,complements
Prototyping,Spring,0.01,0.132,complements
Stakeholder Mgmt,Unix,0.01,0.104,complements
Alteryx,Oracle,0.01,0.294,complements
Cybersecurity,ETL,0.01,0.346,complements
Git,MLflow,0.01,0.545,complements
Active Directory,Ruby,0.01,0.29,complements
C,VMware,0.01,0.325,complements
MuleSoft,System Design,0.01,0.248,complements
A/B Testing,GCP,0.01,0.109,complements
.NET,Cassandra,0.01,0.04,complements
Deep Learning,GitLab,0.01,0.025,complements
Figma,JSON,0.01,0.31,complements
Angular,Databricks,0.01,0.087,complements
GitLab,Salesforce,0.01,0.27,complements
Rust,Spark,0.01,0.225,complements
Data Governance,ServiceNow,0.01,0.252,complements
Informatica,Kubernetes,0.01,0.327,complements
TensorFlow,Terraform,0.01,0.118,complements
BigQuery,HTML,0.01,0.089,complements
C,CSS,0.01,0.383,complements
Linear,System Design,0.01,0.457,complements
Git,Statistical Analysis,0.01,0.158,complements
Data Visualization,PowerShell,0.01,0.157,complements
Kubernetes,SOC 2,0.01,0.131,complements
A/B Testing,Software Architecture,0.01,0.24,complements
Kanban,LLMs / GenAI,0.01,0.177,complements
Databricks,Go,0.01,0.229,complements
C,Risk Management,0.01,0.002,complements
Azure,MCP,0.01,0.211,complements
BigQuery,Unix,0.01,0.091,complements
Kanban,Looker,0.01,0.321,complements
AWS Security,Go,0.01,0.134,complements
MATLAB,Rust,0.01,0.379,complements
Airflow,JavaScript,0.01,0.234,complements
Google Analytics,Oracle,0.009,0.173,complements
Jenkins,TensorFlow,0.009,0.112,complements
Figma,NLP,0.009,0.181,complements
C,SAS,0.009,0.241,complements
Stakeholder Mgmt,Unit Testing,0.009,0.104,complements
C++,Figma,0.009,0.29,complements
Prototyping,Spark,0.009,-0.09,complements
Big Data,Incident Response,0.009,0.159,complements
Grafana,Statistical Analysis,0.009,0.355,complements
Java,NetSuite,0.009,0.368,complements
Fine-tuning,SQL,0.009,0.153,complements
Cassandra,NumPy,0.009,0.102,complements
Django,Salesforce,0.009,0.226,complements
NLP,Rust,0.009,0.1,complements
Airflow,SAS,0.009,0.264,complements
GCP,SSIS,0.009,0.129,complements
NLP,Oracle,0.009,0.117,complements
Data Warehousing,Ruby,0.009,0.186,complements
Informatica,jQuery,0.009,0.125,complements
PyTorch,System Design,0.009,0.15,complements
Prototyping,XML,0.009,0.141,complements
Cassandra,PowerShell,0.009,-0.046,complements
Cybersecurity,PHP,0.009,0.185,complements
Ruby,TensorFlow,0.009,0.162,complements
Docker,Looker,0.009,0.148,complements
Cybersecurity,Node.js,0.009,0.211,complements
Jenkins,SIEM,0.009,0.208,complements
Hadoop,Prototyping,0.009,-0.045,complements
Jira,Workday,0.009,0.219,complements
PyTorch,REST API,0.009,0.043,complements
Bash,GraphQL,0.009,0.333,complements
Informatica,PowerShell,0.009,0.186,complements
Airflow,Spring Boot,0.009,0.309,complements
MLflow,Terraform,0.009,0.218,complements
R,React,0.009,0.249,complements
Java,Workday,0.009,0.237,complements
Data Visualization,Next.js,0.009,0.235,complements
AWS,scikit-learn,0.009,0.117,complements
Tableau,jQuery,0.009,0.327,complements
PHP,Splunk,0.009,0.315,complements
Databricks,GitLab,0.009,0.253,complements
Big Data,Prototyping,0.009,0.043,complements
Cassandra,VMware,0.009,0.265,complements
Confluence,Informatica,0.009,0.351,complements
Distributed Systems,VMware,0.009,0.502,complements
PostgreSQL,Statistical Analysis,0.009,0.169,complements
Ansible,Databricks,0.009,0.135,complements
Prototyping,Redis,0.009,0.105,complements
Looker,Terraform,0.009,0.311,complements
HTML,LLMs / GenAI,0.009,0.294,complements
SSIS,Unix,0.009,0.149,complements
SAP,System Design,0.009,0.291,complements
Airflow,Spring,0.009,0.149,complements
Microservices,R,0.009,0.129,complements
Google Analytics,Node.js,0.009,0.283,complements
CSS,Risk Management,0.009,0.108,complements
Docker,SAS,0.009,0.108,complements
C,Data Modeling,0.009,0.161,complements
REST API,SAS,0.009,0.036,complements
Data Warehousing,GitLab,0.009,0.287,complements
Excel,jQuery,0.009,0.19,complements
Looker,REST API,0.009,0.206,complements
Prototyping,Ruby,0.009,0.089,complements
MATLAB,PHP,0.009,0.395,complements
Deep Learning,Snowflake,0.009,0.122,complements
Kotlin,Windows,0.009,0.489,complements
Data Visualization,GitLab,0.009,0.09,complements
Power BI,Prototyping,0.009,0.115,complements
Airflow,Excel,0.009,0.285,complements
Deep Learning,ETL,0.009,0.249,complements
C,Incident Response,0.009,0.019,complements
C++,OWASP,0.009,0.195,complements
Data Modeling,Prometheus,0.009,0.213,complements
Cybersecurity,MongoDB,0.009,0.127,complements
NoSQL,Stakeholder Mgmt,0.009,0.094,complements
PostgreSQL,ServiceNow,0.009,0.172,complements
A/B Testing,DevOps,0.009,0.232,complements
C,Data Visualization,0.009,0.123,complements
Salesforce,Splunk,0.009,0.244,complements
Airflow,System Design,0.009,0.303,complements
R,Terraform,0.009,0.263,complements
Ansible,Scala,0.009,0.301,complements
Ansible,GraphQL,0.009,0.266,complements
SIEM,ServiceNow,0.009,0.312,complements
Distributed Systems,Tableau,0.009,0.268,complements
Python,Segment,0.009,0.461,complements
Data Warehousing,Prototyping,0.009,0.081,complements
MATLAB,MySQL,0.009,0.137,complements
MySQL,PyTorch,0.009,0.321,complements
GitHub,SAS,0.009,0.148,complements
MySQL,Rust,0.009,0.239,complements
Alteryx,GCP,0.009,0.194,complements
NoSQL,User Research,0.009,0.091,complements
Oracle,TensorFlow,0.009,0.13,complements
Distributed Systems,Jupyter,0.009,0.375,complements
Azure,scikit-learn,0.009,0.117,complements
MySQL,Workday,0.009,0.143,complements
Node.js,Penetration Testing,0.009,0.259,complements
Helm,Unit Testing,0.009,0.061,complements
R,Ruby,0.009,0.357,complements
GitLab,TensorFlow,0.009,0.131,complements
CSS,Penetration Testing,0.009,0.094,complements
PostgreSQL,SAP,0.009,0.154,complements
R,System Design,0.009,0.192,complements
JavaScript,SOC 2,0.009,0.164,complements
Git,Stakeholder Mgmt,0.009,0.151,complements
Agile / Scrum,Vector Databases,0.009,-0.018,complements
C++,Incident Response,0.009,0.071,complements
Data Modeling,Ruby,0.009,0.277,complements
PowerShell,SAP,0.009,0.234,complements
Cassandra,Prototyping,0.009,-0.019,complements
AWS,User Research,0.009,0.092,complements
GitLab,SSIS,0.009,0.263,complements
Data Modeling,Dynamics 365,0.009,0.352,complements
Alteryx,DevOps,0.009,0.311,complements
Data Analysis,Kotlin,0.009,0.111,complements
Active Directory,Angular,0.009,0.144,complements
Bash,Salesforce,0.009,0.202,complements
JavaScript,PyTorch,0.009,0.156,complements
React,SageMaker,0.009,0.215,complements
Databricks,Windows,0.009,0.245,complements
Excel,JSON,0.009,0.301,complements
Incident Response,Jira,0.009,0.366,complements
Cybersecurity,Rust,0.009,0.269,complements
Cybersecurity,Prototyping,0.009,0.088,complements
Active Directory,Microservices,0.009,0.434,complements
A/B Testing,Deep Learning,0.009,0.049,complements
SAP,ServiceNow,0.009,0.421,complements
CISSP,Ruby,0.009,0.159,complements
A/B Testing,Jenkins,0.009,0.059,complements
SIEM,SQL,0.009,0.191,complements
DevOps,User Research,0.009,0.276,complements
ETL,ServiceNow,0.009,0.218,complements
ServiceNow,System Design,0.009,0.296,complements
Data Pipeline,SAP,0.009,0.254,complements
Agile / Scrum,XGBoost,0.009,-0.074,complements
Data Pipeline,SAS,0.009,0.246,complements
Dynamics 365,Python,0.009,0.401,complements
Snowflake,Software Architecture,0.009,0.104,complements
Cybersecurity,Segment,0.009,0.253,complements
Kafka,SAS,0.009,0.187,complements
PostgreSQL,SAS,0.009,0.302,complements
Big Data,Datadog,0.009,0.139,complements
Data Pipeline,Spring Boot,0.009,0.196,complements
Node.js,Pandas,0.009,0.048,complements
CSS,NumPy,0.009,0.126,complements
Next.js,NoSQL,0.009,0.125,complements
Microservices,NumPy,0.009,0.053,complements
Databricks,Redis,0.009,0.332,complements
Angular,Dynamics 365,0.009,0.299,complements
Pandas,Ruby,0.009,0.228,complements
Linear,Unix,0.009,0.23,complements
Unit Testing,Workday,0.009,0.041,complements
Kubernetes,SAP,0.009,0.28,complements
Django,Scala,0.009,0.342,complements
Jupyter,Node.js,0.009,0.387,complements
SOC 2,SQL,0.009,0.263,complements
R,Workday,0.009,0.14,complements
NumPy,Windows,0.009,0.166,complements
Docker,SIEM,0.009,0.143,complements
Bash,LLMs / GenAI,0.009,0.248,complements
Hive,SSIS,0.009,0.389,complements
Penetration Testing,Rust,0.009,0.344,complements
PHP,SAP,0.008,0.253,complements
Scala,Vue,0.008,0.271,complements
MySQL,dbt,0.008,0.407,complements
DynamoDB,ServiceNow,0.008,0.254,complements
NLP,Windows,0.008,0.094,complements
Ansible,Data Warehousing,0.008,0.225,complements
Elasticsearch,Statistical Analysis,0.008,0.119,complements
CI/CD,Zero Trust,0.008,0.192,complements
MongoDB,Penetration Testing,0.008,-0.003,complements
Scala,Swift,0.008,0.488,complements
Data Warehousing,Dynamics 365,0.008,0.241,complements
Hadoop,VMware,0.008,0.296,complements
Rust,Spring Boot,0.008,0.272,complements
Deep Learning,Unit Testing,0.008,0.081,complements
Deep Learning,JavaScript,0.008,0.086,complements
Penetration Testing,SAP,0.008,0.043,complements
Microservices,VMware,0.008,0.418,complements
Go,Redshift,0.008,0.303,complements
Data Governance,Unit Testing,0.008,0.228,complements
Data Warehousing,TypeScript,0.008,0.069,complements
Ruby,SAP,0.008,0.249,complements
Data Visualization,ServiceNow,0.008,0.095,complements
Risk Management,XML,0.008,0.096,complements
Salesforce,TypeScript,0.008,0.088,complements
HTML,Penetration Testing,0.008,0.076,complements
Linear,PostgreSQL,0.008,0.175,complements
Data Analysis,Prometheus,0.008,0.224,complements
C++,Firewalls,0.008,0.13,complements
Firewalls,PostgreSQL,0.008,0.153,complements
Microservices,PyTorch,0.008,0.1,complements
C#,SageMaker,0.008,0.325,complements
Distributed Systems,R,0.008,0.291,complements
DevOps,NetSuite,0.008,0.26,complements
Agile / Scrum,Dagster,0.008,0.209,complements
Node.js,TensorFlow,0.008,0.088,complements
Excel,Git,0.008,0.302,complements
A/B Testing,TensorFlow,0.008,0.009,complements
Kafka,Risk Management,0.008,-0.071,complements
GraphQL,Prototyping,0.008,0.106,complements
R,Rust,0.008,0.462,complements
JSON,Redshift,0.008,0.239,complements
GitHub,User Research,0.008,0.103,complements
Airflow,React,0.008,0.048,complements
Firewalls,System Design,0.008,0.058,complements
Ansible,Data Governance,0.008,0.187,complements
Jira,Statistical Analysis,0.008,0.165,complements
PyTorch,Unit Testing,0.008,0.03,complements
C,NumPy,0.008,0.257,complements
Java,XGBoost,0.008,0.109,complements
GitLab,Risk Management,0.008,-0.047,complements
Incident Response,PostgreSQL,0.008,0.12,complements
Big Data,CISSP,0.008,0.109,complements
GraphQL,Windows,0.008,0.331,complements
React,Risk Management,0.008,0.008,complements
Pandas,Windows,0.008,0.084,complements
Alteryx,Jira,0.008,0.31,complements
DynamoDB,PowerShell,0.008,0.124,complements
C++,User Research,0.008,0.145,complements
C#,Deep Learning,0.008,0.117,complements
ETL,Node.js,0.008,0.173,complements
Hive,SAP,0.008,0.132,complements
PowerShell,Stakeholder Mgmt,0.008,0.113,complements
Ansible,Salesforce,0.008,0.252,complements
C,PowerShell,0.008,0.287,complements
C#,Next.js,0.008,0.283,complements
Jupyter,Oracle,0.008,0.159,complements
Penetration Testing,React,0.008,0.076,complements
A/B Testing,Docker,0.008,0.164,complements
Azure,User Research,0.008,0.092,complements
C#,Hive,0.008,0.196,complements
ClickHouse,Data Analysis,0.008,0.396,complements
AWS Security,DevOps,0.008,0.144,complements
Active Directory,Grafana,0.008,0.273,complements
Go,Stakeholder Mgmt,0.008,0.056,complements
MySQL,Risk Management,0.008,0.081,complements
NumPy,Scala,0.008,0.261,complements
AWS,Alteryx,0.008,0.194,complements
Firewalls,REST API,0.008,0.227,complements
Data Governance,LLMs / GenAI,0.008,0.052,complements
GitLab,LLMs / GenAI,0.008,0.084,complements
Firewalls,Stakeholder Mgmt,0.008,0.035,complements
.NET,Stakeholder Mgmt,0.008,0.126,complements
NoSQL,SAP,0.008,0.141,complements
.NET,Data Governance,0.008,0.073,complements
Jira,SIEM,0.008,0.414,complements
Go,SIEM,0.008,0.31,complements
Linux,SSIS,0.008,0.249,complements
JSON,PyTorch,0.008,0.161,complements
LLMs / GenAI,MySQL,0.008,0.181,complements
Agile / Scrum,Zero Trust,0.008,0.091,complements
Bash,R,0.008,0.324,complements
Prometheus,Snowflake,0.008,0.367,complements
GitHub,Stakeholder Mgmt,0.008,0.212,complements
Kafka,Salesforce,0.008,0.263,complements
Distributed Systems,Stakeholder Mgmt,0.008,0.23,complements
Figma,Tableau,0.008,0.38,complements
Rust,Spring,0.008,0.286,complements
PHP,Penetration Testing,0.008,0.186,complements
C#,LLMs / GenAI,0.008,0.257,complements
A/B Testing,Git,0.008,0.211,complements
Data Pipeline,ServiceNow,0.008,0.362,complements
Prototyping,Spring Boot,0.008,0.223,complements
GitHub,Penetration Testing,0.008,0.03,complements
Statistical Analysis,XML,0.008,0.243,complements
Power BI,Redis,0.008,0.253,complements
Figma,MySQL,0.008,0.178,complements
Excel,NLP,0.008,0.096,complements
Hadoop,Salesforce,0.008,0.279,complements
Docker,Statistical Analysis,0.008,-0.031,complements
ETL,Go,0.008,0.316,complements
Data Analysis,jQuery,0.008,0.058,complements
CSS,LLMs / GenAI,0.008,0.299,complements
Firewalls,Salesforce,0.008,0.134,complements
VMware,jQuery,0.008,0.159,complements
NumPy,System Design,0.008,0.133,complements
GraphQL,NLP,0.008,0.212,complements
Elasticsearch,MATLAB,0.008,0.205,complements
Active Directory,SSIS,0.008,0.127,complements
C,Hive,0.008,0.178,complements
JSON,SAS,0.008,0.232,complements
.NET,NLP,0.008,0.14,complements
PowerShell,Redshift,0.008,0.181,complements
NumPy,React,0.008,0.196,complements
AWS Security,Java,0.008,0.135,complements
Pandas,Software Architecture,0.008,0.12,complements
Cybersecurity,Deep Learning,0.008,0.079,complements
Data Pipeline,Prototyping,0.008,0.009,complements
Data Visualization,Dynamics 365,0.008,0.231,complements
Angular,Linear,0.008,0.063,complements
Pandas,XML,0.008,0.303,complements
Hadoop,jQuery,0.008,0.03,complements
PowerShell,TypeScript,0.008,0.199,complements
Kubernetes,MuleSoft,0.008,0.378,complements
PyTorch,Ruby,0.008,0.162,complements
Figma,Salesforce,0.008,0.206,complements
Data Analysis,Next.js,0.008,0.009,complements
JavaScript,dbt,0.008,0.125,complements
Firewalls,PHP,0.008,0.115,complements
Data Pipeline,Windows,0.008,0.263,complements
Bash,Pandas,0.008,0.224,complements
A/B Testing,C#,0.008,0.115,complements
Snowflake,jQuery,0.008,0.066,complements
NLP,Ruby,0.008,0.142,complements
Deep Learning,Go,0.008,0.041,complements
Linux,Salesforce,0.008,0.231,complements
Active Directory,SAP,0.008,0.268,complements
A/B Testing,Distributed Systems,0.008,0.284,complements
C#,Workday,0.008,0.196,complements
Kotlin,Unix,0.008,0.354,complements
Ansible,Pandas,0.008,0.131,complements
Airflow,JSON,0.008,0.314,complements
Figma,Statistical Analysis,0.008,0.165,complements
BigQuery,C#,0.008,0.138,complements
Penetration Testing,Ruby,0.008,0.111,complements
.NET,Databricks,0.008,0.136,complements
Big Data,jQuery,0.008,0.002,complements
.NET,Hive,0.008,0.124,complements
GitHub,Risk Management,0.008,0.02,complements
Incident Response,Rust,0.008,0.15,complements
PHP,Snowflake,0.008,0.187,complements
MongoDB,Statistical Analysis,0.008,0.072,complements
NoSQL,VMware,0.008,0.137,complements
Redshift,TensorFlow,0.008,0.073,complements
Airflow,Prototyping,0.008,0.028,complements
R,Redis,0.008,0.223,complements
Redshift,Stakeholder Mgmt,0.008,-0.007,complements
Incident Response,PHP,0.008,0.057,complements
Node.js,Power BI,0.008,0.138,complements
User Research,jQuery,0.008,0.197,complements
Django,Unix,0.008,0.22,complements
Go,Zero Trust,0.007,0.274,complements
GCP,MuleSoft,0.007,0.356,complements
GraphQL,Hive,0.007,0.375,complements
BigQuery,Unit Testing,0.007,0.049,complements
C#,CISSP,0.007,0.246,complements
Linux,Stakeholder Mgmt,0.007,0.142,complements
Cassandra,Stakeholder Mgmt,0.007,0.085,complements
Jenkins,User Research,0.007,0.073,complements
GitLab,SAP,0.007,0.137,complements
Jira,Zero Trust,0.007,0.189,complements
SSIS,Stakeholder Mgmt,0.007,0.039,complements
MySQL,SAP,0.007,0.154,complements
Spark,Swift,0.007,0.141,complements
Firewalls,Redis,0.007,0.267,complements
MuleSoft,TypeScript,0.007,0.179,complements
C#,Incident Response,0.007,0.072,complements
Excel,PostgreSQL,0.007,0.28,complements
Angular,Workday,0.007,0.177,complements
PostgreSQL,Risk Management,0.007,0.081,complements
Kafka,VMware,0.007,0.299,complements
Data Governance,HTML,0.007,0.106,complements
HTML,MATLAB,0.007,0.219,complements
Data Visualization,Prometheus,0.007,0.305,complements
Data Pipeline,Spring,0.007,0.163,complements
C#,Pandas,0.007,0.19,complements
Excel,GCP,0.007,0.167,complements
CI/CD,Workday,0.007,0.146,complements
GitHub,SIEM,0.007,0.155,complements
Active Directory,NoSQL,0.007,0.221,complements
Cybersecurity,TensorFlow,0.007,0.058,complements
Statistical Analysis,Windows,0.007,0.117,complements
Cybersecurity,JSON,0.007,0.231,complements
Big Data,SAP,0.007,0.203,complements
CSS,Prometheus,0.007,0.102,complements
Swift,Terraform,0.007,0.316,complements
JavaScript,SIEM,0.007,0.378,complements
Airflow,Windows,0.007,0.165,complements
Angular,Jupyter,0.007,0.307,complements
LLMs / GenAI,Stakeholder Mgmt,0.007,0.112,complements
JavaScript,Linear,0.007,0.261,complements
Cybersecurity,PyTorch,0.007,0.058,complements
Data Governance,React,0.007,-0.01,complements
Google Analytics,TypeScript,0.007,0.217,complements
Grafana,Snowflake,0.007,0.399,complements
ETL,Grafana,0.007,0.229,complements
Deep Learning,REST API,0.007,0.032,complements
Angular,Stakeholder Mgmt,0.007,-0.005,complements
Jenkins,Stakeholder Mgmt,0.007,0.1,complements
Risk Management,Snowflake,0.007,0.128,complements
Big Data,VMware,0.007,0.304,complements
NLP,Redis,0.007,0.038,complements
Data Analysis,Spring Boot,0.007,0.063,complements
Data Modeling,Rust,0.007,0.219,complements
Flink,Windows,0.007,0.243,complements
Go,R,0.007,0.448,complements
SAP,Terraform,0.007,0.195,complements
A/B Testing,Microservices,0.007,0.161,complements
NumPy,TypeScript,0.007,0.173,complements
HTML,Prometheus,0.007,0.112,complements
Ansible,Informatica,0.007,0.335,complements
Prompt Engineering,SQL,0.007,0.222,complements
FastAPI,Java,0.007,0.321,complements
Hadoop,PowerShell,0.007,0.192,complements
Deep Learning,DynamoDB,0.007,0.058,complements
ArgoCD,SQL,0.007,-0.007,complements
JSON,NLP,0.007,0.206,complements
Kotlin,Oracle,0.007,0.212,complements
Go,Looker,0.007,0.323,complements
Bash,Power BI,0.007,0.266,complements
Cybersecurity,Statistical Analysis,0.007,0.227,complements
CISSP,PostgreSQL,0.007,0.169,complements
Git,Workday,0.007,0.202,complements
Data Governance,GraphQL,0.007,0.136,complements
Bash,NLP,0.007,0.141,complements
DynamoDB,Power BI,0.007,0.311,complements
Kubernetes,SAS,0.007,0.088,complements
SAP,jQuery,0.007,0.007,complements
Active Directory,C++,0.007,0.198,complements
Kafka,Stakeholder Mgmt,0.007,0.104,complements
Software Architecture,Tableau,0.007,0.227,complements
GCP,jQuery,0.007,0.13,complements
C,Tableau,0.007,0.186,complements
Cassandra,SAP,0.007,0.054,complements
Docker,Stakeholder Mgmt,0.007,0.048,complements
HTML,NLP,0.007,0.275,complements
Grafana,Risk Management,0.007,0.171,complements
Hadoop,Penetration Testing,0.007,-0.016,complements
Dynamics 365,Windows,0.007,0.33,complements
PHP,VMware,0.007,0.371,complements
GCP,User Research,0.007,0.092,complements
Linear,Unit Testing,0.007,0.291,complements
Kanban,Statistical Analysis,0.007,0.208,complements
Incident Response,Machine Learning,0.007,0.193,complements
Incident Response,Segment,0.007,0.206,complements
Grafana,Software Architecture,0.007,0.207,complements
Data Warehousing,Grafana,0.007,0.477,complements
Go,Penetration Testing,0.007,0.194,complements
CISSP,Machine Learning,0.007,0.117,complements
Ansible,Prototyping,0.007,0.081,complements
CISSP,Oracle,0.007,0.262,complements
Bash,Kotlin,0.007,0.473,complements
Confluence,Incident Response,0.007,0.153,complements
Deep Learning,Terraform,0.007,0.117,complements
Redis,VMware,0.007,0.244,complements
Big Data,Salesforce,0.007,0.272,complements
Data Governance,Incident Response,0.007,0.308,complements
Distributed Systems,MATLAB,0.007,0.301,complements
NLP,Splunk,0.007,0.262,complements
Ansible,Power BI,0.007,0.326,complements
Stakeholder Mgmt,Terraform,0.007,0.141,complements
Oracle,Rust,0.007,0.229,complements
Kanban,Penetration Testing,0.007,0.132,complements
Docker,Zero Trust,0.007,0.16,complements
C,Kotlin,0.007,0.624,complements
C,CISSP,0.007,0.214,complements
C,Excel,0.007,0.273,complements
Angular,LLMs / GenAI,0.007,0.116,complements
Java,Zero Trust,0.007,0.286,complements
Spark,jQuery,0.007,0.098,complements
ETL,Prototyping,0.007,0.103,complements
ArgoCD,Data Analysis,0.007,0.078,complements
Power BI,TypeScript,0.007,0.143,complements
C#,NumPy,0.007,0.172,complements
Confluence,Penetration Testing,0.007,0.109,complements
Alteryx,CI/CD,0.007,0.211,complements
Machine Learning,VMware,0.007,0.017,complements
CSS,NLP,0.007,0.228,complements
Excel,GitLab,0.007,0.196,complements
Data Warehousing,Splunk,0.007,0.346,complements
MATLAB,Scala,0.007,0.468,complements
ETL,LLMs / GenAI,0.007,0.226,complements
GitLab,Penetration Testing,0.007,-0.033,complements
Data Visualization,Vue,0.007,0.269,complements
Confluence,Segment,0.007,0.378,complements
NLP,Spring Boot,0.007,0.147,complements
Cybersecurity,Workday,0.007,0.141,complements
Linux,MuleSoft,0.007,0.374,complements
Oracle,Swift,0.007,0.121,complements
GitLab,NLP,0.007,-0.033,complements
Scala,XML,0.007,0.452,complements
Kafka,ServiceNow,0.007,0.351,complements
Jupyter,React,0.007,0.388,complements
Redshift,Salesforce,0.007,0.371,complements
Pandas,System Design,0.007,0.067,complements
Jupyter,REST API,0.007,0.313,complements
Linear,Windows,0.007,0.194,complements
Prometheus,Risk Management,0.007,0.087,complements
ServiceNow,Snowflake,0.007,0.276,complements
GraphQL,Salesforce,0.007,0.243,complements
A/B Testing,C++,0.007,0.163,complements
Cassandra,Statistical Analysis,0.007,0.028,complements
CSS,Looker,0.007,0.235,complements
Go,Linear,0.007,0.33,complements
Data Analysis,Vue,0.007,0.104,complements
A/B Testing,XML,0.007,0.146,complements
Ansible,Jupyter,0.007,0.307,complements
Pandas,Splunk,0.007,0.327,complements
Jenkins,dbt,0.007,0.353,complements
Django,System Design,0.007,0.225,complements
JSON,LLMs / GenAI,0.007,0.206,complements
Cybersecurity,SageMaker,0.007,0.136,complements
Cybersecurity,TypeScript,0.007,0.038,complements
Grafana,System Design,0.007,0.246,complements
Distributed Systems,NumPy,0.007,0.208,complements
Agile / Scrum,LangChain,0.007,0.193,complements
MuleSoft,Risk Management,0.007,0.001,complements
Figma,PostgreSQL,0.006,0.178,complements
AWS Security,Kubernetes,0.006,0.232,complements
A/B Testing,GitHub,0.006,0.084,complements
Kubernetes,Stakeholder Mgmt,0.006,0.134,complements
Cybersecurity,Distributed Systems,0.006,0.261,complements
Datadog,Tableau,0.006,0.231,complements
Datadog,Power BI,0.006,0.294,complements
Active Directory,Elasticsearch,0.006,0.275,complements
Firewalls,Hadoop,0.006,0.079,complements
Deep Learning,MySQL,0.006,0.145,complements
Penetration Testing,TensorFlow,0.006,0.012,complements
C++,Informatica,0.006,0.266,complements
C++,Looker,0.006,0.263,complements
Hadoop,TypeScript,0.006,0.099,complements
Active Directory,Tableau,0.006,0.253,complements
R,Unit Testing,0.006,0.216,complements
Linear,Node.js,0.006,0.125,complements
Data Analysis,OWASP,0.006,0.156,complements
Distributed Systems,Salesforce,0.006,0.243,complements
Microservices,SAS,0.006,0.072,complements
Data Analysis,Helm,0.006,0.123,complements
Ansible,SAP,0.006,0.248,complements
CISSP,JSON,0.006,0.144,complements
.NET,Data Pipeline,0.006,0.185,complements
JSON,Stakeholder Mgmt,0.006,0.145,complements
Figma,Microservices,0.006,0.225,complements
Node.js,ServiceNow,0.006,0.179,complements
MongoDB,SAP,0.006,0.094,complements
Ansible,Data Visualization,0.006,0.202,complements
Node.js,VMware,0.006,0.368,complements
Active Directory,Unit Testing,0.006,0.123,complements
Ansible,Excel,0.006,0.168,complements
Angular,VMware,0.006,0.21,complements
CISSP,Go,0.006,0.229,complements
Power BI,Software Architecture,0.006,0.299,complements
CSS,TensorFlow,0.006,0.149,complements
Databricks,HTML,0.006,0.079,complements
Windows,Workday,0.006,0.3,complements
PowerShell,Redis,0.006,0.109,complements
Scala,Windows,0.006,0.549,complements
Node.js,PyTorch,0.006,0.088,complements
Cybersecurity,Jupyter,0.006,0.014,complements
GraphQL,jQuery,0.006,0.288,complements
Data Governance,Penetration Testing,0.006,0.137,complements
Go,XML,0.006,0.495,complements
C,Spring,0.006,0.364,complements
Elasticsearch,Risk Management,0.006,-0.012,complements
Incident Response,Stakeholder Mgmt,0.006,0.142,complements
Databricks,Risk Management,0.006,-0.005,complements
Data Warehousing,Kotlin,0.006,0.093,complements
Flask,Windows,0.006,0.233,complements
Firewalls,MongoDB,0.006,0.111,complements
Redshift,TypeScript,0.006,0.106,complements
Spring,Stakeholder Mgmt,0.006,0.163,complements
Cybersecurity,Django,0.006,0.101,complements
Bash,Statistical Analysis,0.006,0.131,complements
Data Governance,Splunk,0.006,0.171,complements
Ansible,Swift,0.006,0.252,complements
ServiceNow,Software Architecture,0.006,0.259,complements
C#,Looker,0.006,0.232,complements
C,Statistical Analysis,0.006,0.016,complements
.NET,VMware,0.006,0.218,complements
Angular,CISSP,0.006,0.068,complements
Cybersecurity,Data Pipeline,0.006,0.175,complements
CISSP,Data Visualization,0.006,0.042,complements
Helm,NoSQL,0.006,0.127,complements
Jira,Linear,0.006,0.876,substitutes
Deep Learning,React,0.006,0.126,complements
Airflow,Kanban,0.006,0.541,complements
Prototyping,Terraform,0.006,0.08,complements
Incident Response,Spark,0.006,0.089,complements
Excel,Incident Response,0.006,0.144,complements
User Research,Windows,0.006,0.279,complements
Deep Learning,Node.js,0.006,0.061,complements
CISSP,Salesforce,0.006,0.216,complements
Data Warehousing,Prometheus,0.006,0.414,complements
Azure,Segment,0.006,0.369,complements
Segment,Windows,0.006,0.373,complements
Splunk,jQuery,0.006,0.171,complements
C++,dbt,0.006,0.186,complements
Data Pipeline,XML,0.006,0.417,complements
JavaScript,Workday,0.006,0.243,complements
Kafka,Penetration Testing,0.006,-0.02,complements
C,Firewalls,0.006,0.139,complements
Databricks,Incident Response,0.006,0.049,complements
C,MongoDB,0.006,0.243,complements
Cybersecurity,SSIS,0.006,0.103,complements
Firewalls,Spring,0.006,0.135,complements
CI/CD,Statistical Analysis,0.006,0.139,complements
Kubernetes,Statistical Analysis,0.006,-0.055,complements
Ansible,NumPy,0.006,0.132,complements
Swift,System Design,0.006,0.321,complements
Linux,Next.js,0.006,0.276,complements
HTML,Statistical Analysis,0.006,0.135,complements
Figma,GitLab,0.006,0.208,complements
HTML,TensorFlow,0.006,0.177,complements
Excel,NoSQL,0.006,0.098,complements
Agile / Scrum,SIEM,0.006,0.089,complements
Distributed Systems,Power BI,0.006,0.265,complements
Incident Response,Kotlin,0.006,0.031,complements
Salesforce,Spring,0.006,0.2,complements
CISSP,PHP,0.006,0.2,complements
Airflow,PowerShell,0.006,0.248,complements
Incident Response,Power BI,0.006,0.278,complements
Power BI,Swift,0.006,0.155,complements
Databricks,Software Architecture,0.006,0.141,complements
Ansible,R,0.006,0.239,complements
Excel,MongoDB,0.006,0.173,complements
CSS,Data Pipeline,0.006,0.098,complements
Go,SAP,0.006,0.283,complements
PowerShell,Spring,0.006,0.191,complements
Big Data,Swift,0.006,0.153,complements
A/B Testing,Unit Testing,0.006,0.395,complements
Go,Risk Management,0.006,0.074,complements
ETL,TypeScript,0.006,0.119,complements
C++,Databricks,0.006,0.183,complements
HTML,Hive,0.006,0.135,complements
Angular,Pandas,0.006,0.073,complements
C,NLP,0.006,0.142,complements
TensorFlow,Unit Testing,0.006,0.03,complements
Oracle,SIEM,0.006,0.199,complements
ETL,Spring Boot,0.006,0.226,complements
Data Visualization,Spring Boot,0.006,0.172,complements
CSS,Data Governance,0.006,0.044,complements
Big Data,SIEM,0.006,0.147,complements
Redshift,Spring,0.006,0.172,complements
Confluence,SIEM,0.006,0.267,complements
Data Warehousing,PHP,0.006,0.158,complements
Excel,Figma,0.006,0.201,complements
CISSP,XML,0.006,0.088,complements
PHP,R,0.006,0.385,complements
PostgreSQL,Stakeholder Mgmt,0.006,0.014,complements
Big Data,Firewalls,0.006,0.072,complements
Incident Response,MySQL,0.006,0.12,complements
Hadoop,Stakeholder Mgmt,0.006,0.01,complements
Ansible,Redshift,0.006,0.266,complements
Kafka,PHP,0.006,0.233,complements
Jira,Segment,0.006,0.357,complements
Snowflake,Windows,0.006,0.166,complements
Microservices,dbt,0.006,0.249,complements
Ansible,Tableau,0.006,0.314,complements
CISSP,Elasticsearch,0.006,0.044,complements
HTML,Helm,0.006,0.139,complements
Azure,Firebase,0.006,0.477,complements
.NET,Figma,0.005,0.371,complements
GraphQL,R,0.005,0.194,complements
Salesforce,Spring Boot,0.005,0.299,complements
Kotlin,R,0.005,0.356,complements
PHP,Power BI,0.005,0.289,complements
Cybersecurity,Kotlin,0.005,0.12,complements
Active Directory,Data Pipeline,0.005,0.253,complements
Figma,XML,0.005,0.38,complements
Cybersecurity,Scala,0.005,0.196,complements
Databricks,Node.js,0.005,0.143,complements
DevOps,Google Analytics,0.005,0.109,complements
Data Visualization,jQuery,0.005,0.237,complements
Incident Response,NoSQL,0.005,0.084,complements
Hive,Stakeholder Mgmt,0.005,0.003,complements
Data Pipeline,HTML,0.005,0.142,complements
.NET,Firewalls,0.005,0.071,complements
Prototyping,Scala,0.005,0.042,complements
PHP,Tableau,0.005,0.318,complements
Risk Management,jQuery,0.005,0.058,complements
Node.js,R,0.005,0.214,complements
Unit Testing,VMware,0.005,0.133,complements
.NET,Risk Management,0.005,0.065,complements
Node.js,Tableau,0.005,0.204,complements
R,jQuery,0.005,0.223,complements
R,VMware,0.005,0.214,complements
TypeScript,User Research,0.005,0.151,complements
.NET,Redshift,0.005,0.128,complements
C++,ServiceNow,0.005,0.276,complements
Data Visualization,Kotlin,0.005,0.155,complements
Hadoop,Incident Response,0.005,0.056,complements
Dynamics 365,Java,0.005,0.413,complements
SQL,Segment,0.005,0.407,complements
Firewalls,NoSQL,0.005,0.069,complements
Penetration Testing,Unit Testing,0.005,0.304,complements
Kubernetes,SSIS,0.005,0.279,complements
Linux,Looker,0.005,0.333,complements
Data Visualization,Ruby,0.005,0.209,complements
Data Visualization,Swift,0.005,0.116,complements
Distributed Systems,ServiceNow,0.005,0.336,complements
Incident Response,Tableau,0.005,0.142,complements
CI/CD,User Research,0.005,0.295,complements
Data Modeling,Incident Response,0.005,0.193,complements
NoSQL,Penetration Testing,0.005,0.071,complements
Java,SIEM,0.005,0.291,complements
Figma,MongoDB,0.005,0.178,complements
C#,Figma,0.005,0.254,complements
Google Analytics,Linux,0.005,0.178,complements
CISSP,Data Warehousing,0.005,0.136,complements
Cybersecurity,Hive,0.005,0.093,complements
MySQL,Stakeholder Mgmt,0.005,0.014,complements
NLP,Spring,0.005,0.092,complements
Spring Boot,Tableau,0.005,0.276,complements
Deep Learning,Microservices,0.005,0.158,complements
CISSP,Tableau,0.005,0.134,complements
Data Analysis,Segment,0.005,0.317,complements
Risk Management,Ruby,0.005,0.069,complements
Prototyping,VMware,0.005,0.078,complements
Linux,User Research,0.005,0.142,complements
C++,Segment,0.005,0.242,complements
CISSP,React,0.005,0.081,complements
Docker,SSIS,0.005,0.249,complements
Excel,Unit Testing,0.005,0.283,complements
Penetration Testing,Spring,0.005,0.189,complements
Prototyping,ServiceNow,0.005,0.056,complements
Redshift,System Design,0.005,0.192,complements
Machine Learning,MuleSoft,0.005,0.064,complements
React,TensorFlow,0.005,0.269,complements
C#,Statistical Analysis,0.005,0.13,complements
Cassandra,Risk Management,0.005,-0.062,complements
Excel,GitHub,0.005,0.158,complements
Figma,Linux,0.005,0.207,complements
.NET,Snowflake,0.005,0.093,complements
Kafka,MATLAB,0.005,0.142,complements
TensorFlow,TypeScript,0.005,0.145,complements
Incident Response,Kanban,0.005,0.167,complements
Hadoop,PHP,0.005,0.19,complements
Angular,Informatica,0.005,0.194,complements
BigQuery,C++,0.005,0.234,complements
DynamoDB,Windows,0.005,0.248,complements
Active Directory,TypeScript,0.005,0.153,complements
Data Warehousing,ServiceNow,0.005,0.18,complements
Hive,Risk Management,0.005,-0.016,complements
GCP,Segment,0.005,0.369,complements
Go,Salesforce,0.005,0.235,complements
MongoDB,Risk Management,0.005,0.018,complements
Cybersecurity,Databricks,0.005,0.099,complements
Penetration Testing,Stakeholder Mgmt,0.005,0.098,complements
Docker,Workday,0.005,0.146,complements
MuleSoft,Windows,0.005,0.327,complements
NLP,XML,0.005,0.206,complements
Cybersecurity,Snowflake,0.005,0.112,complements
Data Visualization,Incident Response,0.005,0.074,complements
Tableau,User Research,0.005,0.237,complements
Active Directory,Machine Learning,0.005,0.096,complements
PHP,Spark,0.005,0.215,complements
Terraform,jQuery,0.005,0.215,complements
Penetration Testing,Tableau,0.005,0.07,complements
Penetration Testing,Power BI,0.005,0.079,complements
PHP,Risk Management,0.005,0.038,complements
Angular,Data Governance,0.005,-0.009,complements
CISSP,Snowflake,0.005,0.183,complements
Data Warehousing,jQuery,0.005,0.054,complements
Active Directory,ETL,0.005,0.199,complements
Angular,Statistical Analysis,0.005,0.108,complements
Active Directory,Data Governance,0.005,0.274,complements
NoSQL,ServiceNow,0.005,0.106,complements
Ruby,Snowflake,0.005,0.176,complements
Pandas,PowerShell,0.005,0.201,complements
Segment,Tableau,0.005,0.361,complements
ETL,PHP,0.005,0.263,complements
Angular,Penetration Testing,0.005,0.054,complements
Active Directory,React,0.005,0.225,complements
Microservices,SAP,0.005,0.215,complements
Active Directory,GitLab,0.005,0.3,complements
Distributed Systems,Firewalls,0.005,0.179,complements
MATLAB,REST API,0.005,0.174,complements
Linux,dbt,0.005,0.169,complements
GraphQL,Power BI,0.005,0.327,complements
SQL,Zero Trust,0.005,0.197,complements
MATLAB,MongoDB,0.005,0.14,complements
MATLAB,Stakeholder Mgmt,0.005,0.034,complements
CSS,Hive,0.005,0.14,complements
Oracle,PyTorch,0.005,0.13,complements
Prototyping,Redshift,0.005,-0.024,complements
Databricks,XML,0.005,0.245,complements
AWS,Segment,0.005,0.369,complements
CISSP,Spark,0.005,0.02,complements
Deep Learning,Risk Management,0.005,0.06,complements
Dynamics 365,Machine Learning,0.005,0.196,complements
GraphQL,Tableau,0.005,0.298,complements
Node.js,Risk Management,0.005,0.065,complements
Cybersecurity,Pandas,0.005,0.032,complements
Excel,Penetration Testing,0.005,0.136,complements
Firewalls,XML,0.005,0.142,complements
Incident Response,Salesforce,0.005,0.13,complements
Angular,Excel,0.004,0.229,complements
Cassandra,Cybersecurity,0.004,0.154,complements
Penetration Testing,PostgreSQL,0.004,0.068,complements
Power BI,VMware,0.004,0.109,complements
C++,SIEM,0.004,0.244,complements
PowerShell,Spring Boot,0.004,0.209,complements
ETL,Software Architecture,0.004,0.412,complements
Data Modeling,Kotlin,0.004,0.213,complements
Kotlin,Power BI,0.004,0.187,complements
Active Directory,C,0.004,0.209,complements
Angular,Deep Learning,0.004,0.04,complements
Big Data,ServiceNow,0.004,0.261,complements
Docker,User Research,0.004,0.047,complements
Excel,React,0.004,0.197,complements
C,Data Warehousing,0.004,0.125,complements
CISSP,Power BI,0.004,0.197,complements
Cybersecurity,Spring,0.004,0.164,complements
Distributed Systems,PowerShell,0.004,0.315,complements
Figma,Terraform,0.004,0.21,complements
Data Pipeline,MATLAB,0.004,0.24,complements
Active Directory,Go,0.004,0.347,complements
PowerShell,Software Architecture,0.004,0.248,complements
Figma,Risk Management,0.004,0.076,complements
REST API,Statistical Analysis,0.004,0.107,complements
CI/CD,SIEM,0.004,0.241,complements
Firewalls,Kafka,0.004,0.154,complements
HTML,SIEM,0.004,0.195,complements
Ansible,Stakeholder Mgmt,0.004,0.182,complements
Cybersecurity,Elasticsearch,0.004,0.105,complements
Hive,TypeScript,0.004,0.103,complements
Penetration Testing,Spark,0.004,-0.016,complements
ETL,MATLAB,0.004,0.189,complements
Active Directory,Stakeholder Mgmt,0.004,0.193,complements
Cassandra,Excel,0.004,0.125,complements
C#,SIEM,0.004,0.3,complements
React,VMware,0.004,0.188,complements
Microservices,SSIS,0.004,0.252,complements
Redshift,Windows,0.004,0.226,complements
Incident Response,REST API,0.004,-0.009,complements
R,TypeScript,0.004,0.361,complements
GraphQL,Risk Management,0.004,0.051,complements
Firewalls,Node.js,0.004,0.126,complements
CI/CD,Excel,0.004,0.246,complements
Informatica,React,0.004,0.23,complements
CISSP,Statistical Analysis,0.004,0.032,complements
HTML,Incident Response,0.004,0.021,complements
Active Directory,Distributed Systems,0.004,0.341,complements
Excel,Software Architecture,0.004,0.271,complements
Airflow,Cybersecurity,0.004,0.156,complements
Risk Management,TypeScript,0.004,-0.021,complements
Firewalls,Machine Learning,0.004,0.139,complements
Firewalls,HTML,0.004,0.135,complements
Angular,NLP,0.004,0.055,complements
Hadoop,ServiceNow,0.004,0.275,complements
Software Architecture,VMware,0.004,0.226,complements
Machine Learning,ServiceNow,0.004,0.178,complements
Figma,Go,0.004,0.344,complements
Active Directory,Data Modeling,0.004,0.229,complements
Active Directory,Spark,0.004,0.227,complements
Data Warehousing,MATLAB,0.004,0.149,complements
Active Directory,Hadoop,0.004,0.293,complements
Go,jQuery,0.004,0.259,complements
REST API,SIEM,0.004,0.198,complements
Deep Learning,Excel,0.004,0.086,complements
Cybersecurity,User Research,0.004,0.151,complements
Risk Management,User Research,0.004,0.338,complements
MongoDB,Stakeholder Mgmt,0.004,0.002,complements
React,Segment,0.004,0.318,complements
CSS,Databricks,0.004,0.031,complements
Cybersecurity,SAS,0.004,0.126,complements
Go,MATLAB,0.004,0.445,complements
A/B Testing,Linux,0.004,0.095,complements
Excel,Jenkins,0.004,0.168,complements
CISSP,Software Architecture,0.004,0.249,complements
Figma,Windows,0.004,0.276,complements
DevOps,Segment,0.004,0.26,complements
CSS,Statistical Analysis,0.004,0.148,complements
React,SAP,0.004,0.046,complements
Firewalls,JSON,0.004,0.144,complements
Databricks,TypeScript,0.004,0.107,complements
PowerShell,Salesforce,0.004,0.145,complements
Data Visualization,Penetration Testing,0.004,0.121,complements
Microservices,ServiceNow,0.004,0.343,complements
Go,User Research,0.004,0.138,complements
Spark,VMware,0.004,0.424,complements
CISSP,TypeScript,0.004,0.12,complements
CI/CD,Segment,0.004,0.196,complements
Hive,Windows,0.004,0.212,complements
Active Directory,Redshift,0.004,0.2,complements
Angular,TensorFlow,0.004,0.137,complements
Incident Response,Node.js,0.004,0.11,complements
CSS,Firewalls,0.004,0.124,complements
Active Directory,Big Data,0.004,0.23,complements
Agile / Scrum,Segment,0.004,0.15,complements
Incident Response,XML,0.004,0.077,complements
Active Directory,MongoDB,0.004,0.31,complements
Data Visualization,Spring,0.004,0.102,complements
Node.js,SAP,0.004,0.098,complements
Cybersecurity,Swift,0.004,0.165,complements
Angular,SAP,0.004,0.106,complements
Bash,Excel,0.003,0.232,complements
Machine Learning,SIEM,0.003,0.16,complements
Active Directory,Software Architecture,0.003,0.226,complements
MATLAB,Node.js,0.003,0.257,complements
C#,Firewalls,0.003,0.236,complements
Cybersecurity,Spring Boot,0.003,0.115,complements
Firewalls,React,0.003,0.121,complements
Active Directory,Snowflake,0.003,0.196,complements
Spring,Tableau,0.003,0.221,complements
Excel,Kafka,0.003,0.225,complements
Excel,Microservices,0.003,0.201,complements
Data Modeling,VMware,0.003,0.11,complements
Stakeholder Mgmt,TypeScript,0.003,-0.034,complements
LLMs / GenAI,Windows,0.003,0.176,complements
Power BI,Spring,0.003,0.214,complements
Cybersecurity,Figma,0.003,0.034,complements
Data Warehousing,Incident Response,0.003,0.304,complements
CISSP,Node.js,0.003,0.122,complements
React,Statistical Analysis,0.003,0.045,complements
MATLAB,React,0.003,0.213,complements
CSS,MATLAB,0.003,0.222,complements
Active Directory,Kafka,0.003,0.239,complements
Excel,Kubernetes,0.003,0.155,complements
Data Governance,TypeScript,0.003,-0.005,complements
PyTorch,React,0.003,0.269,complements
CSS,PyTorch,0.003,0.149,complements
TensorFlow,VMware,0.003,0.125,complements
Go,ServiceNow,0.003,0.357,complements
Active Directory,Data Visualization,0.003,0.185,complements
Java,Segment,0.003,0.408,complements
Kubernetes,User Research,0.003,0.03,complements
Spring,VMware,0.003,0.207,complements
Docker,Excel,0.003,0.146,complements
Incident Response,React,0.003,0.026,complements
Tableau,VMware,0.003,0.203,complements
CISSP,REST API,0.003,0.131,complements
Deep Learning,HTML,0.003,0.069,complements
.NET,CISSP,0.003,0.189,complements
CISSP,MySQL,0.003,0.169,complements
Node.js,Stakeholder Mgmt,0.003,0.032,complements
PowerShell,Scala,0.003,0.283,complements
Ansible,TensorFlow,0.003,0.066,complements
Ansible,PyTorch,0.003,0.066,complements
Excel,Scala,0.003,0.338,complements
MATLAB,TypeScript,0.003,0.314,complements
Incident Response,Unit Testing,0.003,0.309,complements
Airflow,HTML,0.003,0.056,complements
Deep Learning,TypeScript,0.003,0.057,complements
Excel,Spring,0.003,0.247,complements
TypeScript,VMware,0.002,0.12,complements
Firewalls,Unit Testing,0.002,0.099,complements
Active Directory,Data Warehousing,0.002,0.161,complements
